ERROR - 2025-12-11 00:30:24 --> mysqli_sql_exception: Unknown column 'courses.deleted_at' in 'where clause' in C:\xampp\htdocs\ITE311-MALILAY\system\Database\MySQLi\Connection.php:327
Stack trace:
#0 C:\xampp\htdocs\ITE311-MALILAY\system\Database\MySQLi\Connection.php(327): mysqli->query('SELECT *\nFROM `...', 0)
#1 C:\xampp\htdocs\ITE311-MALILAY\system\Database\BaseConnection.php(729): CodeIgniter\Database\MySQLi\Connection->execute('SELECT *\nFROM `...')
#2 C:\xampp\htdocs\ITE311-MALILAY\system\Database\BaseConnection.php(646): CodeIgniter\Database\BaseConnection->simpleQuery('SELECT *\nFROM `...')
#3 C:\xampp\htdocs\ITE311-MALILAY\system\Database\BaseBuilder.php(1649): CodeIgniter\Database\BaseConnection->query('SELECT *\nFROM `...', Array, false)
#4 C:\xampp\htdocs\ITE311-MALILAY\system\Model.php(286): CodeIgniter\Database\BaseBuilder->get()
#5 C:\xampp\htdocs\ITE311-MALILAY\system\BaseModel.php(677): CodeIgniter\Model->doFindAll(0, 0)
#6 C:\xampp\htdocs\ITE311-MALILAY\app\Libraries\CompletionService.php(56): CodeIgniter\BaseModel->findAll()
#7 C:\xampp\htdocs\ITE311-MALILAY\app\Controllers\Auth.php(169): App\Libraries\CompletionService->checkAndUpdateCompletions()
#8 C:\xampp\htdocs\ITE311-MALILAY\system\CodeIgniter.php(933): App\Controllers\Auth->dashboard()
#9 C:\xampp\htdocs\ITE311-MALILAY\system\CodeIgniter.php(507): CodeIgniter\CodeIgniter->runController(Object(App\Controllers\Auth))
#10 C:\xampp\htdocs\ITE311-MALILAY\system\CodeIgniter.php(354): CodeIgniter\CodeIgniter->handleRequest(NULL, Object(Config\Cache), false)
#11 C:\xampp\htdocs\ITE311-MALILAY\system\Boot.php(363): CodeIgniter\CodeIgniter->run()
#12 C:\xampp\htdocs\ITE311-MALILAY\system\Boot.php(68): CodeIgniter\Boot::runCodeIgniter(Object(CodeIgniter\CodeIgniter))
#13 C:\xampp\htdocs\ITE311-MALILAY\index.php(88): CodeIgniter\Boot::bootWeb(Object(Config\Paths))
#14 {main}
ERROR - 2025-12-11 00:30:24 --> Error checking completions: Unknown column 'courses.deleted_at' in 'where clause'
ERROR - 2025-12-11 00:30:27 --> mysqli_sql_exception: Unknown column 'courses.deleted_at' in 'where clause' in C:\xampp\htdocs\ITE311-MALILAY\system\Database\MySQLi\Connection.php:327
Stack trace:
#0 C:\xampp\htdocs\ITE311-MALILAY\system\Database\MySQLi\Connection.php(327): mysqli->query('SELECT *\nFROM `...', 0)
#1 C:\xampp\htdocs\ITE311-MALILAY\system\Database\BaseConnection.php(729): CodeIgniter\Database\MySQLi\Connection->execute('SELECT *\nFROM `...')
#2 C:\xampp\htdocs\ITE311-MALILAY\system\Database\BaseConnection.php(646): CodeIgniter\Database\BaseConnection->simpleQuery('SELECT *\nFROM `...')
#3 C:\xampp\htdocs\ITE311-MALILAY\system\Database\BaseBuilder.php(1649): CodeIgniter\Database\BaseConnection->query('SELECT *\nFROM `...', Array, false)
#4 C:\xampp\htdocs\ITE311-MALILAY\system\Model.php(286): CodeIgniter\Database\BaseBuilder->get()
#5 C:\xampp\htdocs\ITE311-MALILAY\system\BaseModel.php(677): CodeIgniter\Model->doFindAll(0, 0)
#6 C:\xampp\htdocs\ITE311-MALILAY\app\Libraries\CompletionService.php(56): CodeIgniter\BaseModel->findAll()
#7 C:\xampp\htdocs\ITE311-MALILAY\app\Controllers\Auth.php(169): App\Libraries\CompletionService->checkAndUpdateCompletions()
#8 C:\xampp\htdocs\ITE311-MALILAY\system\CodeIgniter.php(933): App\Controllers\Auth->dashboard()
#9 C:\xampp\htdocs\ITE311-MALILAY\system\CodeIgniter.php(507): CodeIgniter\CodeIgniter->runController(Object(App\Controllers\Auth))
#10 C:\xampp\htdocs\ITE311-MALILAY\system\CodeIgniter.php(354): CodeIgniter\CodeIgniter->handleRequest(NULL, Object(Config\Cache), false)
#11 C:\xampp\htdocs\ITE311-MALILAY\system\Boot.php(363): CodeIgniter\CodeIgniter->run()
#12 C:\xampp\htdocs\ITE311-MALILAY\system\Boot.php(68): CodeIgniter\Boot::runCodeIgniter(Object(CodeIgniter\CodeIgniter))
#13 C:\xampp\htdocs\ITE311-MALILAY\index.php(88): CodeIgniter\Boot::bootWeb(Object(Config\Paths))
#14 {main}
ERROR - 2025-12-11 00:30:27 --> Error checking completions: Unknown column 'courses.deleted_at' in 'where clause'
ERROR - 2025-12-11 00:30:28 --> mysqli_sql_exception: Unknown column 'courses.deleted_at' in 'where clause' in C:\xampp\htdocs\ITE311-MALILAY\system\Database\MySQLi\Connection.php:327
Stack trace:
#0 C:\xampp\htdocs\ITE311-MALILAY\system\Database\MySQLi\Connection.php(327): mysqli->query('SELECT *\nFROM `...', 0)
#1 C:\xampp\htdocs\ITE311-MALILAY\system\Database\BaseConnection.php(729): CodeIgniter\Database\MySQLi\Connection->execute('SELECT *\nFROM `...')
#2 C:\xampp\htdocs\ITE311-MALILAY\system\Database\BaseConnection.php(646): CodeIgniter\Database\BaseConnection->simpleQuery('SELECT *\nFROM `...')
#3 C:\xampp\htdocs\ITE311-MALILAY\system\Database\BaseBuilder.php(1649): CodeIgniter\Database\BaseConnection->query('SELECT *\nFROM `...', Array, false)
#4 C:\xampp\htdocs\ITE311-MALILAY\system\Model.php(286): CodeIgniter\Database\BaseBuilder->get()
#5 C:\xampp\htdocs\ITE311-MALILAY\system\BaseModel.php(677): CodeIgniter\Model->doFindAll(0, 0)
#6 C:\xampp\htdocs\ITE311-MALILAY\app\Libraries\CompletionService.php(56): CodeIgniter\BaseModel->findAll()
#7 C:\xampp\htdocs\ITE311-MALILAY\app\Controllers\Auth.php(169): App\Libraries\CompletionService->checkAndUpdateCompletions()
#8 C:\xampp\htdocs\ITE311-MALILAY\system\CodeIgniter.php(933): App\Controllers\Auth->dashboard()
#9 C:\xampp\htdocs\ITE311-MALILAY\system\CodeIgniter.php(507): CodeIgniter\CodeIgniter->runController(Object(App\Controllers\Auth))
#10 C:\xampp\htdocs\ITE311-MALILAY\system\CodeIgniter.php(354): CodeIgniter\CodeIgniter->handleRequest(NULL, Object(Config\Cache), false)
#11 C:\xampp\htdocs\ITE311-MALILAY\system\Boot.php(363): CodeIgniter\CodeIgniter->run()
#12 C:\xampp\htdocs\ITE311-MALILAY\system\Boot.php(68): CodeIgniter\Boot::runCodeIgniter(Object(CodeIgniter\CodeIgniter))
#13 C:\xampp\htdocs\ITE311-MALILAY\index.php(88): CodeIgniter\Boot::bootWeb(Object(Config\Paths))
#14 {main}
ERROR - 2025-12-11 00:30:28 --> Error checking completions: Unknown column 'courses.deleted_at' in 'where clause'
ERROR - 2025-12-11 00:30:28 --> mysqli_sql_exception: Unknown column 'courses.deleted_at' in 'where clause' in C:\xampp\htdocs\ITE311-MALILAY\system\Database\MySQLi\Connection.php:327
Stack trace:
#0 C:\xampp\htdocs\ITE311-MALILAY\system\Database\MySQLi\Connection.php(327): mysqli->query('SELECT *\nFROM `...', 0)
#1 C:\xampp\htdocs\ITE311-MALILAY\system\Database\BaseConnection.php(729): CodeIgniter\Database\MySQLi\Connection->execute('SELECT *\nFROM `...')
#2 C:\xampp\htdocs\ITE311-MALILAY\system\Database\BaseConnection.php(646): CodeIgniter\Database\BaseConnection->simpleQuery('SELECT *\nFROM `...')
#3 C:\xampp\htdocs\ITE311-MALILAY\system\Database\BaseBuilder.php(1649): CodeIgniter\Database\BaseConnection->query('SELECT *\nFROM `...', Array, false)
#4 C:\xampp\htdocs\ITE311-MALILAY\system\Model.php(286): CodeIgniter\Database\BaseBuilder->get()
#5 C:\xampp\htdocs\ITE311-MALILAY\system\BaseModel.php(677): CodeIgniter\Model->doFindAll(0, 0)
#6 C:\xampp\htdocs\ITE311-MALILAY\app\Libraries\CompletionService.php(56): CodeIgniter\BaseModel->findAll()
#7 C:\xampp\htdocs\ITE311-MALILAY\app\Controllers\Auth.php(169): App\Libraries\CompletionService->checkAndUpdateCompletions()
#8 C:\xampp\htdocs\ITE311-MALILAY\system\CodeIgniter.php(933): App\Controllers\Auth->dashboard()
#9 C:\xampp\htdocs\ITE311-MALILAY\system\CodeIgniter.php(507): CodeIgniter\CodeIgniter->runController(Object(App\Controllers\Auth))
#10 C:\xampp\htdocs\ITE311-MALILAY\system\CodeIgniter.php(354): CodeIgniter\CodeIgniter->handleRequest(NULL, Object(Config\Cache), false)
#11 C:\xampp\htdocs\ITE311-MALILAY\system\Boot.php(363): CodeIgniter\CodeIgniter->run()
#12 C:\xampp\htdocs\ITE311-MALILAY\system\Boot.php(68): CodeIgniter\Boot::runCodeIgniter(Object(CodeIgniter\CodeIgniter))
#13 C:\xampp\htdocs\ITE311-MALILAY\index.php(88): CodeIgniter\Boot::bootWeb(Object(Config\Paths))
#14 {main}
ERROR - 2025-12-11 00:30:28 --> Error checking completions: Unknown column 'courses.deleted_at' in 'where clause'
ERROR - 2025-12-11 00:30:28 --> mysqli_sql_exception: Unknown column 'courses.deleted_at' in 'where clause' in C:\xampp\htdocs\ITE311-MALILAY\system\Database\MySQLi\Connection.php:327
Stack trace:
#0 C:\xampp\htdocs\ITE311-MALILAY\system\Database\MySQLi\Connection.php(327): mysqli->query('SELECT *\nFROM `...', 0)
#1 C:\xampp\htdocs\ITE311-MALILAY\system\Database\BaseConnection.php(729): CodeIgniter\Database\MySQLi\Connection->execute('SELECT *\nFROM `...')
#2 C:\xampp\htdocs\ITE311-MALILAY\system\Database\BaseConnection.php(646): CodeIgniter\Database\BaseConnection->simpleQuery('SELECT *\nFROM `...')
#3 C:\xampp\htdocs\ITE311-MALILAY\system\Database\BaseBuilder.php(1649): CodeIgniter\Database\BaseConnection->query('SELECT *\nFROM `...', Array, false)
#4 C:\xampp\htdocs\ITE311-MALILAY\system\Model.php(286): CodeIgniter\Database\BaseBuilder->get()
#5 C:\xampp\htdocs\ITE311-MALILAY\system\BaseModel.php(677): CodeIgniter\Model->doFindAll(0, 0)
#6 C:\xampp\htdocs\ITE311-MALILAY\app\Controllers\Auth.php(263): CodeIgniter\BaseModel->findAll()
#7 C:\xampp\htdocs\ITE311-MALILAY\system\CodeIgniter.php(933): App\Controllers\Auth->dashboard()
#8 C:\xampp\htdocs\ITE311-MALILAY\system\CodeIgniter.php(507): CodeIgniter\CodeIgniter->runController(Object(App\Controllers\Auth))
#9 C:\xampp\htdocs\ITE311-MALILAY\system\CodeIgniter.php(354): CodeIgniter\CodeIgniter->handleRequest(NULL, Object(Config\Cache), false)
#10 C:\xampp\htdocs\ITE311-MALILAY\system\Boot.php(363): CodeIgniter\CodeIgniter->run()
#11 C:\xampp\htdocs\ITE311-MALILAY\system\Boot.php(68): CodeIgniter\Boot::runCodeIgniter(Object(CodeIgniter\CodeIgniter))
#12 C:\xampp\htdocs\ITE311-MALILAY\index.php(88): CodeIgniter\Boot::bootWeb(Object(Config\Paths))
#13 {main}
CRITICAL - 2025-12-11 00:30:28 --> CodeIgniter\Database\Exceptions\DatabaseException: Unknown column 'courses.deleted_at' in 'where clause'
[Method: GET, Route: dashboard]
in SYSTEMPATH\Database\BaseConnection.php on line 684.
 1 SYSTEMPATH\Database\BaseBuilder.php(1649): CodeIgniter\Database\BaseConnection->query('SELECT *
FROM `courses`
WHERE `courses`.`deleted_at` IS NULL
ORDER BY `title` ASC', [], false)
 2 SYSTEMPATH\Model.php(286): CodeIgniter\Database\BaseBuilder->get()
 3 SYSTEMPATH\BaseModel.php(677): CodeIgniter\Model->doFindAll(0, 0)
 4 APPPATH\Controllers\Auth.php(263): CodeIgniter\BaseModel->findAll()
 5 SYSTEMPATH\CodeIgniter.php(933): App\Controllers\Auth->dashboard()
 6 SYSTEMPATH\CodeIgniter.php(507): CodeIgniter\CodeIgniter->runController(Object(App\Controllers\Auth))
 7 SYSTEMPATH\CodeIgniter.php(354): CodeIgniter\CodeIgniter->handleRequest(null, Object(Config\Cache), false)
 8 SYSTEMPATH\Boot.php(363): CodeIgniter\CodeIgniter->run()
 9 SYSTEMPATH\Boot.php(68): CodeIgniter\Boot::runCodeIgniter(Object(CodeIgniter\CodeIgniter))
10 FCPATH\index.php(88): CodeIgniter\Boot::bootWeb(Object(Config\Paths))
CRITICAL - 2025-12-11 00:30:28 --> [Caused by] CodeIgniter\Database\Exceptions\DatabaseException: Unknown column 'courses.deleted_at' in 'where clause'
in SYSTEMPATH\Database\MySQLi\Connection.php on line 332.
 1 SYSTEMPATH\Database\BaseConnection.php(729): CodeIgniter\Database\MySQLi\Connection->execute('SELECT *
FROM `courses`
WHERE `courses`.`deleted_at` IS NULL
ORDER BY `title` ASC')
 2 SYSTEMPATH\Database\BaseConnection.php(646): CodeIgniter\Database\BaseConnection->simpleQuery('SELECT *
FROM `courses`
WHERE `courses`.`deleted_at` IS NULL
ORDER BY `title` ASC')
 3 SYSTEMPATH\Database\BaseBuilder.php(1649): CodeIgniter\Database\BaseConnection->query('SELECT *
FROM `courses`
WHERE `courses`.`deleted_at` IS NULL
ORDER BY `title` ASC', [], false)
 4 SYSTEMPATH\Model.php(286): CodeIgniter\Database\BaseBuilder->get()
 5 SYSTEMPATH\BaseModel.php(677): CodeIgniter\Model->doFindAll(0, 0)
 6 APPPATH\Controllers\Auth.php(263): CodeIgniter\BaseModel->findAll()
 7 SYSTEMPATH\CodeIgniter.php(933): App\Controllers\Auth->dashboard()
 8 SYSTEMPATH\CodeIgniter.php(507): CodeIgniter\CodeIgniter->runController(Object(App\Controllers\Auth))
 9 SYSTEMPATH\CodeIgniter.php(354): CodeIgniter\CodeIgniter->handleRequest(null, Object(Config\Cache), false)
10 SYSTEMPATH\Boot.php(363): CodeIgniter\CodeIgniter->run()
11 SYSTEMPATH\Boot.php(68): CodeIgniter\Boot::runCodeIgniter(Object(CodeIgniter\CodeIgniter))
12 FCPATH\index.php(88): CodeIgniter\Boot::bootWeb(Object(Config\Paths))
CRITICAL - 2025-12-11 00:30:28 --> [Caused by] mysqli_sql_exception: Unknown column 'courses.deleted_at' in 'where clause'
in SYSTEMPATH\Database\MySQLi\Connection.php on line 327.
 1 SYSTEMPATH\Database\MySQLi\Connection.php(327): mysqli->query('SELECT *
FROM `courses`
WHERE `courses`.`deleted_at` IS NULL
ORDER BY `title` ASC', 0)
 2 SYSTEMPATH\Database\BaseConnection.php(729): CodeIgniter\Database\MySQLi\Connection->execute('SELECT *
FROM `courses`
WHERE `courses`.`deleted_at` IS NULL
ORDER BY `title` ASC')
 3 SYSTEMPATH\Database\BaseConnection.php(646): CodeIgniter\Database\BaseConnection->simpleQuery('SELECT *
FROM `courses`
WHERE `courses`.`deleted_at` IS NULL
ORDER BY `title` ASC')
 4 SYSTEMPATH\Database\BaseBuilder.php(1649): CodeIgniter\Database\BaseConnection->query('SELECT *
FROM `courses`
WHERE `courses`.`deleted_at` IS NULL
ORDER BY `title` ASC', [], false)
 5 SYSTEMPATH\Model.php(286): CodeIgniter\Database\BaseBuilder->get()
 6 SYSTEMPATH\BaseModel.php(677): CodeIgniter\Model->doFindAll(0, 0)
 7 APPPATH\Controllers\Auth.php(263): CodeIgniter\BaseModel->findAll()
 8 SYSTEMPATH\CodeIgniter.php(933): App\Controllers\Auth->dashboard()
 9 SYSTEMPATH\CodeIgniter.php(507): CodeIgniter\CodeIgniter->runController(Object(App\Controllers\Auth))
10 SYSTEMPATH\CodeIgniter.php(354): CodeIgniter\CodeIgniter->handleRequest(null, Object(Config\Cache), false)
11 SYSTEMPATH\Boot.php(363): CodeIgniter\CodeIgniter->run()
12 SYSTEMPATH\Boot.php(68): CodeIgniter\Boot::runCodeIgniter(Object(CodeIgniter\CodeIgniter))
13 FCPATH\index.php(88): CodeIgniter\Boot::bootWeb(Object(Config\Paths))
ERROR - 2025-12-11 00:30:32 --> mysqli_sql_exception: Unknown column 'courses.deleted_at' in 'where clause' in C:\xampp\htdocs\ITE311-MALILAY\system\Database\MySQLi\Connection.php:327
Stack trace:
#0 C:\xampp\htdocs\ITE311-MALILAY\system\Database\MySQLi\Connection.php(327): mysqli->query('SELECT *\nFROM `...', 0)
#1 C:\xampp\htdocs\ITE311-MALILAY\system\Database\BaseConnection.php(729): CodeIgniter\Database\MySQLi\Connection->execute('SELECT *\nFROM `...')
#2 C:\xampp\htdocs\ITE311-MALILAY\system\Database\BaseConnection.php(646): CodeIgniter\Database\BaseConnection->simpleQuery('SELECT *\nFROM `...')
#3 C:\xampp\htdocs\ITE311-MALILAY\system\Database\BaseBuilder.php(1649): CodeIgniter\Database\BaseConnection->query('SELECT *\nFROM `...', Array, false)
#4 C:\xampp\htdocs\ITE311-MALILAY\system\Model.php(286): CodeIgniter\Database\BaseBuilder->get()
#5 C:\xampp\htdocs\ITE311-MALILAY\system\BaseModel.php(677): CodeIgniter\Model->doFindAll(0, 0)
#6 C:\xampp\htdocs\ITE311-MALILAY\app\Libraries\CompletionService.php(56): CodeIgniter\BaseModel->findAll()
#7 C:\xampp\htdocs\ITE311-MALILAY\app\Controllers\Auth.php(169): App\Libraries\CompletionService->checkAndUpdateCompletions()
#8 C:\xampp\htdocs\ITE311-MALILAY\system\CodeIgniter.php(933): App\Controllers\Auth->dashboard()
#9 C:\xampp\htdocs\ITE311-MALILAY\system\CodeIgniter.php(507): CodeIgniter\CodeIgniter->runController(Object(App\Controllers\Auth))
#10 C:\xampp\htdocs\ITE311-MALILAY\system\CodeIgniter.php(354): CodeIgniter\CodeIgniter->handleRequest(NULL, Object(Config\Cache), false)
#11 C:\xampp\htdocs\ITE311-MALILAY\system\Boot.php(363): CodeIgniter\CodeIgniter->run()
#12 C:\xampp\htdocs\ITE311-MALILAY\system\Boot.php(68): CodeIgniter\Boot::runCodeIgniter(Object(CodeIgniter\CodeIgniter))
#13 C:\xampp\htdocs\ITE311-MALILAY\index.php(88): CodeIgniter\Boot::bootWeb(Object(Config\Paths))
#14 {main}
ERROR - 2025-12-11 00:30:32 --> Error checking completions: Unknown column 'courses.deleted_at' in 'where clause'
ERROR - 2025-12-11 00:30:37 --> mysqli_sql_exception: Unknown column 'courses.deleted_at' in 'where clause' in C:\xampp\htdocs\ITE311-MALILAY\system\Database\MySQLi\Connection.php:327
Stack trace:
#0 C:\xampp\htdocs\ITE311-MALILAY\system\Database\MySQLi\Connection.php(327): mysqli->query('SELECT *\nFROM `...', 0)
#1 C:\xampp\htdocs\ITE311-MALILAY\system\Database\BaseConnection.php(729): CodeIgniter\Database\MySQLi\Connection->execute('SELECT *\nFROM `...')
#2 C:\xampp\htdocs\ITE311-MALILAY\system\Database\BaseConnection.php(646): CodeIgniter\Database\BaseConnection->simpleQuery('SELECT *\nFROM `...')
#3 C:\xampp\htdocs\ITE311-MALILAY\system\Database\BaseBuilder.php(1649): CodeIgniter\Database\BaseConnection->query('SELECT *\nFROM `...', Array, false)
#4 C:\xampp\htdocs\ITE311-MALILAY\system\Model.php(286): CodeIgniter\Database\BaseBuilder->get()
#5 C:\xampp\htdocs\ITE311-MALILAY\system\BaseModel.php(677): CodeIgniter\Model->doFindAll(0, 0)
#6 C:\xampp\htdocs\ITE311-MALILAY\app\Libraries\CompletionService.php(56): CodeIgniter\BaseModel->findAll()
#7 C:\xampp\htdocs\ITE311-MALILAY\app\Controllers\Auth.php(169): App\Libraries\CompletionService->checkAndUpdateCompletions()
#8 C:\xampp\htdocs\ITE311-MALILAY\system\CodeIgniter.php(933): App\Controllers\Auth->dashboard()
#9 C:\xampp\htdocs\ITE311-MALILAY\system\CodeIgniter.php(507): CodeIgniter\CodeIgniter->runController(Object(App\Controllers\Auth))
#10 C:\xampp\htdocs\ITE311-MALILAY\system\CodeIgniter.php(354): CodeIgniter\CodeIgniter->handleRequest(NULL, Object(Config\Cache), false)
#11 C:\xampp\htdocs\ITE311-MALILAY\system\Boot.php(363): CodeIgniter\CodeIgniter->run()
#12 C:\xampp\htdocs\ITE311-MALILAY\system\Boot.php(68): CodeIgniter\Boot::runCodeIgniter(Object(CodeIgniter\CodeIgniter))
#13 C:\xampp\htdocs\ITE311-MALILAY\index.php(88): CodeIgniter\Boot::bootWeb(Object(Config\Paths))
#14 {main}
ERROR - 2025-12-11 00:30:37 --> Error checking completions: Unknown column 'courses.deleted_at' in 'where clause'
ERROR - 2025-12-11 00:30:37 --> mysqli_sql_exception: Unknown column 'courses.deleted_at' in 'where clause' in C:\xampp\htdocs\ITE311-MALILAY\system\Database\MySQLi\Connection.php:327
Stack trace:
#0 C:\xampp\htdocs\ITE311-MALILAY\system\Database\MySQLi\Connection.php(327): mysqli->query('SELECT *\nFROM `...', 0)
#1 C:\xampp\htdocs\ITE311-MALILAY\system\Database\BaseConnection.php(729): CodeIgniter\Database\MySQLi\Connection->execute('SELECT *\nFROM `...')
#2 C:\xampp\htdocs\ITE311-MALILAY\system\Database\BaseConnection.php(646): CodeIgniter\Database\BaseConnection->simpleQuery('SELECT *\nFROM `...')
#3 C:\xampp\htdocs\ITE311-MALILAY\system\Database\BaseBuilder.php(1649): CodeIgniter\Database\BaseConnection->query('SELECT *\nFROM `...', Array, false)
#4 C:\xampp\htdocs\ITE311-MALILAY\system\Model.php(286): CodeIgniter\Database\BaseBuilder->get()
#5 C:\xampp\htdocs\ITE311-MALILAY\system\BaseModel.php(677): CodeIgniter\Model->doFindAll(0, 0)
#6 C:\xampp\htdocs\ITE311-MALILAY\app\Controllers\Auth.php(263): CodeIgniter\BaseModel->findAll()
#7 C:\xampp\htdocs\ITE311-MALILAY\system\CodeIgniter.php(933): App\Controllers\Auth->dashboard()
#8 C:\xampp\htdocs\ITE311-MALILAY\system\CodeIgniter.php(507): CodeIgniter\CodeIgniter->runController(Object(App\Controllers\Auth))
#9 C:\xampp\htdocs\ITE311-MALILAY\system\CodeIgniter.php(354): CodeIgniter\CodeIgniter->handleRequest(NULL, Object(Config\Cache), false)
#10 C:\xampp\htdocs\ITE311-MALILAY\system\Boot.php(363): CodeIgniter\CodeIgniter->run()
#11 C:\xampp\htdocs\ITE311-MALILAY\system\Boot.php(68): CodeIgniter\Boot::runCodeIgniter(Object(CodeIgniter\CodeIgniter))
#12 C:\xampp\htdocs\ITE311-MALILAY\index.php(88): CodeIgniter\Boot::bootWeb(Object(Config\Paths))
#13 {main}
CRITICAL - 2025-12-11 00:30:37 --> CodeIgniter\Database\Exceptions\DatabaseException: Unknown column 'courses.deleted_at' in 'where clause'
[Method: GET, Route: dashboard]
in SYSTEMPATH\Database\BaseConnection.php on line 684.
 1 SYSTEMPATH\Database\BaseBuilder.php(1649): CodeIgniter\Database\BaseConnection->query('SELECT *
FROM `courses`
WHERE `courses`.`deleted_at` IS NULL
ORDER BY `title` ASC', [], false)
 2 SYSTEMPATH\Model.php(286): CodeIgniter\Database\BaseBuilder->get()
 3 SYSTEMPATH\BaseModel.php(677): CodeIgniter\Model->doFindAll(0, 0)
 4 APPPATH\Controllers\Auth.php(263): CodeIgniter\BaseModel->findAll()
 5 SYSTEMPATH\CodeIgniter.php(933): App\Controllers\Auth->dashboard()
 6 SYSTEMPATH\CodeIgniter.php(507): CodeIgniter\CodeIgniter->runController(Object(App\Controllers\Auth))
 7 SYSTEMPATH\CodeIgniter.php(354): CodeIgniter\CodeIgniter->handleRequest(null, Object(Config\Cache), false)
 8 SYSTEMPATH\Boot.php(363): CodeIgniter\CodeIgniter->run()
 9 SYSTEMPATH\Boot.php(68): CodeIgniter\Boot::runCodeIgniter(Object(CodeIgniter\CodeIgniter))
10 FCPATH\index.php(88): CodeIgniter\Boot::bootWeb(Object(Config\Paths))
CRITICAL - 2025-12-11 00:30:37 --> [Caused by] CodeIgniter\Database\Exceptions\DatabaseException: Unknown column 'courses.deleted_at' in 'where clause'
in SYSTEMPATH\Database\MySQLi\Connection.php on line 332.
 1 SYSTEMPATH\Database\BaseConnection.php(729): CodeIgniter\Database\MySQLi\Connection->execute('SELECT *
FROM `courses`
WHERE `courses`.`deleted_at` IS NULL
ORDER BY `title` ASC')
 2 SYSTEMPATH\Database\BaseConnection.php(646): CodeIgniter\Database\BaseConnection->simpleQuery('SELECT *
FROM `courses`
WHERE `courses`.`deleted_at` IS NULL
ORDER BY `title` ASC')
 3 SYSTEMPATH\Database\BaseBuilder.php(1649): CodeIgniter\Database\BaseConnection->query('SELECT *
FROM `courses`
WHERE `courses`.`deleted_at` IS NULL
ORDER BY `title` ASC', [], false)
 4 SYSTEMPATH\Model.php(286): CodeIgniter\Database\BaseBuilder->get()
 5 SYSTEMPATH\BaseModel.php(677): CodeIgniter\Model->doFindAll(0, 0)
 6 APPPATH\Controllers\Auth.php(263): CodeIgniter\BaseModel->findAll()
 7 SYSTEMPATH\CodeIgniter.php(933): App\Controllers\Auth->dashboard()
 8 SYSTEMPATH\CodeIgniter.php(507): CodeIgniter\CodeIgniter->runController(Object(App\Controllers\Auth))
 9 SYSTEMPATH\CodeIgniter.php(354): CodeIgniter\CodeIgniter->handleRequest(null, Object(Config\Cache), false)
10 SYSTEMPATH\Boot.php(363): CodeIgniter\CodeIgniter->run()
11 SYSTEMPATH\Boot.php(68): CodeIgniter\Boot::runCodeIgniter(Object(CodeIgniter\CodeIgniter))
12 FCPATH\index.php(88): CodeIgniter\Boot::bootWeb(Object(Config\Paths))
CRITICAL - 2025-12-11 00:30:37 --> [Caused by] mysqli_sql_exception: Unknown column 'courses.deleted_at' in 'where clause'
in SYSTEMPATH\Database\MySQLi\Connection.php on line 327.
 1 SYSTEMPATH\Database\MySQLi\Connection.php(327): mysqli->query('SELECT *
FROM `courses`
WHERE `courses`.`deleted_at` IS NULL
ORDER BY `title` ASC', 0)
 2 SYSTEMPATH\Database\BaseConnection.php(729): CodeIgniter\Database\MySQLi\Connection->execute('SELECT *
FROM `courses`
WHERE `courses`.`deleted_at` IS NULL
ORDER BY `title` ASC')
 3 SYSTEMPATH\Database\BaseConnection.php(646): CodeIgniter\Database\BaseConnection->simpleQuery('SELECT *
FROM `courses`
WHERE `courses`.`deleted_at` IS NULL
ORDER BY `title` ASC')
 4 SYSTEMPATH\Database\BaseBuilder.php(1649): CodeIgniter\Database\BaseConnection->query('SELECT *
FROM `courses`
WHERE `courses`.`deleted_at` IS NULL
ORDER BY `title` ASC', [], false)
 5 SYSTEMPATH\Model.php(286): CodeIgniter\Database\BaseBuilder->get()
 6 SYSTEMPATH\BaseModel.php(677): CodeIgniter\Model->doFindAll(0, 0)
 7 APPPATH\Controllers\Auth.php(263): CodeIgniter\BaseModel->findAll()
 8 SYSTEMPATH\CodeIgniter.php(933): App\Controllers\Auth->dashboard()
 9 SYSTEMPATH\CodeIgniter.php(507): CodeIgniter\CodeIgniter->runController(Object(App\Controllers\Auth))
10 SYSTEMPATH\CodeIgniter.php(354): CodeIgniter\CodeIgniter->handleRequest(null, Object(Config\Cache), false)
11 SYSTEMPATH\Boot.php(363): CodeIgniter\CodeIgniter->run()
12 SYSTEMPATH\Boot.php(68): CodeIgniter\Boot::runCodeIgniter(Object(CodeIgniter\CodeIgniter))
13 FCPATH\index.php(88): CodeIgniter\Boot::bootWeb(Object(Config\Paths))
ERROR - 2025-12-11 00:30:38 --> mysqli_sql_exception: Unknown column 'courses.deleted_at' in 'where clause' in C:\xampp\htdocs\ITE311-MALILAY\system\Database\MySQLi\Connection.php:327
Stack trace:
#0 C:\xampp\htdocs\ITE311-MALILAY\system\Database\MySQLi\Connection.php(327): mysqli->query('SELECT *\nFROM `...', 0)
#1 C:\xampp\htdocs\ITE311-MALILAY\system\Database\BaseConnection.php(729): CodeIgniter\Database\MySQLi\Connection->execute('SELECT *\nFROM `...')
#2 C:\xampp\htdocs\ITE311-MALILAY\system\Database\BaseConnection.php(646): CodeIgniter\Database\BaseConnection->simpleQuery('SELECT *\nFROM `...')
#3 C:\xampp\htdocs\ITE311-MALILAY\system\Database\BaseBuilder.php(1649): CodeIgniter\Database\BaseConnection->query('SELECT *\nFROM `...', Array, false)
#4 C:\xampp\htdocs\ITE311-MALILAY\system\Model.php(286): CodeIgniter\Database\BaseBuilder->get()
#5 C:\xampp\htdocs\ITE311-MALILAY\system\BaseModel.php(677): CodeIgniter\Model->doFindAll(0, 0)
#6 C:\xampp\htdocs\ITE311-MALILAY\app\Libraries\CompletionService.php(56): CodeIgniter\BaseModel->findAll()
#7 C:\xampp\htdocs\ITE311-MALILAY\app\Controllers\Auth.php(169): App\Libraries\CompletionService->checkAndUpdateCompletions()
#8 C:\xampp\htdocs\ITE311-MALILAY\system\CodeIgniter.php(933): App\Controllers\Auth->dashboard()
#9 C:\xampp\htdocs\ITE311-MALILAY\system\CodeIgniter.php(507): CodeIgniter\CodeIgniter->runController(Object(App\Controllers\Auth))
#10 C:\xampp\htdocs\ITE311-MALILAY\system\CodeIgniter.php(354): CodeIgniter\CodeIgniter->handleRequest(NULL, Object(Config\Cache), false)
#11 C:\xampp\htdocs\ITE311-MALILAY\system\Boot.php(363): CodeIgniter\CodeIgniter->run()
#12 C:\xampp\htdocs\ITE311-MALILAY\system\Boot.php(68): CodeIgniter\Boot::runCodeIgniter(Object(CodeIgniter\CodeIgniter))
#13 C:\xampp\htdocs\ITE311-MALILAY\index.php(88): CodeIgniter\Boot::bootWeb(Object(Config\Paths))
#14 {main}
ERROR - 2025-12-11 00:30:38 --> Error checking completions: Unknown column 'courses.deleted_at' in 'where clause'
ERROR - 2025-12-11 00:30:44 --> mysqli_sql_exception: Unknown column 'courses.deleted_at' in 'where clause' in C:\xampp\htdocs\ITE311-MALILAY\system\Database\MySQLi\Connection.php:327
Stack trace:
#0 C:\xampp\htdocs\ITE311-MALILAY\system\Database\MySQLi\Connection.php(327): mysqli->query('SELECT *\nFROM `...', 0)
#1 C:\xampp\htdocs\ITE311-MALILAY\system\Database\BaseConnection.php(729): CodeIgniter\Database\MySQLi\Connection->execute('SELECT *\nFROM `...')
#2 C:\xampp\htdocs\ITE311-MALILAY\system\Database\BaseConnection.php(646): CodeIgniter\Database\BaseConnection->simpleQuery('SELECT *\nFROM `...')
#3 C:\xampp\htdocs\ITE311-MALILAY\system\Database\BaseBuilder.php(1649): CodeIgniter\Database\BaseConnection->query('SELECT *\nFROM `...', Array, false)
#4 C:\xampp\htdocs\ITE311-MALILAY\system\Model.php(286): CodeIgniter\Database\BaseBuilder->get()
#5 C:\xampp\htdocs\ITE311-MALILAY\system\BaseModel.php(677): CodeIgniter\Model->doFindAll(0, 0)
#6 C:\xampp\htdocs\ITE311-MALILAY\app\Libraries\CompletionService.php(56): CodeIgniter\BaseModel->findAll()
#7 C:\xampp\htdocs\ITE311-MALILAY\app\Controllers\Auth.php(169): App\Libraries\CompletionService->checkAndUpdateCompletions()
#8 C:\xampp\htdocs\ITE311-MALILAY\system\CodeIgniter.php(933): App\Controllers\Auth->dashboard()
#9 C:\xampp\htdocs\ITE311-MALILAY\system\CodeIgniter.php(507): CodeIgniter\CodeIgniter->runController(Object(App\Controllers\Auth))
#10 C:\xampp\htdocs\ITE311-MALILAY\system\CodeIgniter.php(354): CodeIgniter\CodeIgniter->handleRequest(NULL, Object(Config\Cache), false)
#11 C:\xampp\htdocs\ITE311-MALILAY\system\Boot.php(363): CodeIgniter\CodeIgniter->run()
#12 C:\xampp\htdocs\ITE311-MALILAY\system\Boot.php(68): CodeIgniter\Boot::runCodeIgniter(Object(CodeIgniter\CodeIgniter))
#13 C:\xampp\htdocs\ITE311-MALILAY\index.php(88): CodeIgniter\Boot::bootWeb(Object(Config\Paths))
#14 {main}
ERROR - 2025-12-11 00:30:44 --> Error checking completions: Unknown column 'courses.deleted_at' in 'where clause'
ERROR - 2025-12-11 00:30:44 --> mysqli_sql_exception: Unknown column 'courses.deleted_at' in 'where clause' in C:\xampp\htdocs\ITE311-MALILAY\system\Database\MySQLi\Connection.php:327
Stack trace:
#0 C:\xampp\htdocs\ITE311-MALILAY\system\Database\MySQLi\Connection.php(327): mysqli->query('SELECT *\nFROM `...', 0)
#1 C:\xampp\htdocs\ITE311-MALILAY\system\Database\BaseConnection.php(729): CodeIgniter\Database\MySQLi\Connection->execute('SELECT *\nFROM `...')
#2 C:\xampp\htdocs\ITE311-MALILAY\system\Database\BaseConnection.php(646): CodeIgniter\Database\BaseConnection->simpleQuery('SELECT *\nFROM `...')
#3 C:\xampp\htdocs\ITE311-MALILAY\system\Database\BaseBuilder.php(1649): CodeIgniter\Database\BaseConnection->query('SELECT *\nFROM `...', Array, false)
#4 C:\xampp\htdocs\ITE311-MALILAY\system\Model.php(286): CodeIgniter\Database\BaseBuilder->get()
#5 C:\xampp\htdocs\ITE311-MALILAY\system\BaseModel.php(677): CodeIgniter\Model->doFindAll(0, 0)
#6 C:\xampp\htdocs\ITE311-MALILAY\app\Controllers\Auth.php(263): CodeIgniter\BaseModel->findAll()
#7 C:\xampp\htdocs\ITE311-MALILAY\system\CodeIgniter.php(933): App\Controllers\Auth->dashboard()
#8 C:\xampp\htdocs\ITE311-MALILAY\system\CodeIgniter.php(507): CodeIgniter\CodeIgniter->runController(Object(App\Controllers\Auth))
#9 C:\xampp\htdocs\ITE311-MALILAY\system\CodeIgniter.php(354): CodeIgniter\CodeIgniter->handleRequest(NULL, Object(Config\Cache), false)
#10 C:\xampp\htdocs\ITE311-MALILAY\system\Boot.php(363): CodeIgniter\CodeIgniter->run()
#11 C:\xampp\htdocs\ITE311-MALILAY\system\Boot.php(68): CodeIgniter\Boot::runCodeIgniter(Object(CodeIgniter\CodeIgniter))
#12 C:\xampp\htdocs\ITE311-MALILAY\index.php(88): CodeIgniter\Boot::bootWeb(Object(Config\Paths))
#13 {main}
CRITICAL - 2025-12-11 00:30:44 --> CodeIgniter\Database\Exceptions\DatabaseException: Unknown column 'courses.deleted_at' in 'where clause'
[Method: GET, Route: dashboard]
in SYSTEMPATH\Database\BaseConnection.php on line 684.
 1 SYSTEMPATH\Database\BaseBuilder.php(1649): CodeIgniter\Database\BaseConnection->query('SELECT *
FROM `courses`
WHERE `courses`.`deleted_at` IS NULL
ORDER BY `title` ASC', [], false)
 2 SYSTEMPATH\Model.php(286): CodeIgniter\Database\BaseBuilder->get()
 3 SYSTEMPATH\BaseModel.php(677): CodeIgniter\Model->doFindAll(0, 0)
 4 APPPATH\Controllers\Auth.php(263): CodeIgniter\BaseModel->findAll()
 5 SYSTEMPATH\CodeIgniter.php(933): App\Controllers\Auth->dashboard()
 6 SYSTEMPATH\CodeIgniter.php(507): CodeIgniter\CodeIgniter->runController(Object(App\Controllers\Auth))
 7 SYSTEMPATH\CodeIgniter.php(354): CodeIgniter\CodeIgniter->handleRequest(null, Object(Config\Cache), false)
 8 SYSTEMPATH\Boot.php(363): CodeIgniter\CodeIgniter->run()
 9 SYSTEMPATH\Boot.php(68): CodeIgniter\Boot::runCodeIgniter(Object(CodeIgniter\CodeIgniter))
10 FCPATH\index.php(88): CodeIgniter\Boot::bootWeb(Object(Config\Paths))
CRITICAL - 2025-12-11 00:30:44 --> [Caused by] CodeIgniter\Database\Exceptions\DatabaseException: Unknown column 'courses.deleted_at' in 'where clause'
in SYSTEMPATH\Database\MySQLi\Connection.php on line 332.
 1 SYSTEMPATH\Database\BaseConnection.php(729): CodeIgniter\Database\MySQLi\Connection->execute('SELECT *
FROM `courses`
WHERE `courses`.`deleted_at` IS NULL
ORDER BY `title` ASC')
 2 SYSTEMPATH\Database\BaseConnection.php(646): CodeIgniter\Database\BaseConnection->simpleQuery('SELECT *
FROM `courses`
WHERE `courses`.`deleted_at` IS NULL
ORDER BY `title` ASC')
 3 SYSTEMPATH\Database\BaseBuilder.php(1649): CodeIgniter\Database\BaseConnection->query('SELECT *
FROM `courses`
WHERE `courses`.`deleted_at` IS NULL
ORDER BY `title` ASC', [], false)
 4 SYSTEMPATH\Model.php(286): CodeIgniter\Database\BaseBuilder->get()
 5 SYSTEMPATH\BaseModel.php(677): CodeIgniter\Model->doFindAll(0, 0)
 6 APPPATH\Controllers\Auth.php(263): CodeIgniter\BaseModel->findAll()
 7 SYSTEMPATH\CodeIgniter.php(933): App\Controllers\Auth->dashboard()
 8 SYSTEMPATH\CodeIgniter.php(507): CodeIgniter\CodeIgniter->runController(Object(App\Controllers\Auth))
 9 SYSTEMPATH\CodeIgniter.php(354): CodeIgniter\CodeIgniter->handleRequest(null, Object(Config\Cache), false)
10 SYSTEMPATH\Boot.php(363): CodeIgniter\CodeIgniter->run()
11 SYSTEMPATH\Boot.php(68): CodeIgniter\Boot::runCodeIgniter(Object(CodeIgniter\CodeIgniter))
12 FCPATH\index.php(88): CodeIgniter\Boot::bootWeb(Object(Config\Paths))
CRITICAL - 2025-12-11 00:30:44 --> [Caused by] mysqli_sql_exception: Unknown column 'courses.deleted_at' in 'where clause'
in SYSTEMPATH\Database\MySQLi\Connection.php on line 327.
 1 SYSTEMPATH\Database\MySQLi\Connection.php(327): mysqli->query('SELECT *
FROM `courses`
WHERE `courses`.`deleted_at` IS NULL
ORDER BY `title` ASC', 0)
 2 SYSTEMPATH\Database\BaseConnection.php(729): CodeIgniter\Database\MySQLi\Connection->execute('SELECT *
FROM `courses`
WHERE `courses`.`deleted_at` IS NULL
ORDER BY `title` ASC')
 3 SYSTEMPATH\Database\BaseConnection.php(646): CodeIgniter\Database\BaseConnection->simpleQuery('SELECT *
FROM `courses`
WHERE `courses`.`deleted_at` IS NULL
ORDER BY `title` ASC')
 4 SYSTEMPATH\Database\BaseBuilder.php(1649): CodeIgniter\Database\BaseConnection->query('SELECT *
FROM `courses`
WHERE `courses`.`deleted_at` IS NULL
ORDER BY `title` ASC', [], false)
 5 SYSTEMPATH\Model.php(286): CodeIgniter\Database\BaseBuilder->get()
 6 SYSTEMPATH\BaseModel.php(677): CodeIgniter\Model->doFindAll(0, 0)
 7 APPPATH\Controllers\Auth.php(263): CodeIgniter\BaseModel->findAll()
 8 SYSTEMPATH\CodeIgniter.php(933): App\Controllers\Auth->dashboard()
 9 SYSTEMPATH\CodeIgniter.php(507): CodeIgniter\CodeIgniter->runController(Object(App\Controllers\Auth))
10 SYSTEMPATH\CodeIgniter.php(354): CodeIgniter\CodeIgniter->handleRequest(null, Object(Config\Cache), false)
11 SYSTEMPATH\Boot.php(363): CodeIgniter\CodeIgniter->run()
12 SYSTEMPATH\Boot.php(68): CodeIgniter\Boot::runCodeIgniter(Object(CodeIgniter\CodeIgniter))
13 FCPATH\index.php(88): CodeIgniter\Boot::bootWeb(Object(Config\Paths))
ERROR - 2025-12-11 00:31:39 --> mysqli_sql_exception: Unknown column 'courses.deleted_at' in 'where clause' in C:\xampp\htdocs\ITE311-MALILAY\system\Database\MySQLi\Connection.php:327
Stack trace:
#0 C:\xampp\htdocs\ITE311-MALILAY\system\Database\MySQLi\Connection.php(327): mysqli->query('SELECT *\nFROM `...', 0)
#1 C:\xampp\htdocs\ITE311-MALILAY\system\Database\BaseConnection.php(729): CodeIgniter\Database\MySQLi\Connection->execute('SELECT *\nFROM `...')
#2 C:\xampp\htdocs\ITE311-MALILAY\system\Database\BaseConnection.php(646): CodeIgniter\Database\BaseConnection->simpleQuery('SELECT *\nFROM `...')
#3 C:\xampp\htdocs\ITE311-MALILAY\system\Database\BaseBuilder.php(1649): CodeIgniter\Database\BaseConnection->query('SELECT *\nFROM `...', Array, false)
#4 C:\xampp\htdocs\ITE311-MALILAY\system\Model.php(286): CodeIgniter\Database\BaseBuilder->get()
#5 C:\xampp\htdocs\ITE311-MALILAY\system\BaseModel.php(677): CodeIgniter\Model->doFindAll(0, 0)
#6 C:\xampp\htdocs\ITE311-MALILAY\app\Libraries\CompletionService.php(56): CodeIgniter\BaseModel->findAll()
#7 C:\xampp\htdocs\ITE311-MALILAY\app\Controllers\Auth.php(169): App\Libraries\CompletionService->checkAndUpdateCompletions()
#8 C:\xampp\htdocs\ITE311-MALILAY\system\CodeIgniter.php(933): App\Controllers\Auth->dashboard()
#9 C:\xampp\htdocs\ITE311-MALILAY\system\CodeIgniter.php(507): CodeIgniter\CodeIgniter->runController(Object(App\Controllers\Auth))
#10 C:\xampp\htdocs\ITE311-MALILAY\system\CodeIgniter.php(354): CodeIgniter\CodeIgniter->handleRequest(NULL, Object(Config\Cache), false)
#11 C:\xampp\htdocs\ITE311-MALILAY\system\Boot.php(363): CodeIgniter\CodeIgniter->run()
#12 C:\xampp\htdocs\ITE311-MALILAY\system\Boot.php(68): CodeIgniter\Boot::runCodeIgniter(Object(CodeIgniter\CodeIgniter))
#13 C:\xampp\htdocs\ITE311-MALILAY\index.php(88): CodeIgniter\Boot::bootWeb(Object(Config\Paths))
#14 {main}
ERROR - 2025-12-11 00:31:39 --> Error checking completions: Unknown column 'courses.deleted_at' in 'where clause'
ERROR - 2025-12-11 00:31:47 --> mysqli_sql_exception: Unknown column 'courses.deleted_at' in 'where clause' in C:\xampp\htdocs\ITE311-MALILAY\system\Database\MySQLi\Connection.php:327
Stack trace:
#0 C:\xampp\htdocs\ITE311-MALILAY\system\Database\MySQLi\Connection.php(327): mysqli->query('SELECT *\nFROM `...', 0)
#1 C:\xampp\htdocs\ITE311-MALILAY\system\Database\BaseConnection.php(729): CodeIgniter\Database\MySQLi\Connection->execute('SELECT *\nFROM `...')
#2 C:\xampp\htdocs\ITE311-MALILAY\system\Database\BaseConnection.php(646): CodeIgniter\Database\BaseConnection->simpleQuery('SELECT *\nFROM `...')
#3 C:\xampp\htdocs\ITE311-MALILAY\system\Database\BaseBuilder.php(1649): CodeIgniter\Database\BaseConnection->query('SELECT *\nFROM `...', Array, false)
#4 C:\xampp\htdocs\ITE311-MALILAY\system\Model.php(286): CodeIgniter\Database\BaseBuilder->get()
#5 C:\xampp\htdocs\ITE311-MALILAY\system\BaseModel.php(677): CodeIgniter\Model->doFindAll(0, 0)
#6 C:\xampp\htdocs\ITE311-MALILAY\app\Libraries\CompletionService.php(56): CodeIgniter\BaseModel->findAll()
#7 C:\xampp\htdocs\ITE311-MALILAY\app\Controllers\Auth.php(169): App\Libraries\CompletionService->checkAndUpdateCompletions()
#8 C:\xampp\htdocs\ITE311-MALILAY\system\CodeIgniter.php(933): App\Controllers\Auth->dashboard()
#9 C:\xampp\htdocs\ITE311-MALILAY\system\CodeIgniter.php(507): CodeIgniter\CodeIgniter->runController(Object(App\Controllers\Auth))
#10 C:\xampp\htdocs\ITE311-MALILAY\system\CodeIgniter.php(354): CodeIgniter\CodeIgniter->handleRequest(NULL, Object(Config\Cache), false)
#11 C:\xampp\htdocs\ITE311-MALILAY\system\Boot.php(363): CodeIgniter\CodeIgniter->run()
#12 C:\xampp\htdocs\ITE311-MALILAY\system\Boot.php(68): CodeIgniter\Boot::runCodeIgniter(Object(CodeIgniter\CodeIgniter))
#13 C:\xampp\htdocs\ITE311-MALILAY\index.php(88): CodeIgniter\Boot::bootWeb(Object(Config\Paths))
#14 {main}
ERROR - 2025-12-11 00:31:47 --> Error checking completions: Unknown column 'courses.deleted_at' in 'where clause'
ERROR - 2025-12-11 00:31:51 --> mysqli_sql_exception: Unknown column 'courses.deleted_at' in 'where clause' in C:\xampp\htdocs\ITE311-MALILAY\system\Database\MySQLi\Connection.php:327
Stack trace:
#0 C:\xampp\htdocs\ITE311-MALILAY\system\Database\MySQLi\Connection.php(327): mysqli->query('SELECT *\nFROM `...', 0)
#1 C:\xampp\htdocs\ITE311-MALILAY\system\Database\BaseConnection.php(729): CodeIgniter\Database\MySQLi\Connection->execute('SELECT *\nFROM `...')
#2 C:\xampp\htdocs\ITE311-MALILAY\system\Database\BaseConnection.php(646): CodeIgniter\Database\BaseConnection->simpleQuery('SELECT *\nFROM `...')
#3 C:\xampp\htdocs\ITE311-MALILAY\system\Database\BaseBuilder.php(1649): CodeIgniter\Database\BaseConnection->query('SELECT *\nFROM `...', Array, false)
#4 C:\xampp\htdocs\ITE311-MALILAY\system\Model.php(286): CodeIgniter\Database\BaseBuilder->get()
#5 C:\xampp\htdocs\ITE311-MALILAY\system\BaseModel.php(677): CodeIgniter\Model->doFindAll(0, 0)
#6 C:\xampp\htdocs\ITE311-MALILAY\app\Libraries\CompletionService.php(56): CodeIgniter\BaseModel->findAll()
#7 C:\xampp\htdocs\ITE311-MALILAY\app\Controllers\Auth.php(169): App\Libraries\CompletionService->checkAndUpdateCompletions()
#8 C:\xampp\htdocs\ITE311-MALILAY\system\CodeIgniter.php(933): App\Controllers\Auth->dashboard()
#9 C:\xampp\htdocs\ITE311-MALILAY\system\CodeIgniter.php(507): CodeIgniter\CodeIgniter->runController(Object(App\Controllers\Auth))
#10 C:\xampp\htdocs\ITE311-MALILAY\system\CodeIgniter.php(354): CodeIgniter\CodeIgniter->handleRequest(NULL, Object(Config\Cache), false)
#11 C:\xampp\htdocs\ITE311-MALILAY\system\Boot.php(363): CodeIgniter\CodeIgniter->run()
#12 C:\xampp\htdocs\ITE311-MALILAY\system\Boot.php(68): CodeIgniter\Boot::runCodeIgniter(Object(CodeIgniter\CodeIgniter))
#13 C:\xampp\htdocs\ITE311-MALILAY\index.php(88): CodeIgniter\Boot::bootWeb(Object(Config\Paths))
#14 {main}
ERROR - 2025-12-11 00:31:51 --> Error checking completions: Unknown column 'courses.deleted_at' in 'where clause'
ERROR - 2025-12-11 00:32:32 --> mysqli_sql_exception: Unknown column 'courses.deleted_at' in 'where clause' in C:\xampp\htdocs\ITE311-MALILAY\system\Database\MySQLi\Connection.php:327
Stack trace:
#0 C:\xampp\htdocs\ITE311-MALILAY\system\Database\MySQLi\Connection.php(327): mysqli->query('SELECT *\nFROM `...', 0)
#1 C:\xampp\htdocs\ITE311-MALILAY\system\Database\BaseConnection.php(729): CodeIgniter\Database\MySQLi\Connection->execute('SELECT *\nFROM `...')
#2 C:\xampp\htdocs\ITE311-MALILAY\system\Database\BaseConnection.php(646): CodeIgniter\Database\BaseConnection->simpleQuery('SELECT *\nFROM `...')
#3 C:\xampp\htdocs\ITE311-MALILAY\system\Database\BaseBuilder.php(1649): CodeIgniter\Database\BaseConnection->query('SELECT *\nFROM `...', Array, false)
#4 C:\xampp\htdocs\ITE311-MALILAY\system\Model.php(286): CodeIgniter\Database\BaseBuilder->get()
#5 C:\xampp\htdocs\ITE311-MALILAY\system\BaseModel.php(677): CodeIgniter\Model->doFindAll(0, 0)
#6 C:\xampp\htdocs\ITE311-MALILAY\app\Libraries\CompletionService.php(56): CodeIgniter\BaseModel->findAll()
#7 C:\xampp\htdocs\ITE311-MALILAY\app\Controllers\Auth.php(169): App\Libraries\CompletionService->checkAndUpdateCompletions()
#8 C:\xampp\htdocs\ITE311-MALILAY\system\CodeIgniter.php(933): App\Controllers\Auth->dashboard()
#9 C:\xampp\htdocs\ITE311-MALILAY\system\CodeIgniter.php(507): CodeIgniter\CodeIgniter->runController(Object(App\Controllers\Auth))
#10 C:\xampp\htdocs\ITE311-MALILAY\system\CodeIgniter.php(354): CodeIgniter\CodeIgniter->handleRequest(NULL, Object(Config\Cache), false)
#11 C:\xampp\htdocs\ITE311-MALILAY\system\Boot.php(363): CodeIgniter\CodeIgniter->run()
#12 C:\xampp\htdocs\ITE311-MALILAY\system\Boot.php(68): CodeIgniter\Boot::runCodeIgniter(Object(CodeIgniter\CodeIgniter))
#13 C:\xampp\htdocs\ITE311-MALILAY\index.php(88): CodeIgniter\Boot::bootWeb(Object(Config\Paths))
#14 {main}
ERROR - 2025-12-11 00:32:32 --> Error checking completions: Unknown column 'courses.deleted_at' in 'where clause'
ERROR - 2025-12-11 00:33:00 --> mysqli_sql_exception: Unknown column 'courses.deleted_at' in 'where clause' in C:\xampp\htdocs\ITE311-MALILAY\system\Database\MySQLi\Connection.php:327
Stack trace:
#0 C:\xampp\htdocs\ITE311-MALILAY\system\Database\MySQLi\Connection.php(327): mysqli->query('SELECT *\nFROM `...', 0)
#1 C:\xampp\htdocs\ITE311-MALILAY\system\Database\BaseConnection.php(729): CodeIgniter\Database\MySQLi\Connection->execute('SELECT *\nFROM `...')
#2 C:\xampp\htdocs\ITE311-MALILAY\system\Database\BaseConnection.php(646): CodeIgniter\Database\BaseConnection->simpleQuery('SELECT *\nFROM `...')
#3 C:\xampp\htdocs\ITE311-MALILAY\system\Database\BaseBuilder.php(1649): CodeIgniter\Database\BaseConnection->query('SELECT *\nFROM `...', Array, false)
#4 C:\xampp\htdocs\ITE311-MALILAY\system\Model.php(286): CodeIgniter\Database\BaseBuilder->get()
#5 C:\xampp\htdocs\ITE311-MALILAY\system\BaseModel.php(677): CodeIgniter\Model->doFindAll(0, 0)
#6 C:\xampp\htdocs\ITE311-MALILAY\app\Libraries\CompletionService.php(56): CodeIgniter\BaseModel->findAll()
#7 C:\xampp\htdocs\ITE311-MALILAY\app\Controllers\Auth.php(169): App\Libraries\CompletionService->checkAndUpdateCompletions()
#8 C:\xampp\htdocs\ITE311-MALILAY\system\CodeIgniter.php(933): App\Controllers\Auth->dashboard()
#9 C:\xampp\htdocs\ITE311-MALILAY\system\CodeIgniter.php(507): CodeIgniter\CodeIgniter->runController(Object(App\Controllers\Auth))
#10 C:\xampp\htdocs\ITE311-MALILAY\system\CodeIgniter.php(354): CodeIgniter\CodeIgniter->handleRequest(NULL, Object(Config\Cache), false)
#11 C:\xampp\htdocs\ITE311-MALILAY\system\Boot.php(363): CodeIgniter\CodeIgniter->run()
#12 C:\xampp\htdocs\ITE311-MALILAY\system\Boot.php(68): CodeIgniter\Boot::runCodeIgniter(Object(CodeIgniter\CodeIgniter))
#13 C:\xampp\htdocs\ITE311-MALILAY\index.php(88): CodeIgniter\Boot::bootWeb(Object(Config\Paths))
#14 {main}
ERROR - 2025-12-11 00:33:00 --> Error checking completions: Unknown column 'courses.deleted_at' in 'where clause'
ERROR - 2025-12-11 00:33:32 --> mysqli_sql_exception: Unknown column 'courses.deleted_at' in 'where clause' in C:\xampp\htdocs\ITE311-MALILAY\system\Database\MySQLi\Connection.php:327
Stack trace:
#0 C:\xampp\htdocs\ITE311-MALILAY\system\Database\MySQLi\Connection.php(327): mysqli->query('SELECT *\nFROM `...', 0)
#1 C:\xampp\htdocs\ITE311-MALILAY\system\Database\BaseConnection.php(729): CodeIgniter\Database\MySQLi\Connection->execute('SELECT *\nFROM `...')
#2 C:\xampp\htdocs\ITE311-MALILAY\system\Database\BaseConnection.php(646): CodeIgniter\Database\BaseConnection->simpleQuery('SELECT *\nFROM `...')
#3 C:\xampp\htdocs\ITE311-MALILAY\system\Database\BaseBuilder.php(1649): CodeIgniter\Database\BaseConnection->query('SELECT *\nFROM `...', Array, false)
#4 C:\xampp\htdocs\ITE311-MALILAY\system\Model.php(286): CodeIgniter\Database\BaseBuilder->get()
#5 C:\xampp\htdocs\ITE311-MALILAY\system\BaseModel.php(677): CodeIgniter\Model->doFindAll(0, 0)
#6 C:\xampp\htdocs\ITE311-MALILAY\app\Libraries\CompletionService.php(56): CodeIgniter\BaseModel->findAll()
#7 C:\xampp\htdocs\ITE311-MALILAY\app\Controllers\Auth.php(169): App\Libraries\CompletionService->checkAndUpdateCompletions()
#8 C:\xampp\htdocs\ITE311-MALILAY\system\CodeIgniter.php(933): App\Controllers\Auth->dashboard()
#9 C:\xampp\htdocs\ITE311-MALILAY\system\CodeIgniter.php(507): CodeIgniter\CodeIgniter->runController(Object(App\Controllers\Auth))
#10 C:\xampp\htdocs\ITE311-MALILAY\system\CodeIgniter.php(354): CodeIgniter\CodeIgniter->handleRequest(NULL, Object(Config\Cache), false)
#11 C:\xampp\htdocs\ITE311-MALILAY\system\Boot.php(363): CodeIgniter\CodeIgniter->run()
#12 C:\xampp\htdocs\ITE311-MALILAY\system\Boot.php(68): CodeIgniter\Boot::runCodeIgniter(Object(CodeIgniter\CodeIgniter))
#13 C:\xampp\htdocs\ITE311-MALILAY\index.php(88): CodeIgniter\Boot::bootWeb(Object(Config\Paths))
#14 {main}
ERROR - 2025-12-11 00:33:32 --> Error checking completions: Unknown column 'courses.deleted_at' in 'where clause'
ERROR - 2025-12-11 00:33:43 --> mysqli_sql_exception: Unknown column 'courses.deleted_at' in 'where clause' in C:\xampp\htdocs\ITE311-MALILAY\system\Database\MySQLi\Connection.php:327
Stack trace:
#0 C:\xampp\htdocs\ITE311-MALILAY\system\Database\MySQLi\Connection.php(327): mysqli->query('SELECT *\nFROM `...', 0)
#1 C:\xampp\htdocs\ITE311-MALILAY\system\Database\BaseConnection.php(729): CodeIgniter\Database\MySQLi\Connection->execute('SELECT *\nFROM `...')
#2 C:\xampp\htdocs\ITE311-MALILAY\system\Database\BaseConnection.php(646): CodeIgniter\Database\BaseConnection->simpleQuery('SELECT *\nFROM `...')
#3 C:\xampp\htdocs\ITE311-MALILAY\system\Database\BaseBuilder.php(1649): CodeIgniter\Database\BaseConnection->query('SELECT *\nFROM `...', Array, false)
#4 C:\xampp\htdocs\ITE311-MALILAY\system\Model.php(286): CodeIgniter\Database\BaseBuilder->get()
#5 C:\xampp\htdocs\ITE311-MALILAY\system\BaseModel.php(677): CodeIgniter\Model->doFindAll(0, 0)
#6 C:\xampp\htdocs\ITE311-MALILAY\app\Libraries\CompletionService.php(56): CodeIgniter\BaseModel->findAll()
#7 C:\xampp\htdocs\ITE311-MALILAY\app\Controllers\Auth.php(169): App\Libraries\CompletionService->checkAndUpdateCompletions()
#8 C:\xampp\htdocs\ITE311-MALILAY\system\CodeIgniter.php(933): App\Controllers\Auth->dashboard()
#9 C:\xampp\htdocs\ITE311-MALILAY\system\CodeIgniter.php(507): CodeIgniter\CodeIgniter->runController(Object(App\Controllers\Auth))
#10 C:\xampp\htdocs\ITE311-MALILAY\system\CodeIgniter.php(354): CodeIgniter\CodeIgniter->handleRequest(NULL, Object(Config\Cache), false)
#11 C:\xampp\htdocs\ITE311-MALILAY\system\Boot.php(363): CodeIgniter\CodeIgniter->run()
#12 C:\xampp\htdocs\ITE311-MALILAY\system\Boot.php(68): CodeIgniter\Boot::runCodeIgniter(Object(CodeIgniter\CodeIgniter))
#13 C:\xampp\htdocs\ITE311-MALILAY\index.php(88): CodeIgniter\Boot::bootWeb(Object(Config\Paths))
#14 {main}
ERROR - 2025-12-11 00:33:43 --> Error checking completions: Unknown column 'courses.deleted_at' in 'where clause'
ERROR - 2025-12-11 00:33:43 --> mysqli_sql_exception: Unknown column 'courses.deleted_at' in 'where clause' in C:\xampp\htdocs\ITE311-MALILAY\system\Database\MySQLi\Connection.php:327
Stack trace:
#0 C:\xampp\htdocs\ITE311-MALILAY\system\Database\MySQLi\Connection.php(327): mysqli->query('SELECT *\nFROM `...', 0)
#1 C:\xampp\htdocs\ITE311-MALILAY\system\Database\BaseConnection.php(729): CodeIgniter\Database\MySQLi\Connection->execute('SELECT *\nFROM `...')
#2 C:\xampp\htdocs\ITE311-MALILAY\system\Database\BaseConnection.php(646): CodeIgniter\Database\BaseConnection->simpleQuery('SELECT *\nFROM `...')
#3 C:\xampp\htdocs\ITE311-MALILAY\system\Database\BaseBuilder.php(1649): CodeIgniter\Database\BaseConnection->query('SELECT *\nFROM `...', Array, false)
#4 C:\xampp\htdocs\ITE311-MALILAY\system\Model.php(286): CodeIgniter\Database\BaseBuilder->get()
#5 C:\xampp\htdocs\ITE311-MALILAY\system\BaseModel.php(677): CodeIgniter\Model->doFindAll(0, 0)
#6 C:\xampp\htdocs\ITE311-MALILAY\app\Controllers\Auth.php(263): CodeIgniter\BaseModel->findAll()
#7 C:\xampp\htdocs\ITE311-MALILAY\system\CodeIgniter.php(933): App\Controllers\Auth->dashboard()
#8 C:\xampp\htdocs\ITE311-MALILAY\system\CodeIgniter.php(507): CodeIgniter\CodeIgniter->runController(Object(App\Controllers\Auth))
#9 C:\xampp\htdocs\ITE311-MALILAY\system\CodeIgniter.php(354): CodeIgniter\CodeIgniter->handleRequest(NULL, Object(Config\Cache), false)
#10 C:\xampp\htdocs\ITE311-MALILAY\system\Boot.php(363): CodeIgniter\CodeIgniter->run()
#11 C:\xampp\htdocs\ITE311-MALILAY\system\Boot.php(68): CodeIgniter\Boot::runCodeIgniter(Object(CodeIgniter\CodeIgniter))
#12 C:\xampp\htdocs\ITE311-MALILAY\index.php(88): CodeIgniter\Boot::bootWeb(Object(Config\Paths))
#13 {main}
CRITICAL - 2025-12-11 00:33:43 --> CodeIgniter\Database\Exceptions\DatabaseException: Unknown column 'courses.deleted_at' in 'where clause'
[Method: GET, Route: dashboard]
in SYSTEMPATH\Database\BaseConnection.php on line 684.
 1 SYSTEMPATH\Database\BaseBuilder.php(1649): CodeIgniter\Database\BaseConnection->query('SELECT *
FROM `courses`
WHERE `courses`.`deleted_at` IS NULL
ORDER BY `title` ASC', [], false)
 2 SYSTEMPATH\Model.php(286): CodeIgniter\Database\BaseBuilder->get()
 3 SYSTEMPATH\BaseModel.php(677): CodeIgniter\Model->doFindAll(0, 0)
 4 APPPATH\Controllers\Auth.php(263): CodeIgniter\BaseModel->findAll()
 5 SYSTEMPATH\CodeIgniter.php(933): App\Controllers\Auth->dashboard()
 6 SYSTEMPATH\CodeIgniter.php(507): CodeIgniter\CodeIgniter->runController(Object(App\Controllers\Auth))
 7 SYSTEMPATH\CodeIgniter.php(354): CodeIgniter\CodeIgniter->handleRequest(null, Object(Config\Cache), false)
 8 SYSTEMPATH\Boot.php(363): CodeIgniter\CodeIgniter->run()
 9 SYSTEMPATH\Boot.php(68): CodeIgniter\Boot::runCodeIgniter(Object(CodeIgniter\CodeIgniter))
10 FCPATH\index.php(88): CodeIgniter\Boot::bootWeb(Object(Config\Paths))
CRITICAL - 2025-12-11 00:33:43 --> [Caused by] CodeIgniter\Database\Exceptions\DatabaseException: Unknown column 'courses.deleted_at' in 'where clause'
in SYSTEMPATH\Database\MySQLi\Connection.php on line 332.
 1 SYSTEMPATH\Database\BaseConnection.php(729): CodeIgniter\Database\MySQLi\Connection->execute('SELECT *
FROM `courses`
WHERE `courses`.`deleted_at` IS NULL
ORDER BY `title` ASC')
 2 SYSTEMPATH\Database\BaseConnection.php(646): CodeIgniter\Database\BaseConnection->simpleQuery('SELECT *
FROM `courses`
WHERE `courses`.`deleted_at` IS NULL
ORDER BY `title` ASC')
 3 SYSTEMPATH\Database\BaseBuilder.php(1649): CodeIgniter\Database\BaseConnection->query('SELECT *
FROM `courses`
WHERE `courses`.`deleted_at` IS NULL
ORDER BY `title` ASC', [], false)
 4 SYSTEMPATH\Model.php(286): CodeIgniter\Database\BaseBuilder->get()
 5 SYSTEMPATH\BaseModel.php(677): CodeIgniter\Model->doFindAll(0, 0)
 6 APPPATH\Controllers\Auth.php(263): CodeIgniter\BaseModel->findAll()
 7 SYSTEMPATH\CodeIgniter.php(933): App\Controllers\Auth->dashboard()
 8 SYSTEMPATH\CodeIgniter.php(507): CodeIgniter\CodeIgniter->runController(Object(App\Controllers\Auth))
 9 SYSTEMPATH\CodeIgniter.php(354): CodeIgniter\CodeIgniter->handleRequest(null, Object(Config\Cache), false)
10 SYSTEMPATH\Boot.php(363): CodeIgniter\CodeIgniter->run()
11 SYSTEMPATH\Boot.php(68): CodeIgniter\Boot::runCodeIgniter(Object(CodeIgniter\CodeIgniter))
12 FCPATH\index.php(88): CodeIgniter\Boot::bootWeb(Object(Config\Paths))
CRITICAL - 2025-12-11 00:33:43 --> [Caused by] mysqli_sql_exception: Unknown column 'courses.deleted_at' in 'where clause'
in SYSTEMPATH\Database\MySQLi\Connection.php on line 327.
 1 SYSTEMPATH\Database\MySQLi\Connection.php(327): mysqli->query('SELECT *
FROM `courses`
WHERE `courses`.`deleted_at` IS NULL
ORDER BY `title` ASC', 0)
 2 SYSTEMPATH\Database\BaseConnection.php(729): CodeIgniter\Database\MySQLi\Connection->execute('SELECT *
FROM `courses`
WHERE `courses`.`deleted_at` IS NULL
ORDER BY `title` ASC')
 3 SYSTEMPATH\Database\BaseConnection.php(646): CodeIgniter\Database\BaseConnection->simpleQuery('SELECT *
FROM `courses`
WHERE `courses`.`deleted_at` IS NULL
ORDER BY `title` ASC')
 4 SYSTEMPATH\Database\BaseBuilder.php(1649): CodeIgniter\Database\BaseConnection->query('SELECT *
FROM `courses`
WHERE `courses`.`deleted_at` IS NULL
ORDER BY `title` ASC', [], false)
 5 SYSTEMPATH\Model.php(286): CodeIgniter\Database\BaseBuilder->get()
 6 SYSTEMPATH\BaseModel.php(677): CodeIgniter\Model->doFindAll(0, 0)
 7 APPPATH\Controllers\Auth.php(263): CodeIgniter\BaseModel->findAll()
 8 SYSTEMPATH\CodeIgniter.php(933): App\Controllers\Auth->dashboard()
 9 SYSTEMPATH\CodeIgniter.php(507): CodeIgniter\CodeIgniter->runController(Object(App\Controllers\Auth))
10 SYSTEMPATH\CodeIgniter.php(354): CodeIgniter\CodeIgniter->handleRequest(null, Object(Config\Cache), false)
11 SYSTEMPATH\Boot.php(363): CodeIgniter\CodeIgniter->run()
12 SYSTEMPATH\Boot.php(68): CodeIgniter\Boot::runCodeIgniter(Object(CodeIgniter\CodeIgniter))
13 FCPATH\index.php(88): CodeIgniter\Boot::bootWeb(Object(Config\Paths))
ERROR - 2025-12-11 00:35:48 --> mysqli_sql_exception: Unknown column 'courses.deleted_at' in 'where clause' in C:\xampp\htdocs\ITE311-MALILAY\system\Database\MySQLi\Connection.php:327
Stack trace:
#0 C:\xampp\htdocs\ITE311-MALILAY\system\Database\MySQLi\Connection.php(327): mysqli->query('SELECT *\nFROM `...', 0)
#1 C:\xampp\htdocs\ITE311-MALILAY\system\Database\BaseConnection.php(729): CodeIgniter\Database\MySQLi\Connection->execute('SELECT *\nFROM `...')
#2 C:\xampp\htdocs\ITE311-MALILAY\system\Database\BaseConnection.php(646): CodeIgniter\Database\BaseConnection->simpleQuery('SELECT *\nFROM `...')
#3 C:\xampp\htdocs\ITE311-MALILAY\system\Database\BaseBuilder.php(1649): CodeIgniter\Database\BaseConnection->query('SELECT *\nFROM `...', Array, false)
#4 C:\xampp\htdocs\ITE311-MALILAY\system\Model.php(286): CodeIgniter\Database\BaseBuilder->get()
#5 C:\xampp\htdocs\ITE311-MALILAY\system\BaseModel.php(677): CodeIgniter\Model->doFindAll(0, 0)
#6 C:\xampp\htdocs\ITE311-MALILAY\app\Libraries\CompletionService.php(56): CodeIgniter\BaseModel->findAll()
#7 C:\xampp\htdocs\ITE311-MALILAY\app\Controllers\Auth.php(169): App\Libraries\CompletionService->checkAndUpdateCompletions()
#8 C:\xampp\htdocs\ITE311-MALILAY\system\CodeIgniter.php(933): App\Controllers\Auth->dashboard()
#9 C:\xampp\htdocs\ITE311-MALILAY\system\CodeIgniter.php(507): CodeIgniter\CodeIgniter->runController(Object(App\Controllers\Auth))
#10 C:\xampp\htdocs\ITE311-MALILAY\system\CodeIgniter.php(354): CodeIgniter\CodeIgniter->handleRequest(NULL, Object(Config\Cache), false)
#11 C:\xampp\htdocs\ITE311-MALILAY\system\Boot.php(363): CodeIgniter\CodeIgniter->run()
#12 C:\xampp\htdocs\ITE311-MALILAY\system\Boot.php(68): CodeIgniter\Boot::runCodeIgniter(Object(CodeIgniter\CodeIgniter))
#13 C:\xampp\htdocs\ITE311-MALILAY\index.php(88): CodeIgniter\Boot::bootWeb(Object(Config\Paths))
#14 {main}
ERROR - 2025-12-11 00:35:48 --> Error checking completions: Unknown column 'courses.deleted_at' in 'where clause'
ERROR - 2025-12-11 00:35:48 --> mysqli_sql_exception: Unknown column 'courses.deleted_at' in 'where clause' in C:\xampp\htdocs\ITE311-MALILAY\system\Database\MySQLi\Connection.php:327
Stack trace:
#0 C:\xampp\htdocs\ITE311-MALILAY\system\Database\MySQLi\Connection.php(327): mysqli->query('SELECT *\nFROM `...', 0)
#1 C:\xampp\htdocs\ITE311-MALILAY\system\Database\BaseConnection.php(729): CodeIgniter\Database\MySQLi\Connection->execute('SELECT *\nFROM `...')
#2 C:\xampp\htdocs\ITE311-MALILAY\system\Database\BaseConnection.php(646): CodeIgniter\Database\BaseConnection->simpleQuery('SELECT *\nFROM `...')
#3 C:\xampp\htdocs\ITE311-MALILAY\system\Database\BaseBuilder.php(1649): CodeIgniter\Database\BaseConnection->query('SELECT *\nFROM `...', Array, false)
#4 C:\xampp\htdocs\ITE311-MALILAY\system\Model.php(286): CodeIgniter\Database\BaseBuilder->get()
#5 C:\xampp\htdocs\ITE311-MALILAY\system\BaseModel.php(677): CodeIgniter\Model->doFindAll(0, 0)
#6 C:\xampp\htdocs\ITE311-MALILAY\app\Controllers\Auth.php(263): CodeIgniter\BaseModel->findAll()
#7 C:\xampp\htdocs\ITE311-MALILAY\system\CodeIgniter.php(933): App\Controllers\Auth->dashboard()
#8 C:\xampp\htdocs\ITE311-MALILAY\system\CodeIgniter.php(507): CodeIgniter\CodeIgniter->runController(Object(App\Controllers\Auth))
#9 C:\xampp\htdocs\ITE311-MALILAY\system\CodeIgniter.php(354): CodeIgniter\CodeIgniter->handleRequest(NULL, Object(Config\Cache), false)
#10 C:\xampp\htdocs\ITE311-MALILAY\system\Boot.php(363): CodeIgniter\CodeIgniter->run()
#11 C:\xampp\htdocs\ITE311-MALILAY\system\Boot.php(68): CodeIgniter\Boot::runCodeIgniter(Object(CodeIgniter\CodeIgniter))
#12 C:\xampp\htdocs\ITE311-MALILAY\index.php(88): CodeIgniter\Boot::bootWeb(Object(Config\Paths))
#13 {main}
CRITICAL - 2025-12-11 00:35:48 --> CodeIgniter\Database\Exceptions\DatabaseException: Unknown column 'courses.deleted_at' in 'where clause'
[Method: GET, Route: dashboard]
in SYSTEMPATH\Database\BaseConnection.php on line 684.
 1 SYSTEMPATH\Database\BaseBuilder.php(1649): CodeIgniter\Database\BaseConnection->query('SELECT *
FROM `courses`
WHERE `courses`.`deleted_at` IS NULL
ORDER BY `title` ASC', [], false)
 2 SYSTEMPATH\Model.php(286): CodeIgniter\Database\BaseBuilder->get()
 3 SYSTEMPATH\BaseModel.php(677): CodeIgniter\Model->doFindAll(0, 0)
 4 APPPATH\Controllers\Auth.php(263): CodeIgniter\BaseModel->findAll()
 5 SYSTEMPATH\CodeIgniter.php(933): App\Controllers\Auth->dashboard()
 6 SYSTEMPATH\CodeIgniter.php(507): CodeIgniter\CodeIgniter->runController(Object(App\Controllers\Auth))
 7 SYSTEMPATH\CodeIgniter.php(354): CodeIgniter\CodeIgniter->handleRequest(null, Object(Config\Cache), false)
 8 SYSTEMPATH\Boot.php(363): CodeIgniter\CodeIgniter->run()
 9 SYSTEMPATH\Boot.php(68): CodeIgniter\Boot::runCodeIgniter(Object(CodeIgniter\CodeIgniter))
10 FCPATH\index.php(88): CodeIgniter\Boot::bootWeb(Object(Config\Paths))
CRITICAL - 2025-12-11 00:35:48 --> [Caused by] CodeIgniter\Database\Exceptions\DatabaseException: Unknown column 'courses.deleted_at' in 'where clause'
in SYSTEMPATH\Database\MySQLi\Connection.php on line 332.
 1 SYSTEMPATH\Database\BaseConnection.php(729): CodeIgniter\Database\MySQLi\Connection->execute('SELECT *
FROM `courses`
WHERE `courses`.`deleted_at` IS NULL
ORDER BY `title` ASC')
 2 SYSTEMPATH\Database\BaseConnection.php(646): CodeIgniter\Database\BaseConnection->simpleQuery('SELECT *
FROM `courses`
WHERE `courses`.`deleted_at` IS NULL
ORDER BY `title` ASC')
 3 SYSTEMPATH\Database\BaseBuilder.php(1649): CodeIgniter\Database\BaseConnection->query('SELECT *
FROM `courses`
WHERE `courses`.`deleted_at` IS NULL
ORDER BY `title` ASC', [], false)
 4 SYSTEMPATH\Model.php(286): CodeIgniter\Database\BaseBuilder->get()
 5 SYSTEMPATH\BaseModel.php(677): CodeIgniter\Model->doFindAll(0, 0)
 6 APPPATH\Controllers\Auth.php(263): CodeIgniter\BaseModel->findAll()
 7 SYSTEMPATH\CodeIgniter.php(933): App\Controllers\Auth->dashboard()
 8 SYSTEMPATH\CodeIgniter.php(507): CodeIgniter\CodeIgniter->runController(Object(App\Controllers\Auth))
 9 SYSTEMPATH\CodeIgniter.php(354): CodeIgniter\CodeIgniter->handleRequest(null, Object(Config\Cache), false)
10 SYSTEMPATH\Boot.php(363): CodeIgniter\CodeIgniter->run()
11 SYSTEMPATH\Boot.php(68): CodeIgniter\Boot::runCodeIgniter(Object(CodeIgniter\CodeIgniter))
12 FCPATH\index.php(88): CodeIgniter\Boot::bootWeb(Object(Config\Paths))
CRITICAL - 2025-12-11 00:35:48 --> [Caused by] mysqli_sql_exception: Unknown column 'courses.deleted_at' in 'where clause'
in SYSTEMPATH\Database\MySQLi\Connection.php on line 327.
 1 SYSTEMPATH\Database\MySQLi\Connection.php(327): mysqli->query('SELECT *
FROM `courses`
WHERE `courses`.`deleted_at` IS NULL
ORDER BY `title` ASC', 0)
 2 SYSTEMPATH\Database\BaseConnection.php(729): CodeIgniter\Database\MySQLi\Connection->execute('SELECT *
FROM `courses`
WHERE `courses`.`deleted_at` IS NULL
ORDER BY `title` ASC')
 3 SYSTEMPATH\Database\BaseConnection.php(646): CodeIgniter\Database\BaseConnection->simpleQuery('SELECT *
FROM `courses`
WHERE `courses`.`deleted_at` IS NULL
ORDER BY `title` ASC')
 4 SYSTEMPATH\Database\BaseBuilder.php(1649): CodeIgniter\Database\BaseConnection->query('SELECT *
FROM `courses`
WHERE `courses`.`deleted_at` IS NULL
ORDER BY `title` ASC', [], false)
 5 SYSTEMPATH\Model.php(286): CodeIgniter\Database\BaseBuilder->get()
 6 SYSTEMPATH\BaseModel.php(677): CodeIgniter\Model->doFindAll(0, 0)
 7 APPPATH\Controllers\Auth.php(263): CodeIgniter\BaseModel->findAll()
 8 SYSTEMPATH\CodeIgniter.php(933): App\Controllers\Auth->dashboard()
 9 SYSTEMPATH\CodeIgniter.php(507): CodeIgniter\CodeIgniter->runController(Object(App\Controllers\Auth))
10 SYSTEMPATH\CodeIgniter.php(354): CodeIgniter\CodeIgniter->handleRequest(null, Object(Config\Cache), false)
11 SYSTEMPATH\Boot.php(363): CodeIgniter\CodeIgniter->run()
12 SYSTEMPATH\Boot.php(68): CodeIgniter\Boot::runCodeIgniter(Object(CodeIgniter\CodeIgniter))
13 FCPATH\index.php(88): CodeIgniter\Boot::bootWeb(Object(Config\Paths))
ERROR - 2025-12-11 00:35:49 --> mysqli_sql_exception: Unknown column 'courses.deleted_at' in 'where clause' in C:\xampp\htdocs\ITE311-MALILAY\system\Database\MySQLi\Connection.php:327
Stack trace:
#0 C:\xampp\htdocs\ITE311-MALILAY\system\Database\MySQLi\Connection.php(327): mysqli->query('SELECT *\nFROM `...', 0)
#1 C:\xampp\htdocs\ITE311-MALILAY\system\Database\BaseConnection.php(729): CodeIgniter\Database\MySQLi\Connection->execute('SELECT *\nFROM `...')
#2 C:\xampp\htdocs\ITE311-MALILAY\system\Database\BaseConnection.php(646): CodeIgniter\Database\BaseConnection->simpleQuery('SELECT *\nFROM `...')
#3 C:\xampp\htdocs\ITE311-MALILAY\system\Database\BaseBuilder.php(1649): CodeIgniter\Database\BaseConnection->query('SELECT *\nFROM `...', Array, false)
#4 C:\xampp\htdocs\ITE311-MALILAY\system\Model.php(286): CodeIgniter\Database\BaseBuilder->get()
#5 C:\xampp\htdocs\ITE311-MALILAY\system\BaseModel.php(677): CodeIgniter\Model->doFindAll(0, 0)
#6 C:\xampp\htdocs\ITE311-MALILAY\app\Libraries\CompletionService.php(56): CodeIgniter\BaseModel->findAll()
#7 C:\xampp\htdocs\ITE311-MALILAY\app\Controllers\Auth.php(169): App\Libraries\CompletionService->checkAndUpdateCompletions()
#8 C:\xampp\htdocs\ITE311-MALILAY\system\CodeIgniter.php(933): App\Controllers\Auth->dashboard()
#9 C:\xampp\htdocs\ITE311-MALILAY\system\CodeIgniter.php(507): CodeIgniter\CodeIgniter->runController(Object(App\Controllers\Auth))
#10 C:\xampp\htdocs\ITE311-MALILAY\system\CodeIgniter.php(354): CodeIgniter\CodeIgniter->handleRequest(NULL, Object(Config\Cache), false)
#11 C:\xampp\htdocs\ITE311-MALILAY\system\Boot.php(363): CodeIgniter\CodeIgniter->run()
#12 C:\xampp\htdocs\ITE311-MALILAY\system\Boot.php(68): CodeIgniter\Boot::runCodeIgniter(Object(CodeIgniter\CodeIgniter))
#13 C:\xampp\htdocs\ITE311-MALILAY\index.php(88): CodeIgniter\Boot::bootWeb(Object(Config\Paths))
#14 {main}
ERROR - 2025-12-11 00:35:49 --> Error checking completions: Unknown column 'courses.deleted_at' in 'where clause'
ERROR - 2025-12-11 00:35:49 --> mysqli_sql_exception: Unknown column 'courses.deleted_at' in 'where clause' in C:\xampp\htdocs\ITE311-MALILAY\system\Database\MySQLi\Connection.php:327
Stack trace:
#0 C:\xampp\htdocs\ITE311-MALILAY\system\Database\MySQLi\Connection.php(327): mysqli->query('SELECT *\nFROM `...', 0)
#1 C:\xampp\htdocs\ITE311-MALILAY\system\Database\BaseConnection.php(729): CodeIgniter\Database\MySQLi\Connection->execute('SELECT *\nFROM `...')
#2 C:\xampp\htdocs\ITE311-MALILAY\system\Database\BaseConnection.php(646): CodeIgniter\Database\BaseConnection->simpleQuery('SELECT *\nFROM `...')
#3 C:\xampp\htdocs\ITE311-MALILAY\system\Database\BaseBuilder.php(1649): CodeIgniter\Database\BaseConnection->query('SELECT *\nFROM `...', Array, false)
#4 C:\xampp\htdocs\ITE311-MALILAY\system\Model.php(286): CodeIgniter\Database\BaseBuilder->get()
#5 C:\xampp\htdocs\ITE311-MALILAY\system\BaseModel.php(677): CodeIgniter\Model->doFindAll(0, 0)
#6 C:\xampp\htdocs\ITE311-MALILAY\app\Controllers\Auth.php(263): CodeIgniter\BaseModel->findAll()
#7 C:\xampp\htdocs\ITE311-MALILAY\system\CodeIgniter.php(933): App\Controllers\Auth->dashboard()
#8 C:\xampp\htdocs\ITE311-MALILAY\system\CodeIgniter.php(507): CodeIgniter\CodeIgniter->runController(Object(App\Controllers\Auth))
#9 C:\xampp\htdocs\ITE311-MALILAY\system\CodeIgniter.php(354): CodeIgniter\CodeIgniter->handleRequest(NULL, Object(Config\Cache), false)
#10 C:\xampp\htdocs\ITE311-MALILAY\system\Boot.php(363): CodeIgniter\CodeIgniter->run()
#11 C:\xampp\htdocs\ITE311-MALILAY\system\Boot.php(68): CodeIgniter\Boot::runCodeIgniter(Object(CodeIgniter\CodeIgniter))
#12 C:\xampp\htdocs\ITE311-MALILAY\index.php(88): CodeIgniter\Boot::bootWeb(Object(Config\Paths))
#13 {main}
CRITICAL - 2025-12-11 00:35:49 --> CodeIgniter\Database\Exceptions\DatabaseException: Unknown column 'courses.deleted_at' in 'where clause'
[Method: GET, Route: dashboard]
in SYSTEMPATH\Database\BaseConnection.php on line 684.
 1 SYSTEMPATH\Database\BaseBuilder.php(1649): CodeIgniter\Database\BaseConnection->query('SELECT *
FROM `courses`
WHERE `courses`.`deleted_at` IS NULL
ORDER BY `title` ASC', [], false)
 2 SYSTEMPATH\Model.php(286): CodeIgniter\Database\BaseBuilder->get()
 3 SYSTEMPATH\BaseModel.php(677): CodeIgniter\Model->doFindAll(0, 0)
 4 APPPATH\Controllers\Auth.php(263): CodeIgniter\BaseModel->findAll()
 5 SYSTEMPATH\CodeIgniter.php(933): App\Controllers\Auth->dashboard()
 6 SYSTEMPATH\CodeIgniter.php(507): CodeIgniter\CodeIgniter->runController(Object(App\Controllers\Auth))
 7 SYSTEMPATH\CodeIgniter.php(354): CodeIgniter\CodeIgniter->handleRequest(null, Object(Config\Cache), false)
 8 SYSTEMPATH\Boot.php(363): CodeIgniter\CodeIgniter->run()
 9 SYSTEMPATH\Boot.php(68): CodeIgniter\Boot::runCodeIgniter(Object(CodeIgniter\CodeIgniter))
10 FCPATH\index.php(88): CodeIgniter\Boot::bootWeb(Object(Config\Paths))
CRITICAL - 2025-12-11 00:35:49 --> [Caused by] CodeIgniter\Database\Exceptions\DatabaseException: Unknown column 'courses.deleted_at' in 'where clause'
in SYSTEMPATH\Database\MySQLi\Connection.php on line 332.
 1 SYSTEMPATH\Database\BaseConnection.php(729): CodeIgniter\Database\MySQLi\Connection->execute('SELECT *
FROM `courses`
WHERE `courses`.`deleted_at` IS NULL
ORDER BY `title` ASC')
 2 SYSTEMPATH\Database\BaseConnection.php(646): CodeIgniter\Database\BaseConnection->simpleQuery('SELECT *
FROM `courses`
WHERE `courses`.`deleted_at` IS NULL
ORDER BY `title` ASC')
 3 SYSTEMPATH\Database\BaseBuilder.php(1649): CodeIgniter\Database\BaseConnection->query('SELECT *
FROM `courses`
WHERE `courses`.`deleted_at` IS NULL
ORDER BY `title` ASC', [], false)
 4 SYSTEMPATH\Model.php(286): CodeIgniter\Database\BaseBuilder->get()
 5 SYSTEMPATH\BaseModel.php(677): CodeIgniter\Model->doFindAll(0, 0)
 6 APPPATH\Controllers\Auth.php(263): CodeIgniter\BaseModel->findAll()
 7 SYSTEMPATH\CodeIgniter.php(933): App\Controllers\Auth->dashboard()
 8 SYSTEMPATH\CodeIgniter.php(507): CodeIgniter\CodeIgniter->runController(Object(App\Controllers\Auth))
 9 SYSTEMPATH\CodeIgniter.php(354): CodeIgniter\CodeIgniter->handleRequest(null, Object(Config\Cache), false)
10 SYSTEMPATH\Boot.php(363): CodeIgniter\CodeIgniter->run()
11 SYSTEMPATH\Boot.php(68): CodeIgniter\Boot::runCodeIgniter(Object(CodeIgniter\CodeIgniter))
12 FCPATH\index.php(88): CodeIgniter\Boot::bootWeb(Object(Config\Paths))
CRITICAL - 2025-12-11 00:35:49 --> [Caused by] mysqli_sql_exception: Unknown column 'courses.deleted_at' in 'where clause'
in SYSTEMPATH\Database\MySQLi\Connection.php on line 327.
 1 SYSTEMPATH\Database\MySQLi\Connection.php(327): mysqli->query('SELECT *
FROM `courses`
WHERE `courses`.`deleted_at` IS NULL
ORDER BY `title` ASC', 0)
 2 SYSTEMPATH\Database\BaseConnection.php(729): CodeIgniter\Database\MySQLi\Connection->execute('SELECT *
FROM `courses`
WHERE `courses`.`deleted_at` IS NULL
ORDER BY `title` ASC')
 3 SYSTEMPATH\Database\BaseConnection.php(646): CodeIgniter\Database\BaseConnection->simpleQuery('SELECT *
FROM `courses`
WHERE `courses`.`deleted_at` IS NULL
ORDER BY `title` ASC')
 4 SYSTEMPATH\Database\BaseBuilder.php(1649): CodeIgniter\Database\BaseConnection->query('SELECT *
FROM `courses`
WHERE `courses`.`deleted_at` IS NULL
ORDER BY `title` ASC', [], false)
 5 SYSTEMPATH\Model.php(286): CodeIgniter\Database\BaseBuilder->get()
 6 SYSTEMPATH\BaseModel.php(677): CodeIgniter\Model->doFindAll(0, 0)
 7 APPPATH\Controllers\Auth.php(263): CodeIgniter\BaseModel->findAll()
 8 SYSTEMPATH\CodeIgniter.php(933): App\Controllers\Auth->dashboard()
 9 SYSTEMPATH\CodeIgniter.php(507): CodeIgniter\CodeIgniter->runController(Object(App\Controllers\Auth))
10 SYSTEMPATH\CodeIgniter.php(354): CodeIgniter\CodeIgniter->handleRequest(null, Object(Config\Cache), false)
11 SYSTEMPATH\Boot.php(363): CodeIgniter\CodeIgniter->run()
12 SYSTEMPATH\Boot.php(68): CodeIgniter\Boot::runCodeIgniter(Object(CodeIgniter\CodeIgniter))
13 FCPATH\index.php(88): CodeIgniter\Boot::bootWeb(Object(Config\Paths))
ERROR - 2025-12-11 00:35:49 --> mysqli_sql_exception: Unknown column 'courses.deleted_at' in 'where clause' in C:\xampp\htdocs\ITE311-MALILAY\system\Database\MySQLi\Connection.php:327
Stack trace:
#0 C:\xampp\htdocs\ITE311-MALILAY\system\Database\MySQLi\Connection.php(327): mysqli->query('SELECT *\nFROM `...', 0)
#1 C:\xampp\htdocs\ITE311-MALILAY\system\Database\BaseConnection.php(729): CodeIgniter\Database\MySQLi\Connection->execute('SELECT *\nFROM `...')
#2 C:\xampp\htdocs\ITE311-MALILAY\system\Database\BaseConnection.php(646): CodeIgniter\Database\BaseConnection->simpleQuery('SELECT *\nFROM `...')
#3 C:\xampp\htdocs\ITE311-MALILAY\system\Database\BaseBuilder.php(1649): CodeIgniter\Database\BaseConnection->query('SELECT *\nFROM `...', Array, false)
#4 C:\xampp\htdocs\ITE311-MALILAY\system\Model.php(286): CodeIgniter\Database\BaseBuilder->get()
#5 C:\xampp\htdocs\ITE311-MALILAY\system\BaseModel.php(677): CodeIgniter\Model->doFindAll(0, 0)
#6 C:\xampp\htdocs\ITE311-MALILAY\app\Libraries\CompletionService.php(56): CodeIgniter\BaseModel->findAll()
#7 C:\xampp\htdocs\ITE311-MALILAY\app\Controllers\Auth.php(169): App\Libraries\CompletionService->checkAndUpdateCompletions()
#8 C:\xampp\htdocs\ITE311-MALILAY\system\CodeIgniter.php(933): App\Controllers\Auth->dashboard()
#9 C:\xampp\htdocs\ITE311-MALILAY\system\CodeIgniter.php(507): CodeIgniter\CodeIgniter->runController(Object(App\Controllers\Auth))
#10 C:\xampp\htdocs\ITE311-MALILAY\system\CodeIgniter.php(354): CodeIgniter\CodeIgniter->handleRequest(NULL, Object(Config\Cache), false)
#11 C:\xampp\htdocs\ITE311-MALILAY\system\Boot.php(363): CodeIgniter\CodeIgniter->run()
#12 C:\xampp\htdocs\ITE311-MALILAY\system\Boot.php(68): CodeIgniter\Boot::runCodeIgniter(Object(CodeIgniter\CodeIgniter))
#13 C:\xampp\htdocs\ITE311-MALILAY\index.php(88): CodeIgniter\Boot::bootWeb(Object(Config\Paths))
#14 {main}
ERROR - 2025-12-11 00:35:49 --> Error checking completions: Unknown column 'courses.deleted_at' in 'where clause'
ERROR - 2025-12-11 00:35:49 --> mysqli_sql_exception: Unknown column 'courses.deleted_at' in 'where clause' in C:\xampp\htdocs\ITE311-MALILAY\system\Database\MySQLi\Connection.php:327
Stack trace:
#0 C:\xampp\htdocs\ITE311-MALILAY\system\Database\MySQLi\Connection.php(327): mysqli->query('SELECT *\nFROM `...', 0)
#1 C:\xampp\htdocs\ITE311-MALILAY\system\Database\BaseConnection.php(729): CodeIgniter\Database\MySQLi\Connection->execute('SELECT *\nFROM `...')
#2 C:\xampp\htdocs\ITE311-MALILAY\system\Database\BaseConnection.php(646): CodeIgniter\Database\BaseConnection->simpleQuery('SELECT *\nFROM `...')
#3 C:\xampp\htdocs\ITE311-MALILAY\system\Database\BaseBuilder.php(1649): CodeIgniter\Database\BaseConnection->query('SELECT *\nFROM `...', Array, false)
#4 C:\xampp\htdocs\ITE311-MALILAY\system\Model.php(286): CodeIgniter\Database\BaseBuilder->get()
#5 C:\xampp\htdocs\ITE311-MALILAY\system\BaseModel.php(677): CodeIgniter\Model->doFindAll(0, 0)
#6 C:\xampp\htdocs\ITE311-MALILAY\app\Controllers\Auth.php(263): CodeIgniter\BaseModel->findAll()
#7 C:\xampp\htdocs\ITE311-MALILAY\system\CodeIgniter.php(933): App\Controllers\Auth->dashboard()
#8 C:\xampp\htdocs\ITE311-MALILAY\system\CodeIgniter.php(507): CodeIgniter\CodeIgniter->runController(Object(App\Controllers\Auth))
#9 C:\xampp\htdocs\ITE311-MALILAY\system\CodeIgniter.php(354): CodeIgniter\CodeIgniter->handleRequest(NULL, Object(Config\Cache), false)
#10 C:\xampp\htdocs\ITE311-MALILAY\system\Boot.php(363): CodeIgniter\CodeIgniter->run()
#11 C:\xampp\htdocs\ITE311-MALILAY\system\Boot.php(68): CodeIgniter\Boot::runCodeIgniter(Object(CodeIgniter\CodeIgniter))
#12 C:\xampp\htdocs\ITE311-MALILAY\index.php(88): CodeIgniter\Boot::bootWeb(Object(Config\Paths))
#13 {main}
CRITICAL - 2025-12-11 00:35:49 --> CodeIgniter\Database\Exceptions\DatabaseException: Unknown column 'courses.deleted_at' in 'where clause'
[Method: GET, Route: dashboard]
in SYSTEMPATH\Database\BaseConnection.php on line 684.
 1 SYSTEMPATH\Database\BaseBuilder.php(1649): CodeIgniter\Database\BaseConnection->query('SELECT *
FROM `courses`
WHERE `courses`.`deleted_at` IS NULL
ORDER BY `title` ASC', [], false)
 2 SYSTEMPATH\Model.php(286): CodeIgniter\Database\BaseBuilder->get()
 3 SYSTEMPATH\BaseModel.php(677): CodeIgniter\Model->doFindAll(0, 0)
 4 APPPATH\Controllers\Auth.php(263): CodeIgniter\BaseModel->findAll()
 5 SYSTEMPATH\CodeIgniter.php(933): App\Controllers\Auth->dashboard()
 6 SYSTEMPATH\CodeIgniter.php(507): CodeIgniter\CodeIgniter->runController(Object(App\Controllers\Auth))
 7 SYSTEMPATH\CodeIgniter.php(354): CodeIgniter\CodeIgniter->handleRequest(null, Object(Config\Cache), false)
 8 SYSTEMPATH\Boot.php(363): CodeIgniter\CodeIgniter->run()
 9 SYSTEMPATH\Boot.php(68): CodeIgniter\Boot::runCodeIgniter(Object(CodeIgniter\CodeIgniter))
10 FCPATH\index.php(88): CodeIgniter\Boot::bootWeb(Object(Config\Paths))
CRITICAL - 2025-12-11 00:35:49 --> [Caused by] CodeIgniter\Database\Exceptions\DatabaseException: Unknown column 'courses.deleted_at' in 'where clause'
in SYSTEMPATH\Database\MySQLi\Connection.php on line 332.
 1 SYSTEMPATH\Database\BaseConnection.php(729): CodeIgniter\Database\MySQLi\Connection->execute('SELECT *
FROM `courses`
WHERE `courses`.`deleted_at` IS NULL
ORDER BY `title` ASC')
 2 SYSTEMPATH\Database\BaseConnection.php(646): CodeIgniter\Database\BaseConnection->simpleQuery('SELECT *
FROM `courses`
WHERE `courses`.`deleted_at` IS NULL
ORDER BY `title` ASC')
 3 SYSTEMPATH\Database\BaseBuilder.php(1649): CodeIgniter\Database\BaseConnection->query('SELECT *
FROM `courses`
WHERE `courses`.`deleted_at` IS NULL
ORDER BY `title` ASC', [], false)
 4 SYSTEMPATH\Model.php(286): CodeIgniter\Database\BaseBuilder->get()
 5 SYSTEMPATH\BaseModel.php(677): CodeIgniter\Model->doFindAll(0, 0)
 6 APPPATH\Controllers\Auth.php(263): CodeIgniter\BaseModel->findAll()
 7 SYSTEMPATH\CodeIgniter.php(933): App\Controllers\Auth->dashboard()
 8 SYSTEMPATH\CodeIgniter.php(507): CodeIgniter\CodeIgniter->runController(Object(App\Controllers\Auth))
 9 SYSTEMPATH\CodeIgniter.php(354): CodeIgniter\CodeIgniter->handleRequest(null, Object(Config\Cache), false)
10 SYSTEMPATH\Boot.php(363): CodeIgniter\CodeIgniter->run()
11 SYSTEMPATH\Boot.php(68): CodeIgniter\Boot::runCodeIgniter(Object(CodeIgniter\CodeIgniter))
12 FCPATH\index.php(88): CodeIgniter\Boot::bootWeb(Object(Config\Paths))
CRITICAL - 2025-12-11 00:35:49 --> [Caused by] mysqli_sql_exception: Unknown column 'courses.deleted_at' in 'where clause'
in SYSTEMPATH\Database\MySQLi\Connection.php on line 327.
 1 SYSTEMPATH\Database\MySQLi\Connection.php(327): mysqli->query('SELECT *
FROM `courses`
WHERE `courses`.`deleted_at` IS NULL
ORDER BY `title` ASC', 0)
 2 SYSTEMPATH\Database\BaseConnection.php(729): CodeIgniter\Database\MySQLi\Connection->execute('SELECT *
FROM `courses`
WHERE `courses`.`deleted_at` IS NULL
ORDER BY `title` ASC')
 3 SYSTEMPATH\Database\BaseConnection.php(646): CodeIgniter\Database\BaseConnection->simpleQuery('SELECT *
FROM `courses`
WHERE `courses`.`deleted_at` IS NULL
ORDER BY `title` ASC')
 4 SYSTEMPATH\Database\BaseBuilder.php(1649): CodeIgniter\Database\BaseConnection->query('SELECT *
FROM `courses`
WHERE `courses`.`deleted_at` IS NULL
ORDER BY `title` ASC', [], false)
 5 SYSTEMPATH\Model.php(286): CodeIgniter\Database\BaseBuilder->get()
 6 SYSTEMPATH\BaseModel.php(677): CodeIgniter\Model->doFindAll(0, 0)
 7 APPPATH\Controllers\Auth.php(263): CodeIgniter\BaseModel->findAll()
 8 SYSTEMPATH\CodeIgniter.php(933): App\Controllers\Auth->dashboard()
 9 SYSTEMPATH\CodeIgniter.php(507): CodeIgniter\CodeIgniter->runController(Object(App\Controllers\Auth))
10 SYSTEMPATH\CodeIgniter.php(354): CodeIgniter\CodeIgniter->handleRequest(null, Object(Config\Cache), false)
11 SYSTEMPATH\Boot.php(363): CodeIgniter\CodeIgniter->run()
12 SYSTEMPATH\Boot.php(68): CodeIgniter\Boot::runCodeIgniter(Object(CodeIgniter\CodeIgniter))
13 FCPATH\index.php(88): CodeIgniter\Boot::bootWeb(Object(Config\Paths))
ERROR - 2025-12-11 00:35:49 --> mysqli_sql_exception: Unknown column 'courses.deleted_at' in 'where clause' in C:\xampp\htdocs\ITE311-MALILAY\system\Database\MySQLi\Connection.php:327
Stack trace:
#0 C:\xampp\htdocs\ITE311-MALILAY\system\Database\MySQLi\Connection.php(327): mysqli->query('SELECT *\nFROM `...', 0)
#1 C:\xampp\htdocs\ITE311-MALILAY\system\Database\BaseConnection.php(729): CodeIgniter\Database\MySQLi\Connection->execute('SELECT *\nFROM `...')
#2 C:\xampp\htdocs\ITE311-MALILAY\system\Database\BaseConnection.php(646): CodeIgniter\Database\BaseConnection->simpleQuery('SELECT *\nFROM `...')
#3 C:\xampp\htdocs\ITE311-MALILAY\system\Database\BaseBuilder.php(1649): CodeIgniter\Database\BaseConnection->query('SELECT *\nFROM `...', Array, false)
#4 C:\xampp\htdocs\ITE311-MALILAY\system\Model.php(286): CodeIgniter\Database\BaseBuilder->get()
#5 C:\xampp\htdocs\ITE311-MALILAY\system\BaseModel.php(677): CodeIgniter\Model->doFindAll(0, 0)
#6 C:\xampp\htdocs\ITE311-MALILAY\app\Libraries\CompletionService.php(56): CodeIgniter\BaseModel->findAll()
#7 C:\xampp\htdocs\ITE311-MALILAY\app\Controllers\Auth.php(169): App\Libraries\CompletionService->checkAndUpdateCompletions()
#8 C:\xampp\htdocs\ITE311-MALILAY\system\CodeIgniter.php(933): App\Controllers\Auth->dashboard()
#9 C:\xampp\htdocs\ITE311-MALILAY\system\CodeIgniter.php(507): CodeIgniter\CodeIgniter->runController(Object(App\Controllers\Auth))
#10 C:\xampp\htdocs\ITE311-MALILAY\system\CodeIgniter.php(354): CodeIgniter\CodeIgniter->handleRequest(NULL, Object(Config\Cache), false)
#11 C:\xampp\htdocs\ITE311-MALILAY\system\Boot.php(363): CodeIgniter\CodeIgniter->run()
#12 C:\xampp\htdocs\ITE311-MALILAY\system\Boot.php(68): CodeIgniter\Boot::runCodeIgniter(Object(CodeIgniter\CodeIgniter))
#13 C:\xampp\htdocs\ITE311-MALILAY\index.php(88): CodeIgniter\Boot::bootWeb(Object(Config\Paths))
#14 {main}
ERROR - 2025-12-11 00:35:49 --> Error checking completions: Unknown column 'courses.deleted_at' in 'where clause'
ERROR - 2025-12-11 00:35:49 --> mysqli_sql_exception: Unknown column 'courses.deleted_at' in 'where clause' in C:\xampp\htdocs\ITE311-MALILAY\system\Database\MySQLi\Connection.php:327
Stack trace:
#0 C:\xampp\htdocs\ITE311-MALILAY\system\Database\MySQLi\Connection.php(327): mysqli->query('SELECT *\nFROM `...', 0)
#1 C:\xampp\htdocs\ITE311-MALILAY\system\Database\BaseConnection.php(729): CodeIgniter\Database\MySQLi\Connection->execute('SELECT *\nFROM `...')
#2 C:\xampp\htdocs\ITE311-MALILAY\system\Database\BaseConnection.php(646): CodeIgniter\Database\BaseConnection->simpleQuery('SELECT *\nFROM `...')
#3 C:\xampp\htdocs\ITE311-MALILAY\system\Database\BaseBuilder.php(1649): CodeIgniter\Database\BaseConnection->query('SELECT *\nFROM `...', Array, false)
#4 C:\xampp\htdocs\ITE311-MALILAY\system\Model.php(286): CodeIgniter\Database\BaseBuilder->get()
#5 C:\xampp\htdocs\ITE311-MALILAY\system\BaseModel.php(677): CodeIgniter\Model->doFindAll(0, 0)
#6 C:\xampp\htdocs\ITE311-MALILAY\app\Controllers\Auth.php(263): CodeIgniter\BaseModel->findAll()
#7 C:\xampp\htdocs\ITE311-MALILAY\system\CodeIgniter.php(933): App\Controllers\Auth->dashboard()
#8 C:\xampp\htdocs\ITE311-MALILAY\system\CodeIgniter.php(507): CodeIgniter\CodeIgniter->runController(Object(App\Controllers\Auth))
#9 C:\xampp\htdocs\ITE311-MALILAY\system\CodeIgniter.php(354): CodeIgniter\CodeIgniter->handleRequest(NULL, Object(Config\Cache), false)
#10 C:\xampp\htdocs\ITE311-MALILAY\system\Boot.php(363): CodeIgniter\CodeIgniter->run()
#11 C:\xampp\htdocs\ITE311-MALILAY\system\Boot.php(68): CodeIgniter\Boot::runCodeIgniter(Object(CodeIgniter\CodeIgniter))
#12 C:\xampp\htdocs\ITE311-MALILAY\index.php(88): CodeIgniter\Boot::bootWeb(Object(Config\Paths))
#13 {main}
CRITICAL - 2025-12-11 00:35:49 --> CodeIgniter\Database\Exceptions\DatabaseException: Unknown column 'courses.deleted_at' in 'where clause'
[Method: GET, Route: dashboard]
in SYSTEMPATH\Database\BaseConnection.php on line 684.
 1 SYSTEMPATH\Database\BaseBuilder.php(1649): CodeIgniter\Database\BaseConnection->query('SELECT *
FROM `courses`
WHERE `courses`.`deleted_at` IS NULL
ORDER BY `title` ASC', [], false)
 2 SYSTEMPATH\Model.php(286): CodeIgniter\Database\BaseBuilder->get()
 3 SYSTEMPATH\BaseModel.php(677): CodeIgniter\Model->doFindAll(0, 0)
 4 APPPATH\Controllers\Auth.php(263): CodeIgniter\BaseModel->findAll()
 5 SYSTEMPATH\CodeIgniter.php(933): App\Controllers\Auth->dashboard()
 6 SYSTEMPATH\CodeIgniter.php(507): CodeIgniter\CodeIgniter->runController(Object(App\Controllers\Auth))
 7 SYSTEMPATH\CodeIgniter.php(354): CodeIgniter\CodeIgniter->handleRequest(null, Object(Config\Cache), false)
 8 SYSTEMPATH\Boot.php(363): CodeIgniter\CodeIgniter->run()
 9 SYSTEMPATH\Boot.php(68): CodeIgniter\Boot::runCodeIgniter(Object(CodeIgniter\CodeIgniter))
10 FCPATH\index.php(88): CodeIgniter\Boot::bootWeb(Object(Config\Paths))
CRITICAL - 2025-12-11 00:35:49 --> [Caused by] CodeIgniter\Database\Exceptions\DatabaseException: Unknown column 'courses.deleted_at' in 'where clause'
in SYSTEMPATH\Database\MySQLi\Connection.php on line 332.
 1 SYSTEMPATH\Database\BaseConnection.php(729): CodeIgniter\Database\MySQLi\Connection->execute('SELECT *
FROM `courses`
WHERE `courses`.`deleted_at` IS NULL
ORDER BY `title` ASC')
 2 SYSTEMPATH\Database\BaseConnection.php(646): CodeIgniter\Database\BaseConnection->simpleQuery('SELECT *
FROM `courses`
WHERE `courses`.`deleted_at` IS NULL
ORDER BY `title` ASC')
 3 SYSTEMPATH\Database\BaseBuilder.php(1649): CodeIgniter\Database\BaseConnection->query('SELECT *
FROM `courses`
WHERE `courses`.`deleted_at` IS NULL
ORDER BY `title` ASC', [], false)
 4 SYSTEMPATH\Model.php(286): CodeIgniter\Database\BaseBuilder->get()
 5 SYSTEMPATH\BaseModel.php(677): CodeIgniter\Model->doFindAll(0, 0)
 6 APPPATH\Controllers\Auth.php(263): CodeIgniter\BaseModel->findAll()
 7 SYSTEMPATH\CodeIgniter.php(933): App\Controllers\Auth->dashboard()
 8 SYSTEMPATH\CodeIgniter.php(507): CodeIgniter\CodeIgniter->runController(Object(App\Controllers\Auth))
 9 SYSTEMPATH\CodeIgniter.php(354): CodeIgniter\CodeIgniter->handleRequest(null, Object(Config\Cache), false)
10 SYSTEMPATH\Boot.php(363): CodeIgniter\CodeIgniter->run()
11 SYSTEMPATH\Boot.php(68): CodeIgniter\Boot::runCodeIgniter(Object(CodeIgniter\CodeIgniter))
12 FCPATH\index.php(88): CodeIgniter\Boot::bootWeb(Object(Config\Paths))
CRITICAL - 2025-12-11 00:35:49 --> [Caused by] mysqli_sql_exception: Unknown column 'courses.deleted_at' in 'where clause'
in SYSTEMPATH\Database\MySQLi\Connection.php on line 327.
 1 SYSTEMPATH\Database\MySQLi\Connection.php(327): mysqli->query('SELECT *
FROM `courses`
WHERE `courses`.`deleted_at` IS NULL
ORDER BY `title` ASC', 0)
 2 SYSTEMPATH\Database\BaseConnection.php(729): CodeIgniter\Database\MySQLi\Connection->execute('SELECT *
FROM `courses`
WHERE `courses`.`deleted_at` IS NULL
ORDER BY `title` ASC')
 3 SYSTEMPATH\Database\BaseConnection.php(646): CodeIgniter\Database\BaseConnection->simpleQuery('SELECT *
FROM `courses`
WHERE `courses`.`deleted_at` IS NULL
ORDER BY `title` ASC')
 4 SYSTEMPATH\Database\BaseBuilder.php(1649): CodeIgniter\Database\BaseConnection->query('SELECT *
FROM `courses`
WHERE `courses`.`deleted_at` IS NULL
ORDER BY `title` ASC', [], false)
 5 SYSTEMPATH\Model.php(286): CodeIgniter\Database\BaseBuilder->get()
 6 SYSTEMPATH\BaseModel.php(677): CodeIgniter\Model->doFindAll(0, 0)
 7 APPPATH\Controllers\Auth.php(263): CodeIgniter\BaseModel->findAll()
 8 SYSTEMPATH\CodeIgniter.php(933): App\Controllers\Auth->dashboard()
 9 SYSTEMPATH\CodeIgniter.php(507): CodeIgniter\CodeIgniter->runController(Object(App\Controllers\Auth))
10 SYSTEMPATH\CodeIgniter.php(354): CodeIgniter\CodeIgniter->handleRequest(null, Object(Config\Cache), false)
11 SYSTEMPATH\Boot.php(363): CodeIgniter\CodeIgniter->run()
12 SYSTEMPATH\Boot.php(68): CodeIgniter\Boot::runCodeIgniter(Object(CodeIgniter\CodeIgniter))
13 FCPATH\index.php(88): CodeIgniter\Boot::bootWeb(Object(Config\Paths))
ERROR - 2025-12-11 00:35:51 --> mysqli_sql_exception: Unknown column 'courses.deleted_at' in 'where clause' in C:\xampp\htdocs\ITE311-MALILAY\system\Database\MySQLi\Connection.php:327
Stack trace:
#0 C:\xampp\htdocs\ITE311-MALILAY\system\Database\MySQLi\Connection.php(327): mysqli->query('SELECT *\nFROM `...', 0)
#1 C:\xampp\htdocs\ITE311-MALILAY\system\Database\BaseConnection.php(729): CodeIgniter\Database\MySQLi\Connection->execute('SELECT *\nFROM `...')
#2 C:\xampp\htdocs\ITE311-MALILAY\system\Database\BaseConnection.php(646): CodeIgniter\Database\BaseConnection->simpleQuery('SELECT *\nFROM `...')
#3 C:\xampp\htdocs\ITE311-MALILAY\system\Database\BaseBuilder.php(1649): CodeIgniter\Database\BaseConnection->query('SELECT *\nFROM `...', Array, false)
#4 C:\xampp\htdocs\ITE311-MALILAY\system\Model.php(286): CodeIgniter\Database\BaseBuilder->get()
#5 C:\xampp\htdocs\ITE311-MALILAY\system\BaseModel.php(677): CodeIgniter\Model->doFindAll(0, 0)
#6 C:\xampp\htdocs\ITE311-MALILAY\app\Libraries\CompletionService.php(56): CodeIgniter\BaseModel->findAll()
#7 C:\xampp\htdocs\ITE311-MALILAY\app\Controllers\Auth.php(169): App\Libraries\CompletionService->checkAndUpdateCompletions()
#8 C:\xampp\htdocs\ITE311-MALILAY\system\CodeIgniter.php(933): App\Controllers\Auth->dashboard()
#9 C:\xampp\htdocs\ITE311-MALILAY\system\CodeIgniter.php(507): CodeIgniter\CodeIgniter->runController(Object(App\Controllers\Auth))
#10 C:\xampp\htdocs\ITE311-MALILAY\system\CodeIgniter.php(354): CodeIgniter\CodeIgniter->handleRequest(NULL, Object(Config\Cache), false)
#11 C:\xampp\htdocs\ITE311-MALILAY\system\Boot.php(363): CodeIgniter\CodeIgniter->run()
#12 C:\xampp\htdocs\ITE311-MALILAY\system\Boot.php(68): CodeIgniter\Boot::runCodeIgniter(Object(CodeIgniter\CodeIgniter))
#13 C:\xampp\htdocs\ITE311-MALILAY\index.php(88): CodeIgniter\Boot::bootWeb(Object(Config\Paths))
#14 {main}
ERROR - 2025-12-11 00:35:51 --> Error checking completions: Unknown column 'courses.deleted_at' in 'where clause'
ERROR - 2025-12-11 00:35:51 --> mysqli_sql_exception: Unknown column 'courses.deleted_at' in 'where clause' in C:\xampp\htdocs\ITE311-MALILAY\system\Database\MySQLi\Connection.php:327
Stack trace:
#0 C:\xampp\htdocs\ITE311-MALILAY\system\Database\MySQLi\Connection.php(327): mysqli->query('SELECT *\nFROM `...', 0)
#1 C:\xampp\htdocs\ITE311-MALILAY\system\Database\BaseConnection.php(729): CodeIgniter\Database\MySQLi\Connection->execute('SELECT *\nFROM `...')
#2 C:\xampp\htdocs\ITE311-MALILAY\system\Database\BaseConnection.php(646): CodeIgniter\Database\BaseConnection->simpleQuery('SELECT *\nFROM `...')
#3 C:\xampp\htdocs\ITE311-MALILAY\system\Database\BaseBuilder.php(1649): CodeIgniter\Database\BaseConnection->query('SELECT *\nFROM `...', Array, false)
#4 C:\xampp\htdocs\ITE311-MALILAY\system\Model.php(286): CodeIgniter\Database\BaseBuilder->get()
#5 C:\xampp\htdocs\ITE311-MALILAY\system\BaseModel.php(677): CodeIgniter\Model->doFindAll(0, 0)
#6 C:\xampp\htdocs\ITE311-MALILAY\app\Controllers\Auth.php(263): CodeIgniter\BaseModel->findAll()
#7 C:\xampp\htdocs\ITE311-MALILAY\system\CodeIgniter.php(933): App\Controllers\Auth->dashboard()
#8 C:\xampp\htdocs\ITE311-MALILAY\system\CodeIgniter.php(507): CodeIgniter\CodeIgniter->runController(Object(App\Controllers\Auth))
#9 C:\xampp\htdocs\ITE311-MALILAY\system\CodeIgniter.php(354): CodeIgniter\CodeIgniter->handleRequest(NULL, Object(Config\Cache), false)
#10 C:\xampp\htdocs\ITE311-MALILAY\system\Boot.php(363): CodeIgniter\CodeIgniter->run()
#11 C:\xampp\htdocs\ITE311-MALILAY\system\Boot.php(68): CodeIgniter\Boot::runCodeIgniter(Object(CodeIgniter\CodeIgniter))
#12 C:\xampp\htdocs\ITE311-MALILAY\index.php(88): CodeIgniter\Boot::bootWeb(Object(Config\Paths))
#13 {main}
CRITICAL - 2025-12-11 00:35:51 --> CodeIgniter\Database\Exceptions\DatabaseException: Unknown column 'courses.deleted_at' in 'where clause'
[Method: GET, Route: dashboard]
in SYSTEMPATH\Database\BaseConnection.php on line 684.
 1 SYSTEMPATH\Database\BaseBuilder.php(1649): CodeIgniter\Database\BaseConnection->query('SELECT *
FROM `courses`
WHERE `courses`.`deleted_at` IS NULL
ORDER BY `title` ASC', [], false)
 2 SYSTEMPATH\Model.php(286): CodeIgniter\Database\BaseBuilder->get()
 3 SYSTEMPATH\BaseModel.php(677): CodeIgniter\Model->doFindAll(0, 0)
 4 APPPATH\Controllers\Auth.php(263): CodeIgniter\BaseModel->findAll()
 5 SYSTEMPATH\CodeIgniter.php(933): App\Controllers\Auth->dashboard()
 6 SYSTEMPATH\CodeIgniter.php(507): CodeIgniter\CodeIgniter->runController(Object(App\Controllers\Auth))
 7 SYSTEMPATH\CodeIgniter.php(354): CodeIgniter\CodeIgniter->handleRequest(null, Object(Config\Cache), false)
 8 SYSTEMPATH\Boot.php(363): CodeIgniter\CodeIgniter->run()
 9 SYSTEMPATH\Boot.php(68): CodeIgniter\Boot::runCodeIgniter(Object(CodeIgniter\CodeIgniter))
10 FCPATH\index.php(88): CodeIgniter\Boot::bootWeb(Object(Config\Paths))
CRITICAL - 2025-12-11 00:35:51 --> [Caused by] CodeIgniter\Database\Exceptions\DatabaseException: Unknown column 'courses.deleted_at' in 'where clause'
in SYSTEMPATH\Database\MySQLi\Connection.php on line 332.
 1 SYSTEMPATH\Database\BaseConnection.php(729): CodeIgniter\Database\MySQLi\Connection->execute('SELECT *
FROM `courses`
WHERE `courses`.`deleted_at` IS NULL
ORDER BY `title` ASC')
 2 SYSTEMPATH\Database\BaseConnection.php(646): CodeIgniter\Database\BaseConnection->simpleQuery('SELECT *
FROM `courses`
WHERE `courses`.`deleted_at` IS NULL
ORDER BY `title` ASC')
 3 SYSTEMPATH\Database\BaseBuilder.php(1649): CodeIgniter\Database\BaseConnection->query('SELECT *
FROM `courses`
WHERE `courses`.`deleted_at` IS NULL
ORDER BY `title` ASC', [], false)
 4 SYSTEMPATH\Model.php(286): CodeIgniter\Database\BaseBuilder->get()
 5 SYSTEMPATH\BaseModel.php(677): CodeIgniter\Model->doFindAll(0, 0)
 6 APPPATH\Controllers\Auth.php(263): CodeIgniter\BaseModel->findAll()
 7 SYSTEMPATH\CodeIgniter.php(933): App\Controllers\Auth->dashboard()
 8 SYSTEMPATH\CodeIgniter.php(507): CodeIgniter\CodeIgniter->runController(Object(App\Controllers\Auth))
 9 SYSTEMPATH\CodeIgniter.php(354): CodeIgniter\CodeIgniter->handleRequest(null, Object(Config\Cache), false)
10 SYSTEMPATH\Boot.php(363): CodeIgniter\CodeIgniter->run()
11 SYSTEMPATH\Boot.php(68): CodeIgniter\Boot::runCodeIgniter(Object(CodeIgniter\CodeIgniter))
12 FCPATH\index.php(88): CodeIgniter\Boot::bootWeb(Object(Config\Paths))
CRITICAL - 2025-12-11 00:35:51 --> [Caused by] mysqli_sql_exception: Unknown column 'courses.deleted_at' in 'where clause'
in SYSTEMPATH\Database\MySQLi\Connection.php on line 327.
 1 SYSTEMPATH\Database\MySQLi\Connection.php(327): mysqli->query('SELECT *
FROM `courses`
WHERE `courses`.`deleted_at` IS NULL
ORDER BY `title` ASC', 0)
 2 SYSTEMPATH\Database\BaseConnection.php(729): CodeIgniter\Database\MySQLi\Connection->execute('SELECT *
FROM `courses`
WHERE `courses`.`deleted_at` IS NULL
ORDER BY `title` ASC')
 3 SYSTEMPATH\Database\BaseConnection.php(646): CodeIgniter\Database\BaseConnection->simpleQuery('SELECT *
FROM `courses`
WHERE `courses`.`deleted_at` IS NULL
ORDER BY `title` ASC')
 4 SYSTEMPATH\Database\BaseBuilder.php(1649): CodeIgniter\Database\BaseConnection->query('SELECT *
FROM `courses`
WHERE `courses`.`deleted_at` IS NULL
ORDER BY `title` ASC', [], false)
 5 SYSTEMPATH\Model.php(286): CodeIgniter\Database\BaseBuilder->get()
 6 SYSTEMPATH\BaseModel.php(677): CodeIgniter\Model->doFindAll(0, 0)
 7 APPPATH\Controllers\Auth.php(263): CodeIgniter\BaseModel->findAll()
 8 SYSTEMPATH\CodeIgniter.php(933): App\Controllers\Auth->dashboard()
 9 SYSTEMPATH\CodeIgniter.php(507): CodeIgniter\CodeIgniter->runController(Object(App\Controllers\Auth))
10 SYSTEMPATH\CodeIgniter.php(354): CodeIgniter\CodeIgniter->handleRequest(null, Object(Config\Cache), false)
11 SYSTEMPATH\Boot.php(363): CodeIgniter\CodeIgniter->run()
12 SYSTEMPATH\Boot.php(68): CodeIgniter\Boot::runCodeIgniter(Object(CodeIgniter\CodeIgniter))
13 FCPATH\index.php(88): CodeIgniter\Boot::bootWeb(Object(Config\Paths))
ERROR - 2025-12-11 00:35:52 --> mysqli_sql_exception: Unknown column 'courses.deleted_at' in 'where clause' in C:\xampp\htdocs\ITE311-MALILAY\system\Database\MySQLi\Connection.php:327
Stack trace:
#0 C:\xampp\htdocs\ITE311-MALILAY\system\Database\MySQLi\Connection.php(327): mysqli->query('SELECT *\nFROM `...', 0)
#1 C:\xampp\htdocs\ITE311-MALILAY\system\Database\BaseConnection.php(729): CodeIgniter\Database\MySQLi\Connection->execute('SELECT *\nFROM `...')
#2 C:\xampp\htdocs\ITE311-MALILAY\system\Database\BaseConnection.php(646): CodeIgniter\Database\BaseConnection->simpleQuery('SELECT *\nFROM `...')
#3 C:\xampp\htdocs\ITE311-MALILAY\system\Database\BaseBuilder.php(1649): CodeIgniter\Database\BaseConnection->query('SELECT *\nFROM `...', Array, false)
#4 C:\xampp\htdocs\ITE311-MALILAY\system\Model.php(286): CodeIgniter\Database\BaseBuilder->get()
#5 C:\xampp\htdocs\ITE311-MALILAY\system\BaseModel.php(677): CodeIgniter\Model->doFindAll(0, 0)
#6 C:\xampp\htdocs\ITE311-MALILAY\app\Libraries\CompletionService.php(56): CodeIgniter\BaseModel->findAll()
#7 C:\xampp\htdocs\ITE311-MALILAY\app\Controllers\Auth.php(169): App\Libraries\CompletionService->checkAndUpdateCompletions()
#8 C:\xampp\htdocs\ITE311-MALILAY\system\CodeIgniter.php(933): App\Controllers\Auth->dashboard()
#9 C:\xampp\htdocs\ITE311-MALILAY\system\CodeIgniter.php(507): CodeIgniter\CodeIgniter->runController(Object(App\Controllers\Auth))
#10 C:\xampp\htdocs\ITE311-MALILAY\system\CodeIgniter.php(354): CodeIgniter\CodeIgniter->handleRequest(NULL, Object(Config\Cache), false)
#11 C:\xampp\htdocs\ITE311-MALILAY\system\Boot.php(363): CodeIgniter\CodeIgniter->run()
#12 C:\xampp\htdocs\ITE311-MALILAY\system\Boot.php(68): CodeIgniter\Boot::runCodeIgniter(Object(CodeIgniter\CodeIgniter))
#13 C:\xampp\htdocs\ITE311-MALILAY\index.php(88): CodeIgniter\Boot::bootWeb(Object(Config\Paths))
#14 {main}
ERROR - 2025-12-11 00:35:52 --> Error checking completions: Unknown column 'courses.deleted_at' in 'where clause'
ERROR - 2025-12-11 00:35:53 --> mysqli_sql_exception: Unknown column 'courses.deleted_at' in 'where clause' in C:\xampp\htdocs\ITE311-MALILAY\system\Database\MySQLi\Connection.php:327
Stack trace:
#0 C:\xampp\htdocs\ITE311-MALILAY\system\Database\MySQLi\Connection.php(327): mysqli->query('SELECT *\nFROM `...', 0)
#1 C:\xampp\htdocs\ITE311-MALILAY\system\Database\BaseConnection.php(729): CodeIgniter\Database\MySQLi\Connection->execute('SELECT *\nFROM `...')
#2 C:\xampp\htdocs\ITE311-MALILAY\system\Database\BaseConnection.php(646): CodeIgniter\Database\BaseConnection->simpleQuery('SELECT *\nFROM `...')
#3 C:\xampp\htdocs\ITE311-MALILAY\system\Database\BaseBuilder.php(1649): CodeIgniter\Database\BaseConnection->query('SELECT *\nFROM `...', Array, false)
#4 C:\xampp\htdocs\ITE311-MALILAY\system\Model.php(286): CodeIgniter\Database\BaseBuilder->get()
#5 C:\xampp\htdocs\ITE311-MALILAY\system\BaseModel.php(677): CodeIgniter\Model->doFindAll(0, 0)
#6 C:\xampp\htdocs\ITE311-MALILAY\app\Libraries\CompletionService.php(56): CodeIgniter\BaseModel->findAll()
#7 C:\xampp\htdocs\ITE311-MALILAY\app\Controllers\Auth.php(169): App\Libraries\CompletionService->checkAndUpdateCompletions()
#8 C:\xampp\htdocs\ITE311-MALILAY\system\CodeIgniter.php(933): App\Controllers\Auth->dashboard()
#9 C:\xampp\htdocs\ITE311-MALILAY\system\CodeIgniter.php(507): CodeIgniter\CodeIgniter->runController(Object(App\Controllers\Auth))
#10 C:\xampp\htdocs\ITE311-MALILAY\system\CodeIgniter.php(354): CodeIgniter\CodeIgniter->handleRequest(NULL, Object(Config\Cache), false)
#11 C:\xampp\htdocs\ITE311-MALILAY\system\Boot.php(363): CodeIgniter\CodeIgniter->run()
#12 C:\xampp\htdocs\ITE311-MALILAY\system\Boot.php(68): CodeIgniter\Boot::runCodeIgniter(Object(CodeIgniter\CodeIgniter))
#13 C:\xampp\htdocs\ITE311-MALILAY\index.php(88): CodeIgniter\Boot::bootWeb(Object(Config\Paths))
#14 {main}
ERROR - 2025-12-11 00:35:53 --> Error checking completions: Unknown column 'courses.deleted_at' in 'where clause'
ERROR - 2025-12-11 00:35:53 --> mysqli_sql_exception: Unknown column 'courses.deleted_at' in 'where clause' in C:\xampp\htdocs\ITE311-MALILAY\system\Database\MySQLi\Connection.php:327
Stack trace:
#0 C:\xampp\htdocs\ITE311-MALILAY\system\Database\MySQLi\Connection.php(327): mysqli->query('SELECT *\nFROM `...', 0)
#1 C:\xampp\htdocs\ITE311-MALILAY\system\Database\BaseConnection.php(729): CodeIgniter\Database\MySQLi\Connection->execute('SELECT *\nFROM `...')
#2 C:\xampp\htdocs\ITE311-MALILAY\system\Database\BaseConnection.php(646): CodeIgniter\Database\BaseConnection->simpleQuery('SELECT *\nFROM `...')
#3 C:\xampp\htdocs\ITE311-MALILAY\system\Database\BaseBuilder.php(1649): CodeIgniter\Database\BaseConnection->query('SELECT *\nFROM `...', Array, false)
#4 C:\xampp\htdocs\ITE311-MALILAY\system\Model.php(286): CodeIgniter\Database\BaseBuilder->get()
#5 C:\xampp\htdocs\ITE311-MALILAY\system\BaseModel.php(677): CodeIgniter\Model->doFindAll(0, 0)
#6 C:\xampp\htdocs\ITE311-MALILAY\app\Controllers\Auth.php(263): CodeIgniter\BaseModel->findAll()
#7 C:\xampp\htdocs\ITE311-MALILAY\system\CodeIgniter.php(933): App\Controllers\Auth->dashboard()
#8 C:\xampp\htdocs\ITE311-MALILAY\system\CodeIgniter.php(507): CodeIgniter\CodeIgniter->runController(Object(App\Controllers\Auth))
#9 C:\xampp\htdocs\ITE311-MALILAY\system\CodeIgniter.php(354): CodeIgniter\CodeIgniter->handleRequest(NULL, Object(Config\Cache), false)
#10 C:\xampp\htdocs\ITE311-MALILAY\system\Boot.php(363): CodeIgniter\CodeIgniter->run()
#11 C:\xampp\htdocs\ITE311-MALILAY\system\Boot.php(68): CodeIgniter\Boot::runCodeIgniter(Object(CodeIgniter\CodeIgniter))
#12 C:\xampp\htdocs\ITE311-MALILAY\index.php(88): CodeIgniter\Boot::bootWeb(Object(Config\Paths))
#13 {main}
CRITICAL - 2025-12-11 00:35:53 --> CodeIgniter\Database\Exceptions\DatabaseException: Unknown column 'courses.deleted_at' in 'where clause'
[Method: GET, Route: dashboard]
in SYSTEMPATH\Database\BaseConnection.php on line 684.
 1 SYSTEMPATH\Database\BaseBuilder.php(1649): CodeIgniter\Database\BaseConnection->query('SELECT *
FROM `courses`
WHERE `courses`.`deleted_at` IS NULL
ORDER BY `title` ASC', [], false)
 2 SYSTEMPATH\Model.php(286): CodeIgniter\Database\BaseBuilder->get()
 3 SYSTEMPATH\BaseModel.php(677): CodeIgniter\Model->doFindAll(0, 0)
 4 APPPATH\Controllers\Auth.php(263): CodeIgniter\BaseModel->findAll()
 5 SYSTEMPATH\CodeIgniter.php(933): App\Controllers\Auth->dashboard()
 6 SYSTEMPATH\CodeIgniter.php(507): CodeIgniter\CodeIgniter->runController(Object(App\Controllers\Auth))
 7 SYSTEMPATH\CodeIgniter.php(354): CodeIgniter\CodeIgniter->handleRequest(null, Object(Config\Cache), false)
 8 SYSTEMPATH\Boot.php(363): CodeIgniter\CodeIgniter->run()
 9 SYSTEMPATH\Boot.php(68): CodeIgniter\Boot::runCodeIgniter(Object(CodeIgniter\CodeIgniter))
10 FCPATH\index.php(88): CodeIgniter\Boot::bootWeb(Object(Config\Paths))
CRITICAL - 2025-12-11 00:35:53 --> [Caused by] CodeIgniter\Database\Exceptions\DatabaseException: Unknown column 'courses.deleted_at' in 'where clause'
in SYSTEMPATH\Database\MySQLi\Connection.php on line 332.
 1 SYSTEMPATH\Database\BaseConnection.php(729): CodeIgniter\Database\MySQLi\Connection->execute('SELECT *
FROM `courses`
WHERE `courses`.`deleted_at` IS NULL
ORDER BY `title` ASC')
 2 SYSTEMPATH\Database\BaseConnection.php(646): CodeIgniter\Database\BaseConnection->simpleQuery('SELECT *
FROM `courses`
WHERE `courses`.`deleted_at` IS NULL
ORDER BY `title` ASC')
 3 SYSTEMPATH\Database\BaseBuilder.php(1649): CodeIgniter\Database\BaseConnection->query('SELECT *
FROM `courses`
WHERE `courses`.`deleted_at` IS NULL
ORDER BY `title` ASC', [], false)
 4 SYSTEMPATH\Model.php(286): CodeIgniter\Database\BaseBuilder->get()
 5 SYSTEMPATH\BaseModel.php(677): CodeIgniter\Model->doFindAll(0, 0)
 6 APPPATH\Controllers\Auth.php(263): CodeIgniter\BaseModel->findAll()
 7 SYSTEMPATH\CodeIgniter.php(933): App\Controllers\Auth->dashboard()
 8 SYSTEMPATH\CodeIgniter.php(507): CodeIgniter\CodeIgniter->runController(Object(App\Controllers\Auth))
 9 SYSTEMPATH\CodeIgniter.php(354): CodeIgniter\CodeIgniter->handleRequest(null, Object(Config\Cache), false)
10 SYSTEMPATH\Boot.php(363): CodeIgniter\CodeIgniter->run()
11 SYSTEMPATH\Boot.php(68): CodeIgniter\Boot::runCodeIgniter(Object(CodeIgniter\CodeIgniter))
12 FCPATH\index.php(88): CodeIgniter\Boot::bootWeb(Object(Config\Paths))
CRITICAL - 2025-12-11 00:35:53 --> [Caused by] mysqli_sql_exception: Unknown column 'courses.deleted_at' in 'where clause'
in SYSTEMPATH\Database\MySQLi\Connection.php on line 327.
 1 SYSTEMPATH\Database\MySQLi\Connection.php(327): mysqli->query('SELECT *
FROM `courses`
WHERE `courses`.`deleted_at` IS NULL
ORDER BY `title` ASC', 0)
 2 SYSTEMPATH\Database\BaseConnection.php(729): CodeIgniter\Database\MySQLi\Connection->execute('SELECT *
FROM `courses`
WHERE `courses`.`deleted_at` IS NULL
ORDER BY `title` ASC')
 3 SYSTEMPATH\Database\BaseConnection.php(646): CodeIgniter\Database\BaseConnection->simpleQuery('SELECT *
FROM `courses`
WHERE `courses`.`deleted_at` IS NULL
ORDER BY `title` ASC')
 4 SYSTEMPATH\Database\BaseBuilder.php(1649): CodeIgniter\Database\BaseConnection->query('SELECT *
FROM `courses`
WHERE `courses`.`deleted_at` IS NULL
ORDER BY `title` ASC', [], false)
 5 SYSTEMPATH\Model.php(286): CodeIgniter\Database\BaseBuilder->get()
 6 SYSTEMPATH\BaseModel.php(677): CodeIgniter\Model->doFindAll(0, 0)
 7 APPPATH\Controllers\Auth.php(263): CodeIgniter\BaseModel->findAll()
 8 SYSTEMPATH\CodeIgniter.php(933): App\Controllers\Auth->dashboard()
 9 SYSTEMPATH\CodeIgniter.php(507): CodeIgniter\CodeIgniter->runController(Object(App\Controllers\Auth))
10 SYSTEMPATH\CodeIgniter.php(354): CodeIgniter\CodeIgniter->handleRequest(null, Object(Config\Cache), false)
11 SYSTEMPATH\Boot.php(363): CodeIgniter\CodeIgniter->run()
12 SYSTEMPATH\Boot.php(68): CodeIgniter\Boot::runCodeIgniter(Object(CodeIgniter\CodeIgniter))
13 FCPATH\index.php(88): CodeIgniter\Boot::bootWeb(Object(Config\Paths))
ERROR - 2025-12-11 00:36:00 --> mysqli_sql_exception: Unknown column 'courses.deleted_at' in 'where clause' in C:\xampp\htdocs\ITE311-MALILAY\system\Database\MySQLi\Connection.php:327
Stack trace:
#0 C:\xampp\htdocs\ITE311-MALILAY\system\Database\MySQLi\Connection.php(327): mysqli->query('SELECT *\nFROM `...', 0)
#1 C:\xampp\htdocs\ITE311-MALILAY\system\Database\BaseConnection.php(729): CodeIgniter\Database\MySQLi\Connection->execute('SELECT *\nFROM `...')
#2 C:\xampp\htdocs\ITE311-MALILAY\system\Database\BaseConnection.php(646): CodeIgniter\Database\BaseConnection->simpleQuery('SELECT *\nFROM `...')
#3 C:\xampp\htdocs\ITE311-MALILAY\system\Database\BaseBuilder.php(1649): CodeIgniter\Database\BaseConnection->query('SELECT *\nFROM `...', Array, false)
#4 C:\xampp\htdocs\ITE311-MALILAY\system\Model.php(286): CodeIgniter\Database\BaseBuilder->get()
#5 C:\xampp\htdocs\ITE311-MALILAY\system\BaseModel.php(677): CodeIgniter\Model->doFindAll(0, 0)
#6 C:\xampp\htdocs\ITE311-MALILAY\app\Libraries\CompletionService.php(56): CodeIgniter\BaseModel->findAll()
#7 C:\xampp\htdocs\ITE311-MALILAY\app\Controllers\Auth.php(169): App\Libraries\CompletionService->checkAndUpdateCompletions()
#8 C:\xampp\htdocs\ITE311-MALILAY\system\CodeIgniter.php(933): App\Controllers\Auth->dashboard()
#9 C:\xampp\htdocs\ITE311-MALILAY\system\CodeIgniter.php(507): CodeIgniter\CodeIgniter->runController(Object(App\Controllers\Auth))
#10 C:\xampp\htdocs\ITE311-MALILAY\system\CodeIgniter.php(354): CodeIgniter\CodeIgniter->handleRequest(NULL, Object(Config\Cache), false)
#11 C:\xampp\htdocs\ITE311-MALILAY\system\Boot.php(363): CodeIgniter\CodeIgniter->run()
#12 C:\xampp\htdocs\ITE311-MALILAY\system\Boot.php(68): CodeIgniter\Boot::runCodeIgniter(Object(CodeIgniter\CodeIgniter))
#13 C:\xampp\htdocs\ITE311-MALILAY\index.php(88): CodeIgniter\Boot::bootWeb(Object(Config\Paths))
#14 {main}
ERROR - 2025-12-11 00:36:00 --> Error checking completions: Unknown column 'courses.deleted_at' in 'where clause'
ERROR - 2025-12-11 00:36:00 --> mysqli_sql_exception: Unknown column 'courses.deleted_at' in 'where clause' in C:\xampp\htdocs\ITE311-MALILAY\system\Database\MySQLi\Connection.php:327
Stack trace:
#0 C:\xampp\htdocs\ITE311-MALILAY\system\Database\MySQLi\Connection.php(327): mysqli->query('SELECT *\nFROM `...', 0)
#1 C:\xampp\htdocs\ITE311-MALILAY\system\Database\BaseConnection.php(729): CodeIgniter\Database\MySQLi\Connection->execute('SELECT *\nFROM `...')
#2 C:\xampp\htdocs\ITE311-MALILAY\system\Database\BaseConnection.php(646): CodeIgniter\Database\BaseConnection->simpleQuery('SELECT *\nFROM `...')
#3 C:\xampp\htdocs\ITE311-MALILAY\system\Database\BaseBuilder.php(1649): CodeIgniter\Database\BaseConnection->query('SELECT *\nFROM `...', Array, false)
#4 C:\xampp\htdocs\ITE311-MALILAY\system\Model.php(286): CodeIgniter\Database\BaseBuilder->get()
#5 C:\xampp\htdocs\ITE311-MALILAY\system\BaseModel.php(677): CodeIgniter\Model->doFindAll(0, 0)
#6 C:\xampp\htdocs\ITE311-MALILAY\app\Controllers\Auth.php(263): CodeIgniter\BaseModel->findAll()
#7 C:\xampp\htdocs\ITE311-MALILAY\system\CodeIgniter.php(933): App\Controllers\Auth->dashboard()
#8 C:\xampp\htdocs\ITE311-MALILAY\system\CodeIgniter.php(507): CodeIgniter\CodeIgniter->runController(Object(App\Controllers\Auth))
#9 C:\xampp\htdocs\ITE311-MALILAY\system\CodeIgniter.php(354): CodeIgniter\CodeIgniter->handleRequest(NULL, Object(Config\Cache), false)
#10 C:\xampp\htdocs\ITE311-MALILAY\system\Boot.php(363): CodeIgniter\CodeIgniter->run()
#11 C:\xampp\htdocs\ITE311-MALILAY\system\Boot.php(68): CodeIgniter\Boot::runCodeIgniter(Object(CodeIgniter\CodeIgniter))
#12 C:\xampp\htdocs\ITE311-MALILAY\index.php(88): CodeIgniter\Boot::bootWeb(Object(Config\Paths))
#13 {main}
CRITICAL - 2025-12-11 00:36:00 --> CodeIgniter\Database\Exceptions\DatabaseException: Unknown column 'courses.deleted_at' in 'where clause'
[Method: GET, Route: dashboard]
in SYSTEMPATH\Database\BaseConnection.php on line 684.
 1 SYSTEMPATH\Database\BaseBuilder.php(1649): CodeIgniter\Database\BaseConnection->query('SELECT *
FROM `courses`
WHERE `courses`.`deleted_at` IS NULL
ORDER BY `title` ASC', [], false)
 2 SYSTEMPATH\Model.php(286): CodeIgniter\Database\BaseBuilder->get()
 3 SYSTEMPATH\BaseModel.php(677): CodeIgniter\Model->doFindAll(0, 0)
 4 APPPATH\Controllers\Auth.php(263): CodeIgniter\BaseModel->findAll()
 5 SYSTEMPATH\CodeIgniter.php(933): App\Controllers\Auth->dashboard()
 6 SYSTEMPATH\CodeIgniter.php(507): CodeIgniter\CodeIgniter->runController(Object(App\Controllers\Auth))
 7 SYSTEMPATH\CodeIgniter.php(354): CodeIgniter\CodeIgniter->handleRequest(null, Object(Config\Cache), false)
 8 SYSTEMPATH\Boot.php(363): CodeIgniter\CodeIgniter->run()
 9 SYSTEMPATH\Boot.php(68): CodeIgniter\Boot::runCodeIgniter(Object(CodeIgniter\CodeIgniter))
10 FCPATH\index.php(88): CodeIgniter\Boot::bootWeb(Object(Config\Paths))
CRITICAL - 2025-12-11 00:36:00 --> [Caused by] CodeIgniter\Database\Exceptions\DatabaseException: Unknown column 'courses.deleted_at' in 'where clause'
in SYSTEMPATH\Database\MySQLi\Connection.php on line 332.
 1 SYSTEMPATH\Database\BaseConnection.php(729): CodeIgniter\Database\MySQLi\Connection->execute('SELECT *
FROM `courses`
WHERE `courses`.`deleted_at` IS NULL
ORDER BY `title` ASC')
 2 SYSTEMPATH\Database\BaseConnection.php(646): CodeIgniter\Database\BaseConnection->simpleQuery('SELECT *
FROM `courses`
WHERE `courses`.`deleted_at` IS NULL
ORDER BY `title` ASC')
 3 SYSTEMPATH\Database\BaseBuilder.php(1649): CodeIgniter\Database\BaseConnection->query('SELECT *
FROM `courses`
WHERE `courses`.`deleted_at` IS NULL
ORDER BY `title` ASC', [], false)
 4 SYSTEMPATH\Model.php(286): CodeIgniter\Database\BaseBuilder->get()
 5 SYSTEMPATH\BaseModel.php(677): CodeIgniter\Model->doFindAll(0, 0)
 6 APPPATH\Controllers\Auth.php(263): CodeIgniter\BaseModel->findAll()
 7 SYSTEMPATH\CodeIgniter.php(933): App\Controllers\Auth->dashboard()
 8 SYSTEMPATH\CodeIgniter.php(507): CodeIgniter\CodeIgniter->runController(Object(App\Controllers\Auth))
 9 SYSTEMPATH\CodeIgniter.php(354): CodeIgniter\CodeIgniter->handleRequest(null, Object(Config\Cache), false)
10 SYSTEMPATH\Boot.php(363): CodeIgniter\CodeIgniter->run()
11 SYSTEMPATH\Boot.php(68): CodeIgniter\Boot::runCodeIgniter(Object(CodeIgniter\CodeIgniter))
12 FCPATH\index.php(88): CodeIgniter\Boot::bootWeb(Object(Config\Paths))
CRITICAL - 2025-12-11 00:36:00 --> [Caused by] mysqli_sql_exception: Unknown column 'courses.deleted_at' in 'where clause'
in SYSTEMPATH\Database\MySQLi\Connection.php on line 327.
 1 SYSTEMPATH\Database\MySQLi\Connection.php(327): mysqli->query('SELECT *
FROM `courses`
WHERE `courses`.`deleted_at` IS NULL
ORDER BY `title` ASC', 0)
 2 SYSTEMPATH\Database\BaseConnection.php(729): CodeIgniter\Database\MySQLi\Connection->execute('SELECT *
FROM `courses`
WHERE `courses`.`deleted_at` IS NULL
ORDER BY `title` ASC')
 3 SYSTEMPATH\Database\BaseConnection.php(646): CodeIgniter\Database\BaseConnection->simpleQuery('SELECT *
FROM `courses`
WHERE `courses`.`deleted_at` IS NULL
ORDER BY `title` ASC')
 4 SYSTEMPATH\Database\BaseBuilder.php(1649): CodeIgniter\Database\BaseConnection->query('SELECT *
FROM `courses`
WHERE `courses`.`deleted_at` IS NULL
ORDER BY `title` ASC', [], false)
 5 SYSTEMPATH\Model.php(286): CodeIgniter\Database\BaseBuilder->get()
 6 SYSTEMPATH\BaseModel.php(677): CodeIgniter\Model->doFindAll(0, 0)
 7 APPPATH\Controllers\Auth.php(263): CodeIgniter\BaseModel->findAll()
 8 SYSTEMPATH\CodeIgniter.php(933): App\Controllers\Auth->dashboard()
 9 SYSTEMPATH\CodeIgniter.php(507): CodeIgniter\CodeIgniter->runController(Object(App\Controllers\Auth))
10 SYSTEMPATH\CodeIgniter.php(354): CodeIgniter\CodeIgniter->handleRequest(null, Object(Config\Cache), false)
11 SYSTEMPATH\Boot.php(363): CodeIgniter\CodeIgniter->run()
12 SYSTEMPATH\Boot.php(68): CodeIgniter\Boot::runCodeIgniter(Object(CodeIgniter\CodeIgniter))
13 FCPATH\index.php(88): CodeIgniter\Boot::bootWeb(Object(Config\Paths))
ERROR - 2025-12-11 00:36:04 --> mysqli_sql_exception: Unknown column 'courses.deleted_at' in 'where clause' in C:\xampp\htdocs\ITE311-MALILAY\system\Database\MySQLi\Connection.php:327
Stack trace:
#0 C:\xampp\htdocs\ITE311-MALILAY\system\Database\MySQLi\Connection.php(327): mysqli->query('SELECT *\nFROM `...', 0)
#1 C:\xampp\htdocs\ITE311-MALILAY\system\Database\BaseConnection.php(729): CodeIgniter\Database\MySQLi\Connection->execute('SELECT *\nFROM `...')
#2 C:\xampp\htdocs\ITE311-MALILAY\system\Database\BaseConnection.php(646): CodeIgniter\Database\BaseConnection->simpleQuery('SELECT *\nFROM `...')
#3 C:\xampp\htdocs\ITE311-MALILAY\system\Database\BaseBuilder.php(1649): CodeIgniter\Database\BaseConnection->query('SELECT *\nFROM `...', Array, false)
#4 C:\xampp\htdocs\ITE311-MALILAY\system\Model.php(286): CodeIgniter\Database\BaseBuilder->get()
#5 C:\xampp\htdocs\ITE311-MALILAY\system\BaseModel.php(677): CodeIgniter\Model->doFindAll(0, 0)
#6 C:\xampp\htdocs\ITE311-MALILAY\app\Libraries\CompletionService.php(56): CodeIgniter\BaseModel->findAll()
#7 C:\xampp\htdocs\ITE311-MALILAY\app\Controllers\Auth.php(169): App\Libraries\CompletionService->checkAndUpdateCompletions()
#8 C:\xampp\htdocs\ITE311-MALILAY\system\CodeIgniter.php(933): App\Controllers\Auth->dashboard()
#9 C:\xampp\htdocs\ITE311-MALILAY\system\CodeIgniter.php(507): CodeIgniter\CodeIgniter->runController(Object(App\Controllers\Auth))
#10 C:\xampp\htdocs\ITE311-MALILAY\system\CodeIgniter.php(354): CodeIgniter\CodeIgniter->handleRequest(NULL, Object(Config\Cache), false)
#11 C:\xampp\htdocs\ITE311-MALILAY\system\Boot.php(363): CodeIgniter\CodeIgniter->run()
#12 C:\xampp\htdocs\ITE311-MALILAY\system\Boot.php(68): CodeIgniter\Boot::runCodeIgniter(Object(CodeIgniter\CodeIgniter))
#13 C:\xampp\htdocs\ITE311-MALILAY\index.php(88): CodeIgniter\Boot::bootWeb(Object(Config\Paths))
#14 {main}
ERROR - 2025-12-11 00:36:04 --> Error checking completions: Unknown column 'courses.deleted_at' in 'where clause'
ERROR - 2025-12-11 00:36:04 --> mysqli_sql_exception: Unknown column 'courses.deleted_at' in 'where clause' in C:\xampp\htdocs\ITE311-MALILAY\system\Database\MySQLi\Connection.php:327
Stack trace:
#0 C:\xampp\htdocs\ITE311-MALILAY\system\Database\MySQLi\Connection.php(327): mysqli->query('SELECT *\nFROM `...', 0)
#1 C:\xampp\htdocs\ITE311-MALILAY\system\Database\BaseConnection.php(729): CodeIgniter\Database\MySQLi\Connection->execute('SELECT *\nFROM `...')
#2 C:\xampp\htdocs\ITE311-MALILAY\system\Database\BaseConnection.php(646): CodeIgniter\Database\BaseConnection->simpleQuery('SELECT *\nFROM `...')
#3 C:\xampp\htdocs\ITE311-MALILAY\system\Database\BaseBuilder.php(1649): CodeIgniter\Database\BaseConnection->query('SELECT *\nFROM `...', Array, false)
#4 C:\xampp\htdocs\ITE311-MALILAY\system\Model.php(286): CodeIgniter\Database\BaseBuilder->get()
#5 C:\xampp\htdocs\ITE311-MALILAY\system\BaseModel.php(677): CodeIgniter\Model->doFindAll(0, 0)
#6 C:\xampp\htdocs\ITE311-MALILAY\app\Controllers\Auth.php(263): CodeIgniter\BaseModel->findAll()
#7 C:\xampp\htdocs\ITE311-MALILAY\system\CodeIgniter.php(933): App\Controllers\Auth->dashboard()
#8 C:\xampp\htdocs\ITE311-MALILAY\system\CodeIgniter.php(507): CodeIgniter\CodeIgniter->runController(Object(App\Controllers\Auth))
#9 C:\xampp\htdocs\ITE311-MALILAY\system\CodeIgniter.php(354): CodeIgniter\CodeIgniter->handleRequest(NULL, Object(Config\Cache), false)
#10 C:\xampp\htdocs\ITE311-MALILAY\system\Boot.php(363): CodeIgniter\CodeIgniter->run()
#11 C:\xampp\htdocs\ITE311-MALILAY\system\Boot.php(68): CodeIgniter\Boot::runCodeIgniter(Object(CodeIgniter\CodeIgniter))
#12 C:\xampp\htdocs\ITE311-MALILAY\index.php(88): CodeIgniter\Boot::bootWeb(Object(Config\Paths))
#13 {main}
CRITICAL - 2025-12-11 00:36:04 --> CodeIgniter\Database\Exceptions\DatabaseException: Unknown column 'courses.deleted_at' in 'where clause'
[Method: GET, Route: dashboard]
in SYSTEMPATH\Database\BaseConnection.php on line 684.
 1 SYSTEMPATH\Database\BaseBuilder.php(1649): CodeIgniter\Database\BaseConnection->query('SELECT *
FROM `courses`
WHERE `courses`.`deleted_at` IS NULL
ORDER BY `title` ASC', [], false)
 2 SYSTEMPATH\Model.php(286): CodeIgniter\Database\BaseBuilder->get()
 3 SYSTEMPATH\BaseModel.php(677): CodeIgniter\Model->doFindAll(0, 0)
 4 APPPATH\Controllers\Auth.php(263): CodeIgniter\BaseModel->findAll()
 5 SYSTEMPATH\CodeIgniter.php(933): App\Controllers\Auth->dashboard()
 6 SYSTEMPATH\CodeIgniter.php(507): CodeIgniter\CodeIgniter->runController(Object(App\Controllers\Auth))
 7 SYSTEMPATH\CodeIgniter.php(354): CodeIgniter\CodeIgniter->handleRequest(null, Object(Config\Cache), false)
 8 SYSTEMPATH\Boot.php(363): CodeIgniter\CodeIgniter->run()
 9 SYSTEMPATH\Boot.php(68): CodeIgniter\Boot::runCodeIgniter(Object(CodeIgniter\CodeIgniter))
10 FCPATH\index.php(88): CodeIgniter\Boot::bootWeb(Object(Config\Paths))
CRITICAL - 2025-12-11 00:36:04 --> [Caused by] CodeIgniter\Database\Exceptions\DatabaseException: Unknown column 'courses.deleted_at' in 'where clause'
in SYSTEMPATH\Database\MySQLi\Connection.php on line 332.
 1 SYSTEMPATH\Database\BaseConnection.php(729): CodeIgniter\Database\MySQLi\Connection->execute('SELECT *
FROM `courses`
WHERE `courses`.`deleted_at` IS NULL
ORDER BY `title` ASC')
 2 SYSTEMPATH\Database\BaseConnection.php(646): CodeIgniter\Database\BaseConnection->simpleQuery('SELECT *
FROM `courses`
WHERE `courses`.`deleted_at` IS NULL
ORDER BY `title` ASC')
 3 SYSTEMPATH\Database\BaseBuilder.php(1649): CodeIgniter\Database\BaseConnection->query('SELECT *
FROM `courses`
WHERE `courses`.`deleted_at` IS NULL
ORDER BY `title` ASC', [], false)
 4 SYSTEMPATH\Model.php(286): CodeIgniter\Database\BaseBuilder->get()
 5 SYSTEMPATH\BaseModel.php(677): CodeIgniter\Model->doFindAll(0, 0)
 6 APPPATH\Controllers\Auth.php(263): CodeIgniter\BaseModel->findAll()
 7 SYSTEMPATH\CodeIgniter.php(933): App\Controllers\Auth->dashboard()
 8 SYSTEMPATH\CodeIgniter.php(507): CodeIgniter\CodeIgniter->runController(Object(App\Controllers\Auth))
 9 SYSTEMPATH\CodeIgniter.php(354): CodeIgniter\CodeIgniter->handleRequest(null, Object(Config\Cache), false)
10 SYSTEMPATH\Boot.php(363): CodeIgniter\CodeIgniter->run()
11 SYSTEMPATH\Boot.php(68): CodeIgniter\Boot::runCodeIgniter(Object(CodeIgniter\CodeIgniter))
12 FCPATH\index.php(88): CodeIgniter\Boot::bootWeb(Object(Config\Paths))
CRITICAL - 2025-12-11 00:36:04 --> [Caused by] mysqli_sql_exception: Unknown column 'courses.deleted_at' in 'where clause'
in SYSTEMPATH\Database\MySQLi\Connection.php on line 327.
 1 SYSTEMPATH\Database\MySQLi\Connection.php(327): mysqli->query('SELECT *
FROM `courses`
WHERE `courses`.`deleted_at` IS NULL
ORDER BY `title` ASC', 0)
 2 SYSTEMPATH\Database\BaseConnection.php(729): CodeIgniter\Database\MySQLi\Connection->execute('SELECT *
FROM `courses`
WHERE `courses`.`deleted_at` IS NULL
ORDER BY `title` ASC')
 3 SYSTEMPATH\Database\BaseConnection.php(646): CodeIgniter\Database\BaseConnection->simpleQuery('SELECT *
FROM `courses`
WHERE `courses`.`deleted_at` IS NULL
ORDER BY `title` ASC')
 4 SYSTEMPATH\Database\BaseBuilder.php(1649): CodeIgniter\Database\BaseConnection->query('SELECT *
FROM `courses`
WHERE `courses`.`deleted_at` IS NULL
ORDER BY `title` ASC', [], false)
 5 SYSTEMPATH\Model.php(286): CodeIgniter\Database\BaseBuilder->get()
 6 SYSTEMPATH\BaseModel.php(677): CodeIgniter\Model->doFindAll(0, 0)
 7 APPPATH\Controllers\Auth.php(263): CodeIgniter\BaseModel->findAll()
 8 SYSTEMPATH\CodeIgniter.php(933): App\Controllers\Auth->dashboard()
 9 SYSTEMPATH\CodeIgniter.php(507): CodeIgniter\CodeIgniter->runController(Object(App\Controllers\Auth))
10 SYSTEMPATH\CodeIgniter.php(354): CodeIgniter\CodeIgniter->handleRequest(null, Object(Config\Cache), false)
11 SYSTEMPATH\Boot.php(363): CodeIgniter\CodeIgniter->run()
12 SYSTEMPATH\Boot.php(68): CodeIgniter\Boot::runCodeIgniter(Object(CodeIgniter\CodeIgniter))
13 FCPATH\index.php(88): CodeIgniter\Boot::bootWeb(Object(Config\Paths))
ERROR - 2025-12-11 00:38:51 --> mysqli_sql_exception: Unknown column 'course_teachers.deleted_at' in 'where clause' in C:\xampp\htdocs\ITE311-MALILAY\system\Database\MySQLi\Connection.php:327
Stack trace:
#0 C:\xampp\htdocs\ITE311-MALILAY\system\Database\MySQLi\Connection.php(327): mysqli->query('SELECT `course_...', 0)
#1 C:\xampp\htdocs\ITE311-MALILAY\system\Database\BaseConnection.php(729): CodeIgniter\Database\MySQLi\Connection->execute('SELECT `course_...')
#2 C:\xampp\htdocs\ITE311-MALILAY\system\Database\BaseConnection.php(646): CodeIgniter\Database\BaseConnection->simpleQuery('SELECT `course_...')
#3 C:\xampp\htdocs\ITE311-MALILAY\system\Database\BaseBuilder.php(1649): CodeIgniter\Database\BaseConnection->query('SELECT `course_...', Array, false)
#4 C:\xampp\htdocs\ITE311-MALILAY\system\Model.php(286): CodeIgniter\Database\BaseBuilder->get()
#5 C:\xampp\htdocs\ITE311-MALILAY\system\BaseModel.php(677): CodeIgniter\Model->doFindAll(0, 0)
#6 C:\xampp\htdocs\ITE311-MALILAY\app\Models\CourseTeacherModel.php(62): CodeIgniter\BaseModel->findAll()
#7 C:\xampp\htdocs\ITE311-MALILAY\app\Views\auth\dashboard.php(730): App\Models\CourseTeacherModel->getTeachersByCourse('8')
#8 C:\xampp\htdocs\ITE311-MALILAY\system\View\View.php(226): include('C:\\xampp\\htdocs...')
#9 C:\xampp\htdocs\ITE311-MALILAY\system\View\View.php(229): CodeIgniter\View\View->CodeIgniter\View\{closure}()
#10 C:\xampp\htdocs\ITE311-MALILAY\system\Common.php(1167): CodeIgniter\View\View->render('auth/dashboard', Array, true)
#11 C:\xampp\htdocs\ITE311-MALILAY\app\Controllers\Auth.php(647): view('auth/dashboard', Array)
#12 C:\xampp\htdocs\ITE311-MALILAY\system\CodeIgniter.php(933): App\Controllers\Auth->dashboard()
#13 C:\xampp\htdocs\ITE311-MALILAY\system\CodeIgniter.php(507): CodeIgniter\CodeIgniter->runController(Object(App\Controllers\Auth))
#14 C:\xampp\htdocs\ITE311-MALILAY\system\CodeIgniter.php(354): CodeIgniter\CodeIgniter->handleRequest(NULL, Object(Config\Cache), false)
#15 C:\xampp\htdocs\ITE311-MALILAY\system\Boot.php(363): CodeIgniter\CodeIgniter->run()
#16 C:\xampp\htdocs\ITE311-MALILAY\system\Boot.php(68): CodeIgniter\Boot::runCodeIgniter(Object(CodeIgniter\CodeIgniter))
#17 C:\xampp\htdocs\ITE311-MALILAY\index.php(88): CodeIgniter\Boot::bootWeb(Object(Config\Paths))
#18 {main}
ERROR - 2025-12-11 00:38:51 --> Error in getTeachersByCourse: Unknown column 'course_teachers.deleted_at' in 'where clause'
ERROR - 2025-12-11 00:40:06 --> mysqli_sql_exception: Unknown column 'course_teachers.deleted_at' in 'where clause' in C:\xampp\htdocs\ITE311-MALILAY\system\Database\MySQLi\Connection.php:327
Stack trace:
#0 C:\xampp\htdocs\ITE311-MALILAY\system\Database\MySQLi\Connection.php(327): mysqli->query('SELECT `course_...', 0)
#1 C:\xampp\htdocs\ITE311-MALILAY\system\Database\BaseConnection.php(729): CodeIgniter\Database\MySQLi\Connection->execute('SELECT `course_...')
#2 C:\xampp\htdocs\ITE311-MALILAY\system\Database\BaseConnection.php(646): CodeIgniter\Database\BaseConnection->simpleQuery('SELECT `course_...')
#3 C:\xampp\htdocs\ITE311-MALILAY\system\Database\BaseBuilder.php(1649): CodeIgniter\Database\BaseConnection->query('SELECT `course_...', Array, false)
#4 C:\xampp\htdocs\ITE311-MALILAY\system\Model.php(286): CodeIgniter\Database\BaseBuilder->get()
#5 C:\xampp\htdocs\ITE311-MALILAY\system\BaseModel.php(677): CodeIgniter\Model->doFindAll(0, 0)
#6 C:\xampp\htdocs\ITE311-MALILAY\app\Models\CourseTeacherModel.php(62): CodeIgniter\BaseModel->findAll()
#7 C:\xampp\htdocs\ITE311-MALILAY\app\Views\auth\dashboard.php(730): App\Models\CourseTeacherModel->getTeachersByCourse('8')
#8 C:\xampp\htdocs\ITE311-MALILAY\system\View\View.php(226): include('C:\\xampp\\htdocs...')
#9 C:\xampp\htdocs\ITE311-MALILAY\system\View\View.php(229): CodeIgniter\View\View->CodeIgniter\View\{closure}()
#10 C:\xampp\htdocs\ITE311-MALILAY\system\Common.php(1167): CodeIgniter\View\View->render('auth/dashboard', Array, true)
#11 C:\xampp\htdocs\ITE311-MALILAY\app\Controllers\Auth.php(647): view('auth/dashboard', Array)
#12 C:\xampp\htdocs\ITE311-MALILAY\system\CodeIgniter.php(933): App\Controllers\Auth->dashboard()
#13 C:\xampp\htdocs\ITE311-MALILAY\system\CodeIgniter.php(507): CodeIgniter\CodeIgniter->runController(Object(App\Controllers\Auth))
#14 C:\xampp\htdocs\ITE311-MALILAY\system\CodeIgniter.php(354): CodeIgniter\CodeIgniter->handleRequest(NULL, Object(Config\Cache), false)
#15 C:\xampp\htdocs\ITE311-MALILAY\system\Boot.php(363): CodeIgniter\CodeIgniter->run()
#16 C:\xampp\htdocs\ITE311-MALILAY\system\Boot.php(68): CodeIgniter\Boot::runCodeIgniter(Object(CodeIgniter\CodeIgniter))
#17 C:\xampp\htdocs\ITE311-MALILAY\index.php(88): CodeIgniter\Boot::bootWeb(Object(Config\Paths))
#18 {main}
ERROR - 2025-12-11 00:40:06 --> Error in getTeachersByCourse: Unknown column 'course_teachers.deleted_at' in 'where clause'
ERROR - 2025-12-11 00:40:06 --> mysqli_sql_exception: Unknown column 'course_teachers.deleted_at' in 'where clause' in C:\xampp\htdocs\ITE311-MALILAY\system\Database\MySQLi\Connection.php:327
Stack trace:
#0 C:\xampp\htdocs\ITE311-MALILAY\system\Database\MySQLi\Connection.php(327): mysqli->query('SELECT `course_...', 0)
#1 C:\xampp\htdocs\ITE311-MALILAY\system\Database\BaseConnection.php(729): CodeIgniter\Database\MySQLi\Connection->execute('SELECT `course_...')
#2 C:\xampp\htdocs\ITE311-MALILAY\system\Database\BaseConnection.php(646): CodeIgniter\Database\BaseConnection->simpleQuery('SELECT `course_...')
#3 C:\xampp\htdocs\ITE311-MALILAY\system\Database\BaseBuilder.php(1649): CodeIgniter\Database\BaseConnection->query('SELECT `course_...', Array, false)
#4 C:\xampp\htdocs\ITE311-MALILAY\system\Model.php(286): CodeIgniter\Database\BaseBuilder->get()
#5 C:\xampp\htdocs\ITE311-MALILAY\system\BaseModel.php(677): CodeIgniter\Model->doFindAll(0, 0)
#6 C:\xampp\htdocs\ITE311-MALILAY\app\Models\CourseTeacherModel.php(62): CodeIgniter\BaseModel->findAll()
#7 C:\xampp\htdocs\ITE311-MALILAY\app\Views\auth\dashboard.php(730): App\Models\CourseTeacherModel->getTeachersByCourse('9')
#8 C:\xampp\htdocs\ITE311-MALILAY\system\View\View.php(226): include('C:\\xampp\\htdocs...')
#9 C:\xampp\htdocs\ITE311-MALILAY\system\View\View.php(229): CodeIgniter\View\View->CodeIgniter\View\{closure}()
#10 C:\xampp\htdocs\ITE311-MALILAY\system\Common.php(1167): CodeIgniter\View\View->render('auth/dashboard', Array, true)
#11 C:\xampp\htdocs\ITE311-MALILAY\app\Controllers\Auth.php(647): view('auth/dashboard', Array)
#12 C:\xampp\htdocs\ITE311-MALILAY\system\CodeIgniter.php(933): App\Controllers\Auth->dashboard()
#13 C:\xampp\htdocs\ITE311-MALILAY\system\CodeIgniter.php(507): CodeIgniter\CodeIgniter->runController(Object(App\Controllers\Auth))
#14 C:\xampp\htdocs\ITE311-MALILAY\system\CodeIgniter.php(354): CodeIgniter\CodeIgniter->handleRequest(NULL, Object(Config\Cache), false)
#15 C:\xampp\htdocs\ITE311-MALILAY\system\Boot.php(363): CodeIgniter\CodeIgniter->run()
#16 C:\xampp\htdocs\ITE311-MALILAY\system\Boot.php(68): CodeIgniter\Boot::runCodeIgniter(Object(CodeIgniter\CodeIgniter))
#17 C:\xampp\htdocs\ITE311-MALILAY\index.php(88): CodeIgniter\Boot::bootWeb(Object(Config\Paths))
#18 {main}
ERROR - 2025-12-11 00:40:06 --> Error in getTeachersByCourse: Unknown column 'course_teachers.deleted_at' in 'where clause'
ERROR - 2025-12-11 00:42:42 --> mysqli_sql_exception: Unknown column 'course_teachers.deleted_at' in 'where clause' in C:\xampp\htdocs\ITE311-MALILAY\system\Database\MySQLi\Connection.php:327
Stack trace:
#0 C:\xampp\htdocs\ITE311-MALILAY\system\Database\MySQLi\Connection.php(327): mysqli->query('SELECT `course_...', 0)
#1 C:\xampp\htdocs\ITE311-MALILAY\system\Database\BaseConnection.php(729): CodeIgniter\Database\MySQLi\Connection->execute('SELECT `course_...')
#2 C:\xampp\htdocs\ITE311-MALILAY\system\Database\BaseConnection.php(646): CodeIgniter\Database\BaseConnection->simpleQuery('SELECT `course_...')
#3 C:\xampp\htdocs\ITE311-MALILAY\system\Database\BaseBuilder.php(1649): CodeIgniter\Database\BaseConnection->query('SELECT `course_...', Array, false)
#4 C:\xampp\htdocs\ITE311-MALILAY\system\Model.php(286): CodeIgniter\Database\BaseBuilder->get()
#5 C:\xampp\htdocs\ITE311-MALILAY\system\BaseModel.php(677): CodeIgniter\Model->doFindAll(0, 0)
#6 C:\xampp\htdocs\ITE311-MALILAY\app\Models\CourseTeacherModel.php(62): CodeIgniter\BaseModel->findAll()
#7 C:\xampp\htdocs\ITE311-MALILAY\app\Views\auth\dashboard.php(730): App\Models\CourseTeacherModel->getTeachersByCourse('8')
#8 C:\xampp\htdocs\ITE311-MALILAY\system\View\View.php(226): include('C:\\xampp\\htdocs...')
#9 C:\xampp\htdocs\ITE311-MALILAY\system\View\View.php(229): CodeIgniter\View\View->CodeIgniter\View\{closure}()
#10 C:\xampp\htdocs\ITE311-MALILAY\system\Common.php(1167): CodeIgniter\View\View->render('auth/dashboard', Array, true)
#11 C:\xampp\htdocs\ITE311-MALILAY\app\Controllers\Auth.php(647): view('auth/dashboard', Array)
#12 C:\xampp\htdocs\ITE311-MALILAY\system\CodeIgniter.php(933): App\Controllers\Auth->dashboard()
#13 C:\xampp\htdocs\ITE311-MALILAY\system\CodeIgniter.php(507): CodeIgniter\CodeIgniter->runController(Object(App\Controllers\Auth))
#14 C:\xampp\htdocs\ITE311-MALILAY\system\CodeIgniter.php(354): CodeIgniter\CodeIgniter->handleRequest(NULL, Object(Config\Cache), false)
#15 C:\xampp\htdocs\ITE311-MALILAY\system\Boot.php(363): CodeIgniter\CodeIgniter->run()
#16 C:\xampp\htdocs\ITE311-MALILAY\system\Boot.php(68): CodeIgniter\Boot::runCodeIgniter(Object(CodeIgniter\CodeIgniter))
#17 C:\xampp\htdocs\ITE311-MALILAY\index.php(88): CodeIgniter\Boot::bootWeb(Object(Config\Paths))
#18 {main}
ERROR - 2025-12-11 00:42:42 --> Error in getTeachersByCourse: Unknown column 'course_teachers.deleted_at' in 'where clause'
ERROR - 2025-12-11 00:42:42 --> mysqli_sql_exception: Unknown column 'course_teachers.deleted_at' in 'where clause' in C:\xampp\htdocs\ITE311-MALILAY\system\Database\MySQLi\Connection.php:327
Stack trace:
#0 C:\xampp\htdocs\ITE311-MALILAY\system\Database\MySQLi\Connection.php(327): mysqli->query('SELECT `course_...', 0)
#1 C:\xampp\htdocs\ITE311-MALILAY\system\Database\BaseConnection.php(729): CodeIgniter\Database\MySQLi\Connection->execute('SELECT `course_...')
#2 C:\xampp\htdocs\ITE311-MALILAY\system\Database\BaseConnection.php(646): CodeIgniter\Database\BaseConnection->simpleQuery('SELECT `course_...')
#3 C:\xampp\htdocs\ITE311-MALILAY\system\Database\BaseBuilder.php(1649): CodeIgniter\Database\BaseConnection->query('SELECT `course_...', Array, false)
#4 C:\xampp\htdocs\ITE311-MALILAY\system\Model.php(286): CodeIgniter\Database\BaseBuilder->get()
#5 C:\xampp\htdocs\ITE311-MALILAY\system\BaseModel.php(677): CodeIgniter\Model->doFindAll(0, 0)
#6 C:\xampp\htdocs\ITE311-MALILAY\app\Models\CourseTeacherModel.php(62): CodeIgniter\BaseModel->findAll()
#7 C:\xampp\htdocs\ITE311-MALILAY\app\Views\auth\dashboard.php(730): App\Models\CourseTeacherModel->getTeachersByCourse('9')
#8 C:\xampp\htdocs\ITE311-MALILAY\system\View\View.php(226): include('C:\\xampp\\htdocs...')
#9 C:\xampp\htdocs\ITE311-MALILAY\system\View\View.php(229): CodeIgniter\View\View->CodeIgniter\View\{closure}()
#10 C:\xampp\htdocs\ITE311-MALILAY\system\Common.php(1167): CodeIgniter\View\View->render('auth/dashboard', Array, true)
#11 C:\xampp\htdocs\ITE311-MALILAY\app\Controllers\Auth.php(647): view('auth/dashboard', Array)
#12 C:\xampp\htdocs\ITE311-MALILAY\system\CodeIgniter.php(933): App\Controllers\Auth->dashboard()
#13 C:\xampp\htdocs\ITE311-MALILAY\system\CodeIgniter.php(507): CodeIgniter\CodeIgniter->runController(Object(App\Controllers\Auth))
#14 C:\xampp\htdocs\ITE311-MALILAY\system\CodeIgniter.php(354): CodeIgniter\CodeIgniter->handleRequest(NULL, Object(Config\Cache), false)
#15 C:\xampp\htdocs\ITE311-MALILAY\system\Boot.php(363): CodeIgniter\CodeIgniter->run()
#16 C:\xampp\htdocs\ITE311-MALILAY\system\Boot.php(68): CodeIgniter\Boot::runCodeIgniter(Object(CodeIgniter\CodeIgniter))
#17 C:\xampp\htdocs\ITE311-MALILAY\index.php(88): CodeIgniter\Boot::bootWeb(Object(Config\Paths))
#18 {main}
ERROR - 2025-12-11 00:42:42 --> Error in getTeachersByCourse: Unknown column 'course_teachers.deleted_at' in 'where clause'
ERROR - 2025-12-11 00:42:42 --> mysqli_sql_exception: Unknown column 'course_teachers.deleted_at' in 'where clause' in C:\xampp\htdocs\ITE311-MALILAY\system\Database\MySQLi\Connection.php:327
Stack trace:
#0 C:\xampp\htdocs\ITE311-MALILAY\system\Database\MySQLi\Connection.php(327): mysqli->query('SELECT `course_...', 0)
#1 C:\xampp\htdocs\ITE311-MALILAY\system\Database\BaseConnection.php(729): CodeIgniter\Database\MySQLi\Connection->execute('SELECT `course_...')
#2 C:\xampp\htdocs\ITE311-MALILAY\system\Database\BaseConnection.php(646): CodeIgniter\Database\BaseConnection->simpleQuery('SELECT `course_...')
#3 C:\xampp\htdocs\ITE311-MALILAY\system\Database\BaseBuilder.php(1649): CodeIgniter\Database\BaseConnection->query('SELECT `course_...', Array, false)
#4 C:\xampp\htdocs\ITE311-MALILAY\system\Model.php(286): CodeIgniter\Database\BaseBuilder->get()
#5 C:\xampp\htdocs\ITE311-MALILAY\system\BaseModel.php(677): CodeIgniter\Model->doFindAll(0, 0)
#6 C:\xampp\htdocs\ITE311-MALILAY\app\Models\CourseTeacherModel.php(62): CodeIgniter\BaseModel->findAll()
#7 C:\xampp\htdocs\ITE311-MALILAY\app\Views\auth\dashboard.php(730): App\Models\CourseTeacherModel->getTeachersByCourse('10')
#8 C:\xampp\htdocs\ITE311-MALILAY\system\View\View.php(226): include('C:\\xampp\\htdocs...')
#9 C:\xampp\htdocs\ITE311-MALILAY\system\View\View.php(229): CodeIgniter\View\View->CodeIgniter\View\{closure}()
#10 C:\xampp\htdocs\ITE311-MALILAY\system\Common.php(1167): CodeIgniter\View\View->render('auth/dashboard', Array, true)
#11 C:\xampp\htdocs\ITE311-MALILAY\app\Controllers\Auth.php(647): view('auth/dashboard', Array)
#12 C:\xampp\htdocs\ITE311-MALILAY\system\CodeIgniter.php(933): App\Controllers\Auth->dashboard()
#13 C:\xampp\htdocs\ITE311-MALILAY\system\CodeIgniter.php(507): CodeIgniter\CodeIgniter->runController(Object(App\Controllers\Auth))
#14 C:\xampp\htdocs\ITE311-MALILAY\system\CodeIgniter.php(354): CodeIgniter\CodeIgniter->handleRequest(NULL, Object(Config\Cache), false)
#15 C:\xampp\htdocs\ITE311-MALILAY\system\Boot.php(363): CodeIgniter\CodeIgniter->run()
#16 C:\xampp\htdocs\ITE311-MALILAY\system\Boot.php(68): CodeIgniter\Boot::runCodeIgniter(Object(CodeIgniter\CodeIgniter))
#17 C:\xampp\htdocs\ITE311-MALILAY\index.php(88): CodeIgniter\Boot::bootWeb(Object(Config\Paths))
#18 {main}
ERROR - 2025-12-11 00:42:42 --> Error in getTeachersByCourse: Unknown column 'course_teachers.deleted_at' in 'where clause'
ERROR - 2025-12-11 00:43:19 --> mysqli_sql_exception: Unknown column 'course_teachers.deleted_at' in 'where clause' in C:\xampp\htdocs\ITE311-MALILAY\system\Database\MySQLi\Connection.php:327
Stack trace:
#0 C:\xampp\htdocs\ITE311-MALILAY\system\Database\MySQLi\Connection.php(327): mysqli->query('SELECT `course_...', 0)
#1 C:\xampp\htdocs\ITE311-MALILAY\system\Database\BaseConnection.php(729): CodeIgniter\Database\MySQLi\Connection->execute('SELECT `course_...')
#2 C:\xampp\htdocs\ITE311-MALILAY\system\Database\BaseConnection.php(646): CodeIgniter\Database\BaseConnection->simpleQuery('SELECT `course_...')
#3 C:\xampp\htdocs\ITE311-MALILAY\system\Database\BaseBuilder.php(1649): CodeIgniter\Database\BaseConnection->query('SELECT `course_...', Array, false)
#4 C:\xampp\htdocs\ITE311-MALILAY\system\Model.php(286): CodeIgniter\Database\BaseBuilder->get()
#5 C:\xampp\htdocs\ITE311-MALILAY\system\BaseModel.php(677): CodeIgniter\Model->doFindAll(0, 0)
#6 C:\xampp\htdocs\ITE311-MALILAY\app\Models\CourseTeacherModel.php(62): CodeIgniter\BaseModel->findAll()
#7 C:\xampp\htdocs\ITE311-MALILAY\app\Views\auth\dashboard.php(730): App\Models\CourseTeacherModel->getTeachersByCourse('8')
#8 C:\xampp\htdocs\ITE311-MALILAY\system\View\View.php(226): include('C:\\xampp\\htdocs...')
#9 C:\xampp\htdocs\ITE311-MALILAY\system\View\View.php(229): CodeIgniter\View\View->CodeIgniter\View\{closure}()
#10 C:\xampp\htdocs\ITE311-MALILAY\system\Common.php(1167): CodeIgniter\View\View->render('auth/dashboard', Array, true)
#11 C:\xampp\htdocs\ITE311-MALILAY\app\Controllers\Auth.php(647): view('auth/dashboard', Array)
#12 C:\xampp\htdocs\ITE311-MALILAY\system\CodeIgniter.php(933): App\Controllers\Auth->dashboard()
#13 C:\xampp\htdocs\ITE311-MALILAY\system\CodeIgniter.php(507): CodeIgniter\CodeIgniter->runController(Object(App\Controllers\Auth))
#14 C:\xampp\htdocs\ITE311-MALILAY\system\CodeIgniter.php(354): CodeIgniter\CodeIgniter->handleRequest(NULL, Object(Config\Cache), false)
#15 C:\xampp\htdocs\ITE311-MALILAY\system\Boot.php(363): CodeIgniter\CodeIgniter->run()
#16 C:\xampp\htdocs\ITE311-MALILAY\system\Boot.php(68): CodeIgniter\Boot::runCodeIgniter(Object(CodeIgniter\CodeIgniter))
#17 C:\xampp\htdocs\ITE311-MALILAY\index.php(88): CodeIgniter\Boot::bootWeb(Object(Config\Paths))
#18 {main}
ERROR - 2025-12-11 00:43:19 --> Error in getTeachersByCourse: Unknown column 'course_teachers.deleted_at' in 'where clause'
ERROR - 2025-12-11 00:43:19 --> mysqli_sql_exception: Unknown column 'course_teachers.deleted_at' in 'where clause' in C:\xampp\htdocs\ITE311-MALILAY\system\Database\MySQLi\Connection.php:327
Stack trace:
#0 C:\xampp\htdocs\ITE311-MALILAY\system\Database\MySQLi\Connection.php(327): mysqli->query('SELECT `course_...', 0)
#1 C:\xampp\htdocs\ITE311-MALILAY\system\Database\BaseConnection.php(729): CodeIgniter\Database\MySQLi\Connection->execute('SELECT `course_...')
#2 C:\xampp\htdocs\ITE311-MALILAY\system\Database\BaseConnection.php(646): CodeIgniter\Database\BaseConnection->simpleQuery('SELECT `course_...')
#3 C:\xampp\htdocs\ITE311-MALILAY\system\Database\BaseBuilder.php(1649): CodeIgniter\Database\BaseConnection->query('SELECT `course_...', Array, false)
#4 C:\xampp\htdocs\ITE311-MALILAY\system\Model.php(286): CodeIgniter\Database\BaseBuilder->get()
#5 C:\xampp\htdocs\ITE311-MALILAY\system\BaseModel.php(677): CodeIgniter\Model->doFindAll(0, 0)
#6 C:\xampp\htdocs\ITE311-MALILAY\app\Models\CourseTeacherModel.php(62): CodeIgniter\BaseModel->findAll()
#7 C:\xampp\htdocs\ITE311-MALILAY\app\Views\auth\dashboard.php(730): App\Models\CourseTeacherModel->getTeachersByCourse('9')
#8 C:\xampp\htdocs\ITE311-MALILAY\system\View\View.php(226): include('C:\\xampp\\htdocs...')
#9 C:\xampp\htdocs\ITE311-MALILAY\system\View\View.php(229): CodeIgniter\View\View->CodeIgniter\View\{closure}()
#10 C:\xampp\htdocs\ITE311-MALILAY\system\Common.php(1167): CodeIgniter\View\View->render('auth/dashboard', Array, true)
#11 C:\xampp\htdocs\ITE311-MALILAY\app\Controllers\Auth.php(647): view('auth/dashboard', Array)
#12 C:\xampp\htdocs\ITE311-MALILAY\system\CodeIgniter.php(933): App\Controllers\Auth->dashboard()
#13 C:\xampp\htdocs\ITE311-MALILAY\system\CodeIgniter.php(507): CodeIgniter\CodeIgniter->runController(Object(App\Controllers\Auth))
#14 C:\xampp\htdocs\ITE311-MALILAY\system\CodeIgniter.php(354): CodeIgniter\CodeIgniter->handleRequest(NULL, Object(Config\Cache), false)
#15 C:\xampp\htdocs\ITE311-MALILAY\system\Boot.php(363): CodeIgniter\CodeIgniter->run()
#16 C:\xampp\htdocs\ITE311-MALILAY\system\Boot.php(68): CodeIgniter\Boot::runCodeIgniter(Object(CodeIgniter\CodeIgniter))
#17 C:\xampp\htdocs\ITE311-MALILAY\index.php(88): CodeIgniter\Boot::bootWeb(Object(Config\Paths))
#18 {main}
ERROR - 2025-12-11 00:43:19 --> Error in getTeachersByCourse: Unknown column 'course_teachers.deleted_at' in 'where clause'
ERROR - 2025-12-11 00:43:19 --> mysqli_sql_exception: Unknown column 'course_teachers.deleted_at' in 'where clause' in C:\xampp\htdocs\ITE311-MALILAY\system\Database\MySQLi\Connection.php:327
Stack trace:
#0 C:\xampp\htdocs\ITE311-MALILAY\system\Database\MySQLi\Connection.php(327): mysqli->query('SELECT `course_...', 0)
#1 C:\xampp\htdocs\ITE311-MALILAY\system\Database\BaseConnection.php(729): CodeIgniter\Database\MySQLi\Connection->execute('SELECT `course_...')
#2 C:\xampp\htdocs\ITE311-MALILAY\system\Database\BaseConnection.php(646): CodeIgniter\Database\BaseConnection->simpleQuery('SELECT `course_...')
#3 C:\xampp\htdocs\ITE311-MALILAY\system\Database\BaseBuilder.php(1649): CodeIgniter\Database\BaseConnection->query('SELECT `course_...', Array, false)
#4 C:\xampp\htdocs\ITE311-MALILAY\system\Model.php(286): CodeIgniter\Database\BaseBuilder->get()
#5 C:\xampp\htdocs\ITE311-MALILAY\system\BaseModel.php(677): CodeIgniter\Model->doFindAll(0, 0)
#6 C:\xampp\htdocs\ITE311-MALILAY\app\Models\CourseTeacherModel.php(62): CodeIgniter\BaseModel->findAll()
#7 C:\xampp\htdocs\ITE311-MALILAY\app\Views\auth\dashboard.php(730): App\Models\CourseTeacherModel->getTeachersByCourse('10')
#8 C:\xampp\htdocs\ITE311-MALILAY\system\View\View.php(226): include('C:\\xampp\\htdocs...')
#9 C:\xampp\htdocs\ITE311-MALILAY\system\View\View.php(229): CodeIgniter\View\View->CodeIgniter\View\{closure}()
#10 C:\xampp\htdocs\ITE311-MALILAY\system\Common.php(1167): CodeIgniter\View\View->render('auth/dashboard', Array, true)
#11 C:\xampp\htdocs\ITE311-MALILAY\app\Controllers\Auth.php(647): view('auth/dashboard', Array)
#12 C:\xampp\htdocs\ITE311-MALILAY\system\CodeIgniter.php(933): App\Controllers\Auth->dashboard()
#13 C:\xampp\htdocs\ITE311-MALILAY\system\CodeIgniter.php(507): CodeIgniter\CodeIgniter->runController(Object(App\Controllers\Auth))
#14 C:\xampp\htdocs\ITE311-MALILAY\system\CodeIgniter.php(354): CodeIgniter\CodeIgniter->handleRequest(NULL, Object(Config\Cache), false)
#15 C:\xampp\htdocs\ITE311-MALILAY\system\Boot.php(363): CodeIgniter\CodeIgniter->run()
#16 C:\xampp\htdocs\ITE311-MALILAY\system\Boot.php(68): CodeIgniter\Boot::runCodeIgniter(Object(CodeIgniter\CodeIgniter))
#17 C:\xampp\htdocs\ITE311-MALILAY\index.php(88): CodeIgniter\Boot::bootWeb(Object(Config\Paths))
#18 {main}
ERROR - 2025-12-11 00:43:19 --> Error in getTeachersByCourse: Unknown column 'course_teachers.deleted_at' in 'where clause'
ERROR - 2025-12-11 00:43:19 --> mysqli_sql_exception: Unknown column 'course_teachers.deleted_at' in 'where clause' in C:\xampp\htdocs\ITE311-MALILAY\system\Database\MySQLi\Connection.php:327
Stack trace:
#0 C:\xampp\htdocs\ITE311-MALILAY\system\Database\MySQLi\Connection.php(327): mysqli->query('SELECT `course_...', 0)
#1 C:\xampp\htdocs\ITE311-MALILAY\system\Database\BaseConnection.php(729): CodeIgniter\Database\MySQLi\Connection->execute('SELECT `course_...')
#2 C:\xampp\htdocs\ITE311-MALILAY\system\Database\BaseConnection.php(646): CodeIgniter\Database\BaseConnection->simpleQuery('SELECT `course_...')
#3 C:\xampp\htdocs\ITE311-MALILAY\system\Database\BaseBuilder.php(1649): CodeIgniter\Database\BaseConnection->query('SELECT `course_...', Array, false)
#4 C:\xampp\htdocs\ITE311-MALILAY\system\Model.php(286): CodeIgniter\Database\BaseBuilder->get()
#5 C:\xampp\htdocs\ITE311-MALILAY\system\BaseModel.php(677): CodeIgniter\Model->doFindAll(0, 0)
#6 C:\xampp\htdocs\ITE311-MALILAY\app\Models\CourseTeacherModel.php(62): CodeIgniter\BaseModel->findAll()
#7 C:\xampp\htdocs\ITE311-MALILAY\app\Views\auth\dashboard.php(730): App\Models\CourseTeacherModel->getTeachersByCourse('11')
#8 C:\xampp\htdocs\ITE311-MALILAY\system\View\View.php(226): include('C:\\xampp\\htdocs...')
#9 C:\xampp\htdocs\ITE311-MALILAY\system\View\View.php(229): CodeIgniter\View\View->CodeIgniter\View\{closure}()
#10 C:\xampp\htdocs\ITE311-MALILAY\system\Common.php(1167): CodeIgniter\View\View->render('auth/dashboard', Array, true)
#11 C:\xampp\htdocs\ITE311-MALILAY\app\Controllers\Auth.php(647): view('auth/dashboard', Array)
#12 C:\xampp\htdocs\ITE311-MALILAY\system\CodeIgniter.php(933): App\Controllers\Auth->dashboard()
#13 C:\xampp\htdocs\ITE311-MALILAY\system\CodeIgniter.php(507): CodeIgniter\CodeIgniter->runController(Object(App\Controllers\Auth))
#14 C:\xampp\htdocs\ITE311-MALILAY\system\CodeIgniter.php(354): CodeIgniter\CodeIgniter->handleRequest(NULL, Object(Config\Cache), false)
#15 C:\xampp\htdocs\ITE311-MALILAY\system\Boot.php(363): CodeIgniter\CodeIgniter->run()
#16 C:\xampp\htdocs\ITE311-MALILAY\system\Boot.php(68): CodeIgniter\Boot::runCodeIgniter(Object(CodeIgniter\CodeIgniter))
#17 C:\xampp\htdocs\ITE311-MALILAY\index.php(88): CodeIgniter\Boot::bootWeb(Object(Config\Paths))
#18 {main}
ERROR - 2025-12-11 00:43:19 --> Error in getTeachersByCourse: Unknown column 'course_teachers.deleted_at' in 'where clause'
ERROR - 2025-12-11 00:43:23 --> mysqli_sql_exception: Unknown column 'course_teachers.deleted_at' in 'where clause' in C:\xampp\htdocs\ITE311-MALILAY\system\Database\MySQLi\Connection.php:327
Stack trace:
#0 C:\xampp\htdocs\ITE311-MALILAY\system\Database\MySQLi\Connection.php(327): mysqli->query('SELECT `course_...', 0)
#1 C:\xampp\htdocs\ITE311-MALILAY\system\Database\BaseConnection.php(729): CodeIgniter\Database\MySQLi\Connection->execute('SELECT `course_...')
#2 C:\xampp\htdocs\ITE311-MALILAY\system\Database\BaseConnection.php(646): CodeIgniter\Database\BaseConnection->simpleQuery('SELECT `course_...')
#3 C:\xampp\htdocs\ITE311-MALILAY\system\Database\BaseBuilder.php(1649): CodeIgniter\Database\BaseConnection->query('SELECT `course_...', Array, false)
#4 C:\xampp\htdocs\ITE311-MALILAY\system\Model.php(286): CodeIgniter\Database\BaseBuilder->get()
#5 C:\xampp\htdocs\ITE311-MALILAY\system\BaseModel.php(677): CodeIgniter\Model->doFindAll(0, 0)
#6 C:\xampp\htdocs\ITE311-MALILAY\app\Models\CourseTeacherModel.php(62): CodeIgniter\BaseModel->findAll()
#7 C:\xampp\htdocs\ITE311-MALILAY\app\Views\auth\dashboard.php(730): App\Models\CourseTeacherModel->getTeachersByCourse('8')
#8 C:\xampp\htdocs\ITE311-MALILAY\system\View\View.php(226): include('C:\\xampp\\htdocs...')
#9 C:\xampp\htdocs\ITE311-MALILAY\system\View\View.php(229): CodeIgniter\View\View->CodeIgniter\View\{closure}()
#10 C:\xampp\htdocs\ITE311-MALILAY\system\Common.php(1167): CodeIgniter\View\View->render('auth/dashboard', Array, true)
#11 C:\xampp\htdocs\ITE311-MALILAY\app\Controllers\Auth.php(647): view('auth/dashboard', Array)
#12 C:\xampp\htdocs\ITE311-MALILAY\system\CodeIgniter.php(933): App\Controllers\Auth->dashboard()
#13 C:\xampp\htdocs\ITE311-MALILAY\system\CodeIgniter.php(507): CodeIgniter\CodeIgniter->runController(Object(App\Controllers\Auth))
#14 C:\xampp\htdocs\ITE311-MALILAY\system\CodeIgniter.php(354): CodeIgniter\CodeIgniter->handleRequest(NULL, Object(Config\Cache), false)
#15 C:\xampp\htdocs\ITE311-MALILAY\system\Boot.php(363): CodeIgniter\CodeIgniter->run()
#16 C:\xampp\htdocs\ITE311-MALILAY\system\Boot.php(68): CodeIgniter\Boot::runCodeIgniter(Object(CodeIgniter\CodeIgniter))
#17 C:\xampp\htdocs\ITE311-MALILAY\index.php(88): CodeIgniter\Boot::bootWeb(Object(Config\Paths))
#18 {main}
ERROR - 2025-12-11 00:43:23 --> Error in getTeachersByCourse: Unknown column 'course_teachers.deleted_at' in 'where clause'
ERROR - 2025-12-11 00:43:23 --> mysqli_sql_exception: Unknown column 'course_teachers.deleted_at' in 'where clause' in C:\xampp\htdocs\ITE311-MALILAY\system\Database\MySQLi\Connection.php:327
Stack trace:
#0 C:\xampp\htdocs\ITE311-MALILAY\system\Database\MySQLi\Connection.php(327): mysqli->query('SELECT `course_...', 0)
#1 C:\xampp\htdocs\ITE311-MALILAY\system\Database\BaseConnection.php(729): CodeIgniter\Database\MySQLi\Connection->execute('SELECT `course_...')
#2 C:\xampp\htdocs\ITE311-MALILAY\system\Database\BaseConnection.php(646): CodeIgniter\Database\BaseConnection->simpleQuery('SELECT `course_...')
#3 C:\xampp\htdocs\ITE311-MALILAY\system\Database\BaseBuilder.php(1649): CodeIgniter\Database\BaseConnection->query('SELECT `course_...', Array, false)
#4 C:\xampp\htdocs\ITE311-MALILAY\system\Model.php(286): CodeIgniter\Database\BaseBuilder->get()
#5 C:\xampp\htdocs\ITE311-MALILAY\system\BaseModel.php(677): CodeIgniter\Model->doFindAll(0, 0)
#6 C:\xampp\htdocs\ITE311-MALILAY\app\Models\CourseTeacherModel.php(62): CodeIgniter\BaseModel->findAll()
#7 C:\xampp\htdocs\ITE311-MALILAY\app\Views\auth\dashboard.php(730): App\Models\CourseTeacherModel->getTeachersByCourse('9')
#8 C:\xampp\htdocs\ITE311-MALILAY\system\View\View.php(226): include('C:\\xampp\\htdocs...')
#9 C:\xampp\htdocs\ITE311-MALILAY\system\View\View.php(229): CodeIgniter\View\View->CodeIgniter\View\{closure}()
#10 C:\xampp\htdocs\ITE311-MALILAY\system\Common.php(1167): CodeIgniter\View\View->render('auth/dashboard', Array, true)
#11 C:\xampp\htdocs\ITE311-MALILAY\app\Controllers\Auth.php(647): view('auth/dashboard', Array)
#12 C:\xampp\htdocs\ITE311-MALILAY\system\CodeIgniter.php(933): App\Controllers\Auth->dashboard()
#13 C:\xampp\htdocs\ITE311-MALILAY\system\CodeIgniter.php(507): CodeIgniter\CodeIgniter->runController(Object(App\Controllers\Auth))
#14 C:\xampp\htdocs\ITE311-MALILAY\system\CodeIgniter.php(354): CodeIgniter\CodeIgniter->handleRequest(NULL, Object(Config\Cache), false)
#15 C:\xampp\htdocs\ITE311-MALILAY\system\Boot.php(363): CodeIgniter\CodeIgniter->run()
#16 C:\xampp\htdocs\ITE311-MALILAY\system\Boot.php(68): CodeIgniter\Boot::runCodeIgniter(Object(CodeIgniter\CodeIgniter))
#17 C:\xampp\htdocs\ITE311-MALILAY\index.php(88): CodeIgniter\Boot::bootWeb(Object(Config\Paths))
#18 {main}
ERROR - 2025-12-11 00:43:23 --> Error in getTeachersByCourse: Unknown column 'course_teachers.deleted_at' in 'where clause'
ERROR - 2025-12-11 00:43:23 --> mysqli_sql_exception: Unknown column 'course_teachers.deleted_at' in 'where clause' in C:\xampp\htdocs\ITE311-MALILAY\system\Database\MySQLi\Connection.php:327
Stack trace:
#0 C:\xampp\htdocs\ITE311-MALILAY\system\Database\MySQLi\Connection.php(327): mysqli->query('SELECT `course_...', 0)
#1 C:\xampp\htdocs\ITE311-MALILAY\system\Database\BaseConnection.php(729): CodeIgniter\Database\MySQLi\Connection->execute('SELECT `course_...')
#2 C:\xampp\htdocs\ITE311-MALILAY\system\Database\BaseConnection.php(646): CodeIgniter\Database\BaseConnection->simpleQuery('SELECT `course_...')
#3 C:\xampp\htdocs\ITE311-MALILAY\system\Database\BaseBuilder.php(1649): CodeIgniter\Database\BaseConnection->query('SELECT `course_...', Array, false)
#4 C:\xampp\htdocs\ITE311-MALILAY\system\Model.php(286): CodeIgniter\Database\BaseBuilder->get()
#5 C:\xampp\htdocs\ITE311-MALILAY\system\BaseModel.php(677): CodeIgniter\Model->doFindAll(0, 0)
#6 C:\xampp\htdocs\ITE311-MALILAY\app\Models\CourseTeacherModel.php(62): CodeIgniter\BaseModel->findAll()
#7 C:\xampp\htdocs\ITE311-MALILAY\app\Views\auth\dashboard.php(730): App\Models\CourseTeacherModel->getTeachersByCourse('10')
#8 C:\xampp\htdocs\ITE311-MALILAY\system\View\View.php(226): include('C:\\xampp\\htdocs...')
#9 C:\xampp\htdocs\ITE311-MALILAY\system\View\View.php(229): CodeIgniter\View\View->CodeIgniter\View\{closure}()
#10 C:\xampp\htdocs\ITE311-MALILAY\system\Common.php(1167): CodeIgniter\View\View->render('auth/dashboard', Array, true)
#11 C:\xampp\htdocs\ITE311-MALILAY\app\Controllers\Auth.php(647): view('auth/dashboard', Array)
#12 C:\xampp\htdocs\ITE311-MALILAY\system\CodeIgniter.php(933): App\Controllers\Auth->dashboard()
#13 C:\xampp\htdocs\ITE311-MALILAY\system\CodeIgniter.php(507): CodeIgniter\CodeIgniter->runController(Object(App\Controllers\Auth))
#14 C:\xampp\htdocs\ITE311-MALILAY\system\CodeIgniter.php(354): CodeIgniter\CodeIgniter->handleRequest(NULL, Object(Config\Cache), false)
#15 C:\xampp\htdocs\ITE311-MALILAY\system\Boot.php(363): CodeIgniter\CodeIgniter->run()
#16 C:\xampp\htdocs\ITE311-MALILAY\system\Boot.php(68): CodeIgniter\Boot::runCodeIgniter(Object(CodeIgniter\CodeIgniter))
#17 C:\xampp\htdocs\ITE311-MALILAY\index.php(88): CodeIgniter\Boot::bootWeb(Object(Config\Paths))
#18 {main}
ERROR - 2025-12-11 00:43:23 --> Error in getTeachersByCourse: Unknown column 'course_teachers.deleted_at' in 'where clause'
ERROR - 2025-12-11 00:43:23 --> mysqli_sql_exception: Unknown column 'course_teachers.deleted_at' in 'where clause' in C:\xampp\htdocs\ITE311-MALILAY\system\Database\MySQLi\Connection.php:327
Stack trace:
#0 C:\xampp\htdocs\ITE311-MALILAY\system\Database\MySQLi\Connection.php(327): mysqli->query('SELECT `course_...', 0)
#1 C:\xampp\htdocs\ITE311-MALILAY\system\Database\BaseConnection.php(729): CodeIgniter\Database\MySQLi\Connection->execute('SELECT `course_...')
#2 C:\xampp\htdocs\ITE311-MALILAY\system\Database\BaseConnection.php(646): CodeIgniter\Database\BaseConnection->simpleQuery('SELECT `course_...')
#3 C:\xampp\htdocs\ITE311-MALILAY\system\Database\BaseBuilder.php(1649): CodeIgniter\Database\BaseConnection->query('SELECT `course_...', Array, false)
#4 C:\xampp\htdocs\ITE311-MALILAY\system\Model.php(286): CodeIgniter\Database\BaseBuilder->get()
#5 C:\xampp\htdocs\ITE311-MALILAY\system\BaseModel.php(677): CodeIgniter\Model->doFindAll(0, 0)
#6 C:\xampp\htdocs\ITE311-MALILAY\app\Models\CourseTeacherModel.php(62): CodeIgniter\BaseModel->findAll()
#7 C:\xampp\htdocs\ITE311-MALILAY\app\Views\auth\dashboard.php(730): App\Models\CourseTeacherModel->getTeachersByCourse('11')
#8 C:\xampp\htdocs\ITE311-MALILAY\system\View\View.php(226): include('C:\\xampp\\htdocs...')
#9 C:\xampp\htdocs\ITE311-MALILAY\system\View\View.php(229): CodeIgniter\View\View->CodeIgniter\View\{closure}()
#10 C:\xampp\htdocs\ITE311-MALILAY\system\Common.php(1167): CodeIgniter\View\View->render('auth/dashboard', Array, true)
#11 C:\xampp\htdocs\ITE311-MALILAY\app\Controllers\Auth.php(647): view('auth/dashboard', Array)
#12 C:\xampp\htdocs\ITE311-MALILAY\system\CodeIgniter.php(933): App\Controllers\Auth->dashboard()
#13 C:\xampp\htdocs\ITE311-MALILAY\system\CodeIgniter.php(507): CodeIgniter\CodeIgniter->runController(Object(App\Controllers\Auth))
#14 C:\xampp\htdocs\ITE311-MALILAY\system\CodeIgniter.php(354): CodeIgniter\CodeIgniter->handleRequest(NULL, Object(Config\Cache), false)
#15 C:\xampp\htdocs\ITE311-MALILAY\system\Boot.php(363): CodeIgniter\CodeIgniter->run()
#16 C:\xampp\htdocs\ITE311-MALILAY\system\Boot.php(68): CodeIgniter\Boot::runCodeIgniter(Object(CodeIgniter\CodeIgniter))
#17 C:\xampp\htdocs\ITE311-MALILAY\index.php(88): CodeIgniter\Boot::bootWeb(Object(Config\Paths))
#18 {main}
ERROR - 2025-12-11 00:43:23 --> Error in getTeachersByCourse: Unknown column 'course_teachers.deleted_at' in 'where clause'
ERROR - 2025-12-11 00:43:26 --> mysqli_sql_exception: Unknown column 'course_teachers.deleted_at' in 'where clause' in C:\xampp\htdocs\ITE311-MALILAY\system\Database\MySQLi\Connection.php:327
Stack trace:
#0 C:\xampp\htdocs\ITE311-MALILAY\system\Database\MySQLi\Connection.php(327): mysqli->query('SELECT `course_...', 0)
#1 C:\xampp\htdocs\ITE311-MALILAY\system\Database\BaseConnection.php(729): CodeIgniter\Database\MySQLi\Connection->execute('SELECT `course_...')
#2 C:\xampp\htdocs\ITE311-MALILAY\system\Database\BaseConnection.php(646): CodeIgniter\Database\BaseConnection->simpleQuery('SELECT `course_...')
#3 C:\xampp\htdocs\ITE311-MALILAY\system\Database\BaseBuilder.php(1649): CodeIgniter\Database\BaseConnection->query('SELECT `course_...', Array, false)
#4 C:\xampp\htdocs\ITE311-MALILAY\system\Model.php(286): CodeIgniter\Database\BaseBuilder->get()
#5 C:\xampp\htdocs\ITE311-MALILAY\system\BaseModel.php(677): CodeIgniter\Model->doFindAll(0, 0)
#6 C:\xampp\htdocs\ITE311-MALILAY\app\Models\CourseTeacherModel.php(62): CodeIgniter\BaseModel->findAll()
#7 C:\xampp\htdocs\ITE311-MALILAY\app\Views\auth\dashboard.php(730): App\Models\CourseTeacherModel->getTeachersByCourse('8')
#8 C:\xampp\htdocs\ITE311-MALILAY\system\View\View.php(226): include('C:\\xampp\\htdocs...')
#9 C:\xampp\htdocs\ITE311-MALILAY\system\View\View.php(229): CodeIgniter\View\View->CodeIgniter\View\{closure}()
#10 C:\xampp\htdocs\ITE311-MALILAY\system\Common.php(1167): CodeIgniter\View\View->render('auth/dashboard', Array, true)
#11 C:\xampp\htdocs\ITE311-MALILAY\app\Controllers\Auth.php(647): view('auth/dashboard', Array)
#12 C:\xampp\htdocs\ITE311-MALILAY\system\CodeIgniter.php(933): App\Controllers\Auth->dashboard()
#13 C:\xampp\htdocs\ITE311-MALILAY\system\CodeIgniter.php(507): CodeIgniter\CodeIgniter->runController(Object(App\Controllers\Auth))
#14 C:\xampp\htdocs\ITE311-MALILAY\system\CodeIgniter.php(354): CodeIgniter\CodeIgniter->handleRequest(NULL, Object(Config\Cache), false)
#15 C:\xampp\htdocs\ITE311-MALILAY\system\Boot.php(363): CodeIgniter\CodeIgniter->run()
#16 C:\xampp\htdocs\ITE311-MALILAY\system\Boot.php(68): CodeIgniter\Boot::runCodeIgniter(Object(CodeIgniter\CodeIgniter))
#17 C:\xampp\htdocs\ITE311-MALILAY\index.php(88): CodeIgniter\Boot::bootWeb(Object(Config\Paths))
#18 {main}
ERROR - 2025-12-11 00:43:26 --> Error in getTeachersByCourse: Unknown column 'course_teachers.deleted_at' in 'where clause'
ERROR - 2025-12-11 00:43:26 --> mysqli_sql_exception: Unknown column 'course_teachers.deleted_at' in 'where clause' in C:\xampp\htdocs\ITE311-MALILAY\system\Database\MySQLi\Connection.php:327
Stack trace:
#0 C:\xampp\htdocs\ITE311-MALILAY\system\Database\MySQLi\Connection.php(327): mysqli->query('SELECT `course_...', 0)
#1 C:\xampp\htdocs\ITE311-MALILAY\system\Database\BaseConnection.php(729): CodeIgniter\Database\MySQLi\Connection->execute('SELECT `course_...')
#2 C:\xampp\htdocs\ITE311-MALILAY\system\Database\BaseConnection.php(646): CodeIgniter\Database\BaseConnection->simpleQuery('SELECT `course_...')
#3 C:\xampp\htdocs\ITE311-MALILAY\system\Database\BaseBuilder.php(1649): CodeIgniter\Database\BaseConnection->query('SELECT `course_...', Array, false)
#4 C:\xampp\htdocs\ITE311-MALILAY\system\Model.php(286): CodeIgniter\Database\BaseBuilder->get()
#5 C:\xampp\htdocs\ITE311-MALILAY\system\BaseModel.php(677): CodeIgniter\Model->doFindAll(0, 0)
#6 C:\xampp\htdocs\ITE311-MALILAY\app\Models\CourseTeacherModel.php(62): CodeIgniter\BaseModel->findAll()
#7 C:\xampp\htdocs\ITE311-MALILAY\app\Views\auth\dashboard.php(730): App\Models\CourseTeacherModel->getTeachersByCourse('9')
#8 C:\xampp\htdocs\ITE311-MALILAY\system\View\View.php(226): include('C:\\xampp\\htdocs...')
#9 C:\xampp\htdocs\ITE311-MALILAY\system\View\View.php(229): CodeIgniter\View\View->CodeIgniter\View\{closure}()
#10 C:\xampp\htdocs\ITE311-MALILAY\system\Common.php(1167): CodeIgniter\View\View->render('auth/dashboard', Array, true)
#11 C:\xampp\htdocs\ITE311-MALILAY\app\Controllers\Auth.php(647): view('auth/dashboard', Array)
#12 C:\xampp\htdocs\ITE311-MALILAY\system\CodeIgniter.php(933): App\Controllers\Auth->dashboard()
#13 C:\xampp\htdocs\ITE311-MALILAY\system\CodeIgniter.php(507): CodeIgniter\CodeIgniter->runController(Object(App\Controllers\Auth))
#14 C:\xampp\htdocs\ITE311-MALILAY\system\CodeIgniter.php(354): CodeIgniter\CodeIgniter->handleRequest(NULL, Object(Config\Cache), false)
#15 C:\xampp\htdocs\ITE311-MALILAY\system\Boot.php(363): CodeIgniter\CodeIgniter->run()
#16 C:\xampp\htdocs\ITE311-MALILAY\system\Boot.php(68): CodeIgniter\Boot::runCodeIgniter(Object(CodeIgniter\CodeIgniter))
#17 C:\xampp\htdocs\ITE311-MALILAY\index.php(88): CodeIgniter\Boot::bootWeb(Object(Config\Paths))
#18 {main}
ERROR - 2025-12-11 00:43:26 --> Error in getTeachersByCourse: Unknown column 'course_teachers.deleted_at' in 'where clause'
ERROR - 2025-12-11 00:43:26 --> mysqli_sql_exception: Unknown column 'course_teachers.deleted_at' in 'where clause' in C:\xampp\htdocs\ITE311-MALILAY\system\Database\MySQLi\Connection.php:327
Stack trace:
#0 C:\xampp\htdocs\ITE311-MALILAY\system\Database\MySQLi\Connection.php(327): mysqli->query('SELECT `course_...', 0)
#1 C:\xampp\htdocs\ITE311-MALILAY\system\Database\BaseConnection.php(729): CodeIgniter\Database\MySQLi\Connection->execute('SELECT `course_...')
#2 C:\xampp\htdocs\ITE311-MALILAY\system\Database\BaseConnection.php(646): CodeIgniter\Database\BaseConnection->simpleQuery('SELECT `course_...')
#3 C:\xampp\htdocs\ITE311-MALILAY\system\Database\BaseBuilder.php(1649): CodeIgniter\Database\BaseConnection->query('SELECT `course_...', Array, false)
#4 C:\xampp\htdocs\ITE311-MALILAY\system\Model.php(286): CodeIgniter\Database\BaseBuilder->get()
#5 C:\xampp\htdocs\ITE311-MALILAY\system\BaseModel.php(677): CodeIgniter\Model->doFindAll(0, 0)
#6 C:\xampp\htdocs\ITE311-MALILAY\app\Models\CourseTeacherModel.php(62): CodeIgniter\BaseModel->findAll()
#7 C:\xampp\htdocs\ITE311-MALILAY\app\Views\auth\dashboard.php(730): App\Models\CourseTeacherModel->getTeachersByCourse('10')
#8 C:\xampp\htdocs\ITE311-MALILAY\system\View\View.php(226): include('C:\\xampp\\htdocs...')
#9 C:\xampp\htdocs\ITE311-MALILAY\system\View\View.php(229): CodeIgniter\View\View->CodeIgniter\View\{closure}()
#10 C:\xampp\htdocs\ITE311-MALILAY\system\Common.php(1167): CodeIgniter\View\View->render('auth/dashboard', Array, true)
#11 C:\xampp\htdocs\ITE311-MALILAY\app\Controllers\Auth.php(647): view('auth/dashboard', Array)
#12 C:\xampp\htdocs\ITE311-MALILAY\system\CodeIgniter.php(933): App\Controllers\Auth->dashboard()
#13 C:\xampp\htdocs\ITE311-MALILAY\system\CodeIgniter.php(507): CodeIgniter\CodeIgniter->runController(Object(App\Controllers\Auth))
#14 C:\xampp\htdocs\ITE311-MALILAY\system\CodeIgniter.php(354): CodeIgniter\CodeIgniter->handleRequest(NULL, Object(Config\Cache), false)
#15 C:\xampp\htdocs\ITE311-MALILAY\system\Boot.php(363): CodeIgniter\CodeIgniter->run()
#16 C:\xampp\htdocs\ITE311-MALILAY\system\Boot.php(68): CodeIgniter\Boot::runCodeIgniter(Object(CodeIgniter\CodeIgniter))
#17 C:\xampp\htdocs\ITE311-MALILAY\index.php(88): CodeIgniter\Boot::bootWeb(Object(Config\Paths))
#18 {main}
ERROR - 2025-12-11 00:43:26 --> Error in getTeachersByCourse: Unknown column 'course_teachers.deleted_at' in 'where clause'
ERROR - 2025-12-11 00:43:26 --> mysqli_sql_exception: Unknown column 'course_teachers.deleted_at' in 'where clause' in C:\xampp\htdocs\ITE311-MALILAY\system\Database\MySQLi\Connection.php:327
Stack trace:
#0 C:\xampp\htdocs\ITE311-MALILAY\system\Database\MySQLi\Connection.php(327): mysqli->query('SELECT `course_...', 0)
#1 C:\xampp\htdocs\ITE311-MALILAY\system\Database\BaseConnection.php(729): CodeIgniter\Database\MySQLi\Connection->execute('SELECT `course_...')
#2 C:\xampp\htdocs\ITE311-MALILAY\system\Database\BaseConnection.php(646): CodeIgniter\Database\BaseConnection->simpleQuery('SELECT `course_...')
#3 C:\xampp\htdocs\ITE311-MALILAY\system\Database\BaseBuilder.php(1649): CodeIgniter\Database\BaseConnection->query('SELECT `course_...', Array, false)
#4 C:\xampp\htdocs\ITE311-MALILAY\system\Model.php(286): CodeIgniter\Database\BaseBuilder->get()
#5 C:\xampp\htdocs\ITE311-MALILAY\system\BaseModel.php(677): CodeIgniter\Model->doFindAll(0, 0)
#6 C:\xampp\htdocs\ITE311-MALILAY\app\Models\CourseTeacherModel.php(62): CodeIgniter\BaseModel->findAll()
#7 C:\xampp\htdocs\ITE311-MALILAY\app\Views\auth\dashboard.php(730): App\Models\CourseTeacherModel->getTeachersByCourse('11')
#8 C:\xampp\htdocs\ITE311-MALILAY\system\View\View.php(226): include('C:\\xampp\\htdocs...')
#9 C:\xampp\htdocs\ITE311-MALILAY\system\View\View.php(229): CodeIgniter\View\View->CodeIgniter\View\{closure}()
#10 C:\xampp\htdocs\ITE311-MALILAY\system\Common.php(1167): CodeIgniter\View\View->render('auth/dashboard', Array, true)
#11 C:\xampp\htdocs\ITE311-MALILAY\app\Controllers\Auth.php(647): view('auth/dashboard', Array)
#12 C:\xampp\htdocs\ITE311-MALILAY\system\CodeIgniter.php(933): App\Controllers\Auth->dashboard()
#13 C:\xampp\htdocs\ITE311-MALILAY\system\CodeIgniter.php(507): CodeIgniter\CodeIgniter->runController(Object(App\Controllers\Auth))
#14 C:\xampp\htdocs\ITE311-MALILAY\system\CodeIgniter.php(354): CodeIgniter\CodeIgniter->handleRequest(NULL, Object(Config\Cache), false)
#15 C:\xampp\htdocs\ITE311-MALILAY\system\Boot.php(363): CodeIgniter\CodeIgniter->run()
#16 C:\xampp\htdocs\ITE311-MALILAY\system\Boot.php(68): CodeIgniter\Boot::runCodeIgniter(Object(CodeIgniter\CodeIgniter))
#17 C:\xampp\htdocs\ITE311-MALILAY\index.php(88): CodeIgniter\Boot::bootWeb(Object(Config\Paths))
#18 {main}
ERROR - 2025-12-11 00:43:26 --> Error in getTeachersByCourse: Unknown column 'course_teachers.deleted_at' in 'where clause'
ERROR - 2025-12-11 00:43:31 --> mysqli_sql_exception: Unknown column 'course_teachers.deleted_at' in 'where clause' in C:\xampp\htdocs\ITE311-MALILAY\system\Database\MySQLi\Connection.php:327
Stack trace:
#0 C:\xampp\htdocs\ITE311-MALILAY\system\Database\MySQLi\Connection.php(327): mysqli->query('SELECT `course_...', 0)
#1 C:\xampp\htdocs\ITE311-MALILAY\system\Database\BaseConnection.php(729): CodeIgniter\Database\MySQLi\Connection->execute('SELECT `course_...')
#2 C:\xampp\htdocs\ITE311-MALILAY\system\Database\BaseConnection.php(646): CodeIgniter\Database\BaseConnection->simpleQuery('SELECT `course_...')
#3 C:\xampp\htdocs\ITE311-MALILAY\system\Database\BaseBuilder.php(1649): CodeIgniter\Database\BaseConnection->query('SELECT `course_...', Array, false)
#4 C:\xampp\htdocs\ITE311-MALILAY\system\Model.php(286): CodeIgniter\Database\BaseBuilder->get()
#5 C:\xampp\htdocs\ITE311-MALILAY\system\BaseModel.php(677): CodeIgniter\Model->doFindAll(0, 0)
#6 C:\xampp\htdocs\ITE311-MALILAY\app\Models\CourseTeacherModel.php(62): CodeIgniter\BaseModel->findAll()
#7 C:\xampp\htdocs\ITE311-MALILAY\app\Views\auth\dashboard.php(730): App\Models\CourseTeacherModel->getTeachersByCourse('8')
#8 C:\xampp\htdocs\ITE311-MALILAY\system\View\View.php(226): include('C:\\xampp\\htdocs...')
#9 C:\xampp\htdocs\ITE311-MALILAY\system\View\View.php(229): CodeIgniter\View\View->CodeIgniter\View\{closure}()
#10 C:\xampp\htdocs\ITE311-MALILAY\system\Common.php(1167): CodeIgniter\View\View->render('auth/dashboard', Array, true)
#11 C:\xampp\htdocs\ITE311-MALILAY\app\Controllers\Auth.php(647): view('auth/dashboard', Array)
#12 C:\xampp\htdocs\ITE311-MALILAY\system\CodeIgniter.php(933): App\Controllers\Auth->dashboard()
#13 C:\xampp\htdocs\ITE311-MALILAY\system\CodeIgniter.php(507): CodeIgniter\CodeIgniter->runController(Object(App\Controllers\Auth))
#14 C:\xampp\htdocs\ITE311-MALILAY\system\CodeIgniter.php(354): CodeIgniter\CodeIgniter->handleRequest(NULL, Object(Config\Cache), false)
#15 C:\xampp\htdocs\ITE311-MALILAY\system\Boot.php(363): CodeIgniter\CodeIgniter->run()
#16 C:\xampp\htdocs\ITE311-MALILAY\system\Boot.php(68): CodeIgniter\Boot::runCodeIgniter(Object(CodeIgniter\CodeIgniter))
#17 C:\xampp\htdocs\ITE311-MALILAY\index.php(88): CodeIgniter\Boot::bootWeb(Object(Config\Paths))
#18 {main}
ERROR - 2025-12-11 00:43:31 --> Error in getTeachersByCourse: Unknown column 'course_teachers.deleted_at' in 'where clause'
ERROR - 2025-12-11 00:43:31 --> mysqli_sql_exception: Unknown column 'course_teachers.deleted_at' in 'where clause' in C:\xampp\htdocs\ITE311-MALILAY\system\Database\MySQLi\Connection.php:327
Stack trace:
#0 C:\xampp\htdocs\ITE311-MALILAY\system\Database\MySQLi\Connection.php(327): mysqli->query('SELECT `course_...', 0)
#1 C:\xampp\htdocs\ITE311-MALILAY\system\Database\BaseConnection.php(729): CodeIgniter\Database\MySQLi\Connection->execute('SELECT `course_...')
#2 C:\xampp\htdocs\ITE311-MALILAY\system\Database\BaseConnection.php(646): CodeIgniter\Database\BaseConnection->simpleQuery('SELECT `course_...')
#3 C:\xampp\htdocs\ITE311-MALILAY\system\Database\BaseBuilder.php(1649): CodeIgniter\Database\BaseConnection->query('SELECT `course_...', Array, false)
#4 C:\xampp\htdocs\ITE311-MALILAY\system\Model.php(286): CodeIgniter\Database\BaseBuilder->get()
#5 C:\xampp\htdocs\ITE311-MALILAY\system\BaseModel.php(677): CodeIgniter\Model->doFindAll(0, 0)
#6 C:\xampp\htdocs\ITE311-MALILAY\app\Models\CourseTeacherModel.php(62): CodeIgniter\BaseModel->findAll()
#7 C:\xampp\htdocs\ITE311-MALILAY\app\Views\auth\dashboard.php(730): App\Models\CourseTeacherModel->getTeachersByCourse('9')
#8 C:\xampp\htdocs\ITE311-MALILAY\system\View\View.php(226): include('C:\\xampp\\htdocs...')
#9 C:\xampp\htdocs\ITE311-MALILAY\system\View\View.php(229): CodeIgniter\View\View->CodeIgniter\View\{closure}()
#10 C:\xampp\htdocs\ITE311-MALILAY\system\Common.php(1167): CodeIgniter\View\View->render('auth/dashboard', Array, true)
#11 C:\xampp\htdocs\ITE311-MALILAY\app\Controllers\Auth.php(647): view('auth/dashboard', Array)
#12 C:\xampp\htdocs\ITE311-MALILAY\system\CodeIgniter.php(933): App\Controllers\Auth->dashboard()
#13 C:\xampp\htdocs\ITE311-MALILAY\system\CodeIgniter.php(507): CodeIgniter\CodeIgniter->runController(Object(App\Controllers\Auth))
#14 C:\xampp\htdocs\ITE311-MALILAY\system\CodeIgniter.php(354): CodeIgniter\CodeIgniter->handleRequest(NULL, Object(Config\Cache), false)
#15 C:\xampp\htdocs\ITE311-MALILAY\system\Boot.php(363): CodeIgniter\CodeIgniter->run()
#16 C:\xampp\htdocs\ITE311-MALILAY\system\Boot.php(68): CodeIgniter\Boot::runCodeIgniter(Object(CodeIgniter\CodeIgniter))
#17 C:\xampp\htdocs\ITE311-MALILAY\index.php(88): CodeIgniter\Boot::bootWeb(Object(Config\Paths))
#18 {main}
ERROR - 2025-12-11 00:43:31 --> Error in getTeachersByCourse: Unknown column 'course_teachers.deleted_at' in 'where clause'
ERROR - 2025-12-11 00:43:31 --> mysqli_sql_exception: Unknown column 'course_teachers.deleted_at' in 'where clause' in C:\xampp\htdocs\ITE311-MALILAY\system\Database\MySQLi\Connection.php:327
Stack trace:
#0 C:\xampp\htdocs\ITE311-MALILAY\system\Database\MySQLi\Connection.php(327): mysqli->query('SELECT `course_...', 0)
#1 C:\xampp\htdocs\ITE311-MALILAY\system\Database\BaseConnection.php(729): CodeIgniter\Database\MySQLi\Connection->execute('SELECT `course_...')
#2 C:\xampp\htdocs\ITE311-MALILAY\system\Database\BaseConnection.php(646): CodeIgniter\Database\BaseConnection->simpleQuery('SELECT `course_...')
#3 C:\xampp\htdocs\ITE311-MALILAY\system\Database\BaseBuilder.php(1649): CodeIgniter\Database\BaseConnection->query('SELECT `course_...', Array, false)
#4 C:\xampp\htdocs\ITE311-MALILAY\system\Model.php(286): CodeIgniter\Database\BaseBuilder->get()
#5 C:\xampp\htdocs\ITE311-MALILAY\system\BaseModel.php(677): CodeIgniter\Model->doFindAll(0, 0)
#6 C:\xampp\htdocs\ITE311-MALILAY\app\Models\CourseTeacherModel.php(62): CodeIgniter\BaseModel->findAll()
#7 C:\xampp\htdocs\ITE311-MALILAY\app\Views\auth\dashboard.php(730): App\Models\CourseTeacherModel->getTeachersByCourse('10')
#8 C:\xampp\htdocs\ITE311-MALILAY\system\View\View.php(226): include('C:\\xampp\\htdocs...')
#9 C:\xampp\htdocs\ITE311-MALILAY\system\View\View.php(229): CodeIgniter\View\View->CodeIgniter\View\{closure}()
#10 C:\xampp\htdocs\ITE311-MALILAY\system\Common.php(1167): CodeIgniter\View\View->render('auth/dashboard', Array, true)
#11 C:\xampp\htdocs\ITE311-MALILAY\app\Controllers\Auth.php(647): view('auth/dashboard', Array)
#12 C:\xampp\htdocs\ITE311-MALILAY\system\CodeIgniter.php(933): App\Controllers\Auth->dashboard()
#13 C:\xampp\htdocs\ITE311-MALILAY\system\CodeIgniter.php(507): CodeIgniter\CodeIgniter->runController(Object(App\Controllers\Auth))
#14 C:\xampp\htdocs\ITE311-MALILAY\system\CodeIgniter.php(354): CodeIgniter\CodeIgniter->handleRequest(NULL, Object(Config\Cache), false)
#15 C:\xampp\htdocs\ITE311-MALILAY\system\Boot.php(363): CodeIgniter\CodeIgniter->run()
#16 C:\xampp\htdocs\ITE311-MALILAY\system\Boot.php(68): CodeIgniter\Boot::runCodeIgniter(Object(CodeIgniter\CodeIgniter))
#17 C:\xampp\htdocs\ITE311-MALILAY\index.php(88): CodeIgniter\Boot::bootWeb(Object(Config\Paths))
#18 {main}
ERROR - 2025-12-11 00:43:31 --> Error in getTeachersByCourse: Unknown column 'course_teachers.deleted_at' in 'where clause'
ERROR - 2025-12-11 00:43:31 --> mysqli_sql_exception: Unknown column 'course_teachers.deleted_at' in 'where clause' in C:\xampp\htdocs\ITE311-MALILAY\system\Database\MySQLi\Connection.php:327
Stack trace:
#0 C:\xampp\htdocs\ITE311-MALILAY\system\Database\MySQLi\Connection.php(327): mysqli->query('SELECT `course_...', 0)
#1 C:\xampp\htdocs\ITE311-MALILAY\system\Database\BaseConnection.php(729): CodeIgniter\Database\MySQLi\Connection->execute('SELECT `course_...')
#2 C:\xampp\htdocs\ITE311-MALILAY\system\Database\BaseConnection.php(646): CodeIgniter\Database\BaseConnection->simpleQuery('SELECT `course_...')
#3 C:\xampp\htdocs\ITE311-MALILAY\system\Database\BaseBuilder.php(1649): CodeIgniter\Database\BaseConnection->query('SELECT `course_...', Array, false)
#4 C:\xampp\htdocs\ITE311-MALILAY\system\Model.php(286): CodeIgniter\Database\BaseBuilder->get()
#5 C:\xampp\htdocs\ITE311-MALILAY\system\BaseModel.php(677): CodeIgniter\Model->doFindAll(0, 0)
#6 C:\xampp\htdocs\ITE311-MALILAY\app\Models\CourseTeacherModel.php(62): CodeIgniter\BaseModel->findAll()
#7 C:\xampp\htdocs\ITE311-MALILAY\app\Views\auth\dashboard.php(730): App\Models\CourseTeacherModel->getTeachersByCourse('11')
#8 C:\xampp\htdocs\ITE311-MALILAY\system\View\View.php(226): include('C:\\xampp\\htdocs...')
#9 C:\xampp\htdocs\ITE311-MALILAY\system\View\View.php(229): CodeIgniter\View\View->CodeIgniter\View\{closure}()
#10 C:\xampp\htdocs\ITE311-MALILAY\system\Common.php(1167): CodeIgniter\View\View->render('auth/dashboard', Array, true)
#11 C:\xampp\htdocs\ITE311-MALILAY\app\Controllers\Auth.php(647): view('auth/dashboard', Array)
#12 C:\xampp\htdocs\ITE311-MALILAY\system\CodeIgniter.php(933): App\Controllers\Auth->dashboard()
#13 C:\xampp\htdocs\ITE311-MALILAY\system\CodeIgniter.php(507): CodeIgniter\CodeIgniter->runController(Object(App\Controllers\Auth))
#14 C:\xampp\htdocs\ITE311-MALILAY\system\CodeIgniter.php(354): CodeIgniter\CodeIgniter->handleRequest(NULL, Object(Config\Cache), false)
#15 C:\xampp\htdocs\ITE311-MALILAY\system\Boot.php(363): CodeIgniter\CodeIgniter->run()
#16 C:\xampp\htdocs\ITE311-MALILAY\system\Boot.php(68): CodeIgniter\Boot::runCodeIgniter(Object(CodeIgniter\CodeIgniter))
#17 C:\xampp\htdocs\ITE311-MALILAY\index.php(88): CodeIgniter\Boot::bootWeb(Object(Config\Paths))
#18 {main}
ERROR - 2025-12-11 00:43:31 --> Error in getTeachersByCourse: Unknown column 'course_teachers.deleted_at' in 'where clause'
ERROR - 2025-12-11 00:43:39 --> mysqli_sql_exception: Unknown column 'course_teachers.deleted_at' in 'where clause' in C:\xampp\htdocs\ITE311-MALILAY\system\Database\MySQLi\Connection.php:327
Stack trace:
#0 C:\xampp\htdocs\ITE311-MALILAY\system\Database\MySQLi\Connection.php(327): mysqli->query('SELECT `course_...', 0)
#1 C:\xampp\htdocs\ITE311-MALILAY\system\Database\BaseConnection.php(729): CodeIgniter\Database\MySQLi\Connection->execute('SELECT `course_...')
#2 C:\xampp\htdocs\ITE311-MALILAY\system\Database\BaseConnection.php(646): CodeIgniter\Database\BaseConnection->simpleQuery('SELECT `course_...')
#3 C:\xampp\htdocs\ITE311-MALILAY\system\Database\BaseBuilder.php(1649): CodeIgniter\Database\BaseConnection->query('SELECT `course_...', Array, false)
#4 C:\xampp\htdocs\ITE311-MALILAY\system\Model.php(286): CodeIgniter\Database\BaseBuilder->get()
#5 C:\xampp\htdocs\ITE311-MALILAY\system\BaseModel.php(677): CodeIgniter\Model->doFindAll(0, 0)
#6 C:\xampp\htdocs\ITE311-MALILAY\app\Models\CourseTeacherModel.php(62): CodeIgniter\BaseModel->findAll()
#7 C:\xampp\htdocs\ITE311-MALILAY\app\Views\auth\dashboard.php(730): App\Models\CourseTeacherModel->getTeachersByCourse('8')
#8 C:\xampp\htdocs\ITE311-MALILAY\system\View\View.php(226): include('C:\\xampp\\htdocs...')
#9 C:\xampp\htdocs\ITE311-MALILAY\system\View\View.php(229): CodeIgniter\View\View->CodeIgniter\View\{closure}()
#10 C:\xampp\htdocs\ITE311-MALILAY\system\Common.php(1167): CodeIgniter\View\View->render('auth/dashboard', Array, true)
#11 C:\xampp\htdocs\ITE311-MALILAY\app\Controllers\Auth.php(647): view('auth/dashboard', Array)
#12 C:\xampp\htdocs\ITE311-MALILAY\system\CodeIgniter.php(933): App\Controllers\Auth->dashboard()
#13 C:\xampp\htdocs\ITE311-MALILAY\system\CodeIgniter.php(507): CodeIgniter\CodeIgniter->runController(Object(App\Controllers\Auth))
#14 C:\xampp\htdocs\ITE311-MALILAY\system\CodeIgniter.php(354): CodeIgniter\CodeIgniter->handleRequest(NULL, Object(Config\Cache), false)
#15 C:\xampp\htdocs\ITE311-MALILAY\system\Boot.php(363): CodeIgniter\CodeIgniter->run()
#16 C:\xampp\htdocs\ITE311-MALILAY\system\Boot.php(68): CodeIgniter\Boot::runCodeIgniter(Object(CodeIgniter\CodeIgniter))
#17 C:\xampp\htdocs\ITE311-MALILAY\index.php(88): CodeIgniter\Boot::bootWeb(Object(Config\Paths))
#18 {main}
ERROR - 2025-12-11 00:43:39 --> Error in getTeachersByCourse: Unknown column 'course_teachers.deleted_at' in 'where clause'
ERROR - 2025-12-11 00:43:39 --> mysqli_sql_exception: Unknown column 'course_teachers.deleted_at' in 'where clause' in C:\xampp\htdocs\ITE311-MALILAY\system\Database\MySQLi\Connection.php:327
Stack trace:
#0 C:\xampp\htdocs\ITE311-MALILAY\system\Database\MySQLi\Connection.php(327): mysqli->query('SELECT `course_...', 0)
#1 C:\xampp\htdocs\ITE311-MALILAY\system\Database\BaseConnection.php(729): CodeIgniter\Database\MySQLi\Connection->execute('SELECT `course_...')
#2 C:\xampp\htdocs\ITE311-MALILAY\system\Database\BaseConnection.php(646): CodeIgniter\Database\BaseConnection->simpleQuery('SELECT `course_...')
#3 C:\xampp\htdocs\ITE311-MALILAY\system\Database\BaseBuilder.php(1649): CodeIgniter\Database\BaseConnection->query('SELECT `course_...', Array, false)
#4 C:\xampp\htdocs\ITE311-MALILAY\system\Model.php(286): CodeIgniter\Database\BaseBuilder->get()
#5 C:\xampp\htdocs\ITE311-MALILAY\system\BaseModel.php(677): CodeIgniter\Model->doFindAll(0, 0)
#6 C:\xampp\htdocs\ITE311-MALILAY\app\Models\CourseTeacherModel.php(62): CodeIgniter\BaseModel->findAll()
#7 C:\xampp\htdocs\ITE311-MALILAY\app\Views\auth\dashboard.php(730): App\Models\CourseTeacherModel->getTeachersByCourse('9')
#8 C:\xampp\htdocs\ITE311-MALILAY\system\View\View.php(226): include('C:\\xampp\\htdocs...')
#9 C:\xampp\htdocs\ITE311-MALILAY\system\View\View.php(229): CodeIgniter\View\View->CodeIgniter\View\{closure}()
#10 C:\xampp\htdocs\ITE311-MALILAY\system\Common.php(1167): CodeIgniter\View\View->render('auth/dashboard', Array, true)
#11 C:\xampp\htdocs\ITE311-MALILAY\app\Controllers\Auth.php(647): view('auth/dashboard', Array)
#12 C:\xampp\htdocs\ITE311-MALILAY\system\CodeIgniter.php(933): App\Controllers\Auth->dashboard()
#13 C:\xampp\htdocs\ITE311-MALILAY\system\CodeIgniter.php(507): CodeIgniter\CodeIgniter->runController(Object(App\Controllers\Auth))
#14 C:\xampp\htdocs\ITE311-MALILAY\system\CodeIgniter.php(354): CodeIgniter\CodeIgniter->handleRequest(NULL, Object(Config\Cache), false)
#15 C:\xampp\htdocs\ITE311-MALILAY\system\Boot.php(363): CodeIgniter\CodeIgniter->run()
#16 C:\xampp\htdocs\ITE311-MALILAY\system\Boot.php(68): CodeIgniter\Boot::runCodeIgniter(Object(CodeIgniter\CodeIgniter))
#17 C:\xampp\htdocs\ITE311-MALILAY\index.php(88): CodeIgniter\Boot::bootWeb(Object(Config\Paths))
#18 {main}
ERROR - 2025-12-11 00:43:39 --> Error in getTeachersByCourse: Unknown column 'course_teachers.deleted_at' in 'where clause'
ERROR - 2025-12-11 00:43:39 --> mysqli_sql_exception: Unknown column 'course_teachers.deleted_at' in 'where clause' in C:\xampp\htdocs\ITE311-MALILAY\system\Database\MySQLi\Connection.php:327
Stack trace:
#0 C:\xampp\htdocs\ITE311-MALILAY\system\Database\MySQLi\Connection.php(327): mysqli->query('SELECT `course_...', 0)
#1 C:\xampp\htdocs\ITE311-MALILAY\system\Database\BaseConnection.php(729): CodeIgniter\Database\MySQLi\Connection->execute('SELECT `course_...')
#2 C:\xampp\htdocs\ITE311-MALILAY\system\Database\BaseConnection.php(646): CodeIgniter\Database\BaseConnection->simpleQuery('SELECT `course_...')
#3 C:\xampp\htdocs\ITE311-MALILAY\system\Database\BaseBuilder.php(1649): CodeIgniter\Database\BaseConnection->query('SELECT `course_...', Array, false)
#4 C:\xampp\htdocs\ITE311-MALILAY\system\Model.php(286): CodeIgniter\Database\BaseBuilder->get()
#5 C:\xampp\htdocs\ITE311-MALILAY\system\BaseModel.php(677): CodeIgniter\Model->doFindAll(0, 0)
#6 C:\xampp\htdocs\ITE311-MALILAY\app\Models\CourseTeacherModel.php(62): CodeIgniter\BaseModel->findAll()
#7 C:\xampp\htdocs\ITE311-MALILAY\app\Views\auth\dashboard.php(730): App\Models\CourseTeacherModel->getTeachersByCourse('10')
#8 C:\xampp\htdocs\ITE311-MALILAY\system\View\View.php(226): include('C:\\xampp\\htdocs...')
#9 C:\xampp\htdocs\ITE311-MALILAY\system\View\View.php(229): CodeIgniter\View\View->CodeIgniter\View\{closure}()
#10 C:\xampp\htdocs\ITE311-MALILAY\system\Common.php(1167): CodeIgniter\View\View->render('auth/dashboard', Array, true)
#11 C:\xampp\htdocs\ITE311-MALILAY\app\Controllers\Auth.php(647): view('auth/dashboard', Array)
#12 C:\xampp\htdocs\ITE311-MALILAY\system\CodeIgniter.php(933): App\Controllers\Auth->dashboard()
#13 C:\xampp\htdocs\ITE311-MALILAY\system\CodeIgniter.php(507): CodeIgniter\CodeIgniter->runController(Object(App\Controllers\Auth))
#14 C:\xampp\htdocs\ITE311-MALILAY\system\CodeIgniter.php(354): CodeIgniter\CodeIgniter->handleRequest(NULL, Object(Config\Cache), false)
#15 C:\xampp\htdocs\ITE311-MALILAY\system\Boot.php(363): CodeIgniter\CodeIgniter->run()
#16 C:\xampp\htdocs\ITE311-MALILAY\system\Boot.php(68): CodeIgniter\Boot::runCodeIgniter(Object(CodeIgniter\CodeIgniter))
#17 C:\xampp\htdocs\ITE311-MALILAY\index.php(88): CodeIgniter\Boot::bootWeb(Object(Config\Paths))
#18 {main}
ERROR - 2025-12-11 00:43:39 --> Error in getTeachersByCourse: Unknown column 'course_teachers.deleted_at' in 'where clause'
ERROR - 2025-12-11 00:43:39 --> mysqli_sql_exception: Unknown column 'course_teachers.deleted_at' in 'where clause' in C:\xampp\htdocs\ITE311-MALILAY\system\Database\MySQLi\Connection.php:327
Stack trace:
#0 C:\xampp\htdocs\ITE311-MALILAY\system\Database\MySQLi\Connection.php(327): mysqli->query('SELECT `course_...', 0)
#1 C:\xampp\htdocs\ITE311-MALILAY\system\Database\BaseConnection.php(729): CodeIgniter\Database\MySQLi\Connection->execute('SELECT `course_...')
#2 C:\xampp\htdocs\ITE311-MALILAY\system\Database\BaseConnection.php(646): CodeIgniter\Database\BaseConnection->simpleQuery('SELECT `course_...')
#3 C:\xampp\htdocs\ITE311-MALILAY\system\Database\BaseBuilder.php(1649): CodeIgniter\Database\BaseConnection->query('SELECT `course_...', Array, false)
#4 C:\xampp\htdocs\ITE311-MALILAY\system\Model.php(286): CodeIgniter\Database\BaseBuilder->get()
#5 C:\xampp\htdocs\ITE311-MALILAY\system\BaseModel.php(677): CodeIgniter\Model->doFindAll(0, 0)
#6 C:\xampp\htdocs\ITE311-MALILAY\app\Models\CourseTeacherModel.php(62): CodeIgniter\BaseModel->findAll()
#7 C:\xampp\htdocs\ITE311-MALILAY\app\Views\auth\dashboard.php(730): App\Models\CourseTeacherModel->getTeachersByCourse('11')
#8 C:\xampp\htdocs\ITE311-MALILAY\system\View\View.php(226): include('C:\\xampp\\htdocs...')
#9 C:\xampp\htdocs\ITE311-MALILAY\system\View\View.php(229): CodeIgniter\View\View->CodeIgniter\View\{closure}()
#10 C:\xampp\htdocs\ITE311-MALILAY\system\Common.php(1167): CodeIgniter\View\View->render('auth/dashboard', Array, true)
#11 C:\xampp\htdocs\ITE311-MALILAY\app\Controllers\Auth.php(647): view('auth/dashboard', Array)
#12 C:\xampp\htdocs\ITE311-MALILAY\system\CodeIgniter.php(933): App\Controllers\Auth->dashboard()
#13 C:\xampp\htdocs\ITE311-MALILAY\system\CodeIgniter.php(507): CodeIgniter\CodeIgniter->runController(Object(App\Controllers\Auth))
#14 C:\xampp\htdocs\ITE311-MALILAY\system\CodeIgniter.php(354): CodeIgniter\CodeIgniter->handleRequest(NULL, Object(Config\Cache), false)
#15 C:\xampp\htdocs\ITE311-MALILAY\system\Boot.php(363): CodeIgniter\CodeIgniter->run()
#16 C:\xampp\htdocs\ITE311-MALILAY\system\Boot.php(68): CodeIgniter\Boot::runCodeIgniter(Object(CodeIgniter\CodeIgniter))
#17 C:\xampp\htdocs\ITE311-MALILAY\index.php(88): CodeIgniter\Boot::bootWeb(Object(Config\Paths))
#18 {main}
ERROR - 2025-12-11 00:43:39 --> Error in getTeachersByCourse: Unknown column 'course_teachers.deleted_at' in 'where clause'
ERROR - 2025-12-11 00:43:40 --> mysqli_sql_exception: Unknown column 'course_teachers.deleted_at' in 'where clause' in C:\xampp\htdocs\ITE311-MALILAY\system\Database\MySQLi\Connection.php:327
Stack trace:
#0 C:\xampp\htdocs\ITE311-MALILAY\system\Database\MySQLi\Connection.php(327): mysqli->query('SELECT `course_...', 0)
#1 C:\xampp\htdocs\ITE311-MALILAY\system\Database\BaseConnection.php(729): CodeIgniter\Database\MySQLi\Connection->execute('SELECT `course_...')
#2 C:\xampp\htdocs\ITE311-MALILAY\system\Database\BaseConnection.php(646): CodeIgniter\Database\BaseConnection->simpleQuery('SELECT `course_...')
#3 C:\xampp\htdocs\ITE311-MALILAY\system\Database\BaseBuilder.php(1649): CodeIgniter\Database\BaseConnection->query('SELECT `course_...', Array, false)
#4 C:\xampp\htdocs\ITE311-MALILAY\system\Model.php(286): CodeIgniter\Database\BaseBuilder->get()
#5 C:\xampp\htdocs\ITE311-MALILAY\system\BaseModel.php(677): CodeIgniter\Model->doFindAll(0, 0)
#6 C:\xampp\htdocs\ITE311-MALILAY\app\Models\CourseTeacherModel.php(62): CodeIgniter\BaseModel->findAll()
#7 C:\xampp\htdocs\ITE311-MALILAY\app\Views\auth\dashboard.php(730): App\Models\CourseTeacherModel->getTeachersByCourse('8')
#8 C:\xampp\htdocs\ITE311-MALILAY\system\View\View.php(226): include('C:\\xampp\\htdocs...')
#9 C:\xampp\htdocs\ITE311-MALILAY\system\View\View.php(229): CodeIgniter\View\View->CodeIgniter\View\{closure}()
#10 C:\xampp\htdocs\ITE311-MALILAY\system\Common.php(1167): CodeIgniter\View\View->render('auth/dashboard', Array, true)
#11 C:\xampp\htdocs\ITE311-MALILAY\app\Controllers\Auth.php(647): view('auth/dashboard', Array)
#12 C:\xampp\htdocs\ITE311-MALILAY\system\CodeIgniter.php(933): App\Controllers\Auth->dashboard()
#13 C:\xampp\htdocs\ITE311-MALILAY\system\CodeIgniter.php(507): CodeIgniter\CodeIgniter->runController(Object(App\Controllers\Auth))
#14 C:\xampp\htdocs\ITE311-MALILAY\system\CodeIgniter.php(354): CodeIgniter\CodeIgniter->handleRequest(NULL, Object(Config\Cache), false)
#15 C:\xampp\htdocs\ITE311-MALILAY\system\Boot.php(363): CodeIgniter\CodeIgniter->run()
#16 C:\xampp\htdocs\ITE311-MALILAY\system\Boot.php(68): CodeIgniter\Boot::runCodeIgniter(Object(CodeIgniter\CodeIgniter))
#17 C:\xampp\htdocs\ITE311-MALILAY\index.php(88): CodeIgniter\Boot::bootWeb(Object(Config\Paths))
#18 {main}
ERROR - 2025-12-11 00:43:40 --> Error in getTeachersByCourse: Unknown column 'course_teachers.deleted_at' in 'where clause'
ERROR - 2025-12-11 00:43:40 --> mysqli_sql_exception: Unknown column 'course_teachers.deleted_at' in 'where clause' in C:\xampp\htdocs\ITE311-MALILAY\system\Database\MySQLi\Connection.php:327
Stack trace:
#0 C:\xampp\htdocs\ITE311-MALILAY\system\Database\MySQLi\Connection.php(327): mysqli->query('SELECT `course_...', 0)
#1 C:\xampp\htdocs\ITE311-MALILAY\system\Database\BaseConnection.php(729): CodeIgniter\Database\MySQLi\Connection->execute('SELECT `course_...')
#2 C:\xampp\htdocs\ITE311-MALILAY\system\Database\BaseConnection.php(646): CodeIgniter\Database\BaseConnection->simpleQuery('SELECT `course_...')
#3 C:\xampp\htdocs\ITE311-MALILAY\system\Database\BaseBuilder.php(1649): CodeIgniter\Database\BaseConnection->query('SELECT `course_...', Array, false)
#4 C:\xampp\htdocs\ITE311-MALILAY\system\Model.php(286): CodeIgniter\Database\BaseBuilder->get()
#5 C:\xampp\htdocs\ITE311-MALILAY\system\BaseModel.php(677): CodeIgniter\Model->doFindAll(0, 0)
#6 C:\xampp\htdocs\ITE311-MALILAY\app\Models\CourseTeacherModel.php(62): CodeIgniter\BaseModel->findAll()
#7 C:\xampp\htdocs\ITE311-MALILAY\app\Views\auth\dashboard.php(730): App\Models\CourseTeacherModel->getTeachersByCourse('9')
#8 C:\xampp\htdocs\ITE311-MALILAY\system\View\View.php(226): include('C:\\xampp\\htdocs...')
#9 C:\xampp\htdocs\ITE311-MALILAY\system\View\View.php(229): CodeIgniter\View\View->CodeIgniter\View\{closure}()
#10 C:\xampp\htdocs\ITE311-MALILAY\system\Common.php(1167): CodeIgniter\View\View->render('auth/dashboard', Array, true)
#11 C:\xampp\htdocs\ITE311-MALILAY\app\Controllers\Auth.php(647): view('auth/dashboard', Array)
#12 C:\xampp\htdocs\ITE311-MALILAY\system\CodeIgniter.php(933): App\Controllers\Auth->dashboard()
#13 C:\xampp\htdocs\ITE311-MALILAY\system\CodeIgniter.php(507): CodeIgniter\CodeIgniter->runController(Object(App\Controllers\Auth))
#14 C:\xampp\htdocs\ITE311-MALILAY\system\CodeIgniter.php(354): CodeIgniter\CodeIgniter->handleRequest(NULL, Object(Config\Cache), false)
#15 C:\xampp\htdocs\ITE311-MALILAY\system\Boot.php(363): CodeIgniter\CodeIgniter->run()
#16 C:\xampp\htdocs\ITE311-MALILAY\system\Boot.php(68): CodeIgniter\Boot::runCodeIgniter(Object(CodeIgniter\CodeIgniter))
#17 C:\xampp\htdocs\ITE311-MALILAY\index.php(88): CodeIgniter\Boot::bootWeb(Object(Config\Paths))
#18 {main}
ERROR - 2025-12-11 00:43:40 --> Error in getTeachersByCourse: Unknown column 'course_teachers.deleted_at' in 'where clause'
ERROR - 2025-12-11 00:43:40 --> mysqli_sql_exception: Unknown column 'course_teachers.deleted_at' in 'where clause' in C:\xampp\htdocs\ITE311-MALILAY\system\Database\MySQLi\Connection.php:327
Stack trace:
#0 C:\xampp\htdocs\ITE311-MALILAY\system\Database\MySQLi\Connection.php(327): mysqli->query('SELECT `course_...', 0)
#1 C:\xampp\htdocs\ITE311-MALILAY\system\Database\BaseConnection.php(729): CodeIgniter\Database\MySQLi\Connection->execute('SELECT `course_...')
#2 C:\xampp\htdocs\ITE311-MALILAY\system\Database\BaseConnection.php(646): CodeIgniter\Database\BaseConnection->simpleQuery('SELECT `course_...')
#3 C:\xampp\htdocs\ITE311-MALILAY\system\Database\BaseBuilder.php(1649): CodeIgniter\Database\BaseConnection->query('SELECT `course_...', Array, false)
#4 C:\xampp\htdocs\ITE311-MALILAY\system\Model.php(286): CodeIgniter\Database\BaseBuilder->get()
#5 C:\xampp\htdocs\ITE311-MALILAY\system\BaseModel.php(677): CodeIgniter\Model->doFindAll(0, 0)
#6 C:\xampp\htdocs\ITE311-MALILAY\app\Models\CourseTeacherModel.php(62): CodeIgniter\BaseModel->findAll()
#7 C:\xampp\htdocs\ITE311-MALILAY\app\Views\auth\dashboard.php(730): App\Models\CourseTeacherModel->getTeachersByCourse('10')
#8 C:\xampp\htdocs\ITE311-MALILAY\system\View\View.php(226): include('C:\\xampp\\htdocs...')
#9 C:\xampp\htdocs\ITE311-MALILAY\system\View\View.php(229): CodeIgniter\View\View->CodeIgniter\View\{closure}()
#10 C:\xampp\htdocs\ITE311-MALILAY\system\Common.php(1167): CodeIgniter\View\View->render('auth/dashboard', Array, true)
#11 C:\xampp\htdocs\ITE311-MALILAY\app\Controllers\Auth.php(647): view('auth/dashboard', Array)
#12 C:\xampp\htdocs\ITE311-MALILAY\system\CodeIgniter.php(933): App\Controllers\Auth->dashboard()
#13 C:\xampp\htdocs\ITE311-MALILAY\system\CodeIgniter.php(507): CodeIgniter\CodeIgniter->runController(Object(App\Controllers\Auth))
#14 C:\xampp\htdocs\ITE311-MALILAY\system\CodeIgniter.php(354): CodeIgniter\CodeIgniter->handleRequest(NULL, Object(Config\Cache), false)
#15 C:\xampp\htdocs\ITE311-MALILAY\system\Boot.php(363): CodeIgniter\CodeIgniter->run()
#16 C:\xampp\htdocs\ITE311-MALILAY\system\Boot.php(68): CodeIgniter\Boot::runCodeIgniter(Object(CodeIgniter\CodeIgniter))
#17 C:\xampp\htdocs\ITE311-MALILAY\index.php(88): CodeIgniter\Boot::bootWeb(Object(Config\Paths))
#18 {main}
ERROR - 2025-12-11 00:43:40 --> Error in getTeachersByCourse: Unknown column 'course_teachers.deleted_at' in 'where clause'
ERROR - 2025-12-11 00:43:40 --> mysqli_sql_exception: Unknown column 'course_teachers.deleted_at' in 'where clause' in C:\xampp\htdocs\ITE311-MALILAY\system\Database\MySQLi\Connection.php:327
Stack trace:
#0 C:\xampp\htdocs\ITE311-MALILAY\system\Database\MySQLi\Connection.php(327): mysqli->query('SELECT `course_...', 0)
#1 C:\xampp\htdocs\ITE311-MALILAY\system\Database\BaseConnection.php(729): CodeIgniter\Database\MySQLi\Connection->execute('SELECT `course_...')
#2 C:\xampp\htdocs\ITE311-MALILAY\system\Database\BaseConnection.php(646): CodeIgniter\Database\BaseConnection->simpleQuery('SELECT `course_...')
#3 C:\xampp\htdocs\ITE311-MALILAY\system\Database\BaseBuilder.php(1649): CodeIgniter\Database\BaseConnection->query('SELECT `course_...', Array, false)
#4 C:\xampp\htdocs\ITE311-MALILAY\system\Model.php(286): CodeIgniter\Database\BaseBuilder->get()
#5 C:\xampp\htdocs\ITE311-MALILAY\system\BaseModel.php(677): CodeIgniter\Model->doFindAll(0, 0)
#6 C:\xampp\htdocs\ITE311-MALILAY\app\Models\CourseTeacherModel.php(62): CodeIgniter\BaseModel->findAll()
#7 C:\xampp\htdocs\ITE311-MALILAY\app\Views\auth\dashboard.php(730): App\Models\CourseTeacherModel->getTeachersByCourse('11')
#8 C:\xampp\htdocs\ITE311-MALILAY\system\View\View.php(226): include('C:\\xampp\\htdocs...')
#9 C:\xampp\htdocs\ITE311-MALILAY\system\View\View.php(229): CodeIgniter\View\View->CodeIgniter\View\{closure}()
#10 C:\xampp\htdocs\ITE311-MALILAY\system\Common.php(1167): CodeIgniter\View\View->render('auth/dashboard', Array, true)
#11 C:\xampp\htdocs\ITE311-MALILAY\app\Controllers\Auth.php(647): view('auth/dashboard', Array)
#12 C:\xampp\htdocs\ITE311-MALILAY\system\CodeIgniter.php(933): App\Controllers\Auth->dashboard()
#13 C:\xampp\htdocs\ITE311-MALILAY\system\CodeIgniter.php(507): CodeIgniter\CodeIgniter->runController(Object(App\Controllers\Auth))
#14 C:\xampp\htdocs\ITE311-MALILAY\system\CodeIgniter.php(354): CodeIgniter\CodeIgniter->handleRequest(NULL, Object(Config\Cache), false)
#15 C:\xampp\htdocs\ITE311-MALILAY\system\Boot.php(363): CodeIgniter\CodeIgniter->run()
#16 C:\xampp\htdocs\ITE311-MALILAY\system\Boot.php(68): CodeIgniter\Boot::runCodeIgniter(Object(CodeIgniter\CodeIgniter))
#17 C:\xampp\htdocs\ITE311-MALILAY\index.php(88): CodeIgniter\Boot::bootWeb(Object(Config\Paths))
#18 {main}
ERROR - 2025-12-11 00:43:40 --> Error in getTeachersByCourse: Unknown column 'course_teachers.deleted_at' in 'where clause'
ERROR - 2025-12-11 00:43:42 --> mysqli_sql_exception: Unknown column 'course_teachers.deleted_at' in 'where clause' in C:\xampp\htdocs\ITE311-MALILAY\system\Database\MySQLi\Connection.php:327
Stack trace:
#0 C:\xampp\htdocs\ITE311-MALILAY\system\Database\MySQLi\Connection.php(327): mysqli->query('SELECT `course_...', 0)
#1 C:\xampp\htdocs\ITE311-MALILAY\system\Database\BaseConnection.php(729): CodeIgniter\Database\MySQLi\Connection->execute('SELECT `course_...')
#2 C:\xampp\htdocs\ITE311-MALILAY\system\Database\BaseConnection.php(646): CodeIgniter\Database\BaseConnection->simpleQuery('SELECT `course_...')
#3 C:\xampp\htdocs\ITE311-MALILAY\system\Database\BaseBuilder.php(1649): CodeIgniter\Database\BaseConnection->query('SELECT `course_...', Array, false)
#4 C:\xampp\htdocs\ITE311-MALILAY\system\Model.php(286): CodeIgniter\Database\BaseBuilder->get()
#5 C:\xampp\htdocs\ITE311-MALILAY\system\BaseModel.php(677): CodeIgniter\Model->doFindAll(0, 0)
#6 C:\xampp\htdocs\ITE311-MALILAY\app\Models\CourseTeacherModel.php(62): CodeIgniter\BaseModel->findAll()
#7 C:\xampp\htdocs\ITE311-MALILAY\app\Views\auth\dashboard.php(730): App\Models\CourseTeacherModel->getTeachersByCourse('8')
#8 C:\xampp\htdocs\ITE311-MALILAY\system\View\View.php(226): include('C:\\xampp\\htdocs...')
#9 C:\xampp\htdocs\ITE311-MALILAY\system\View\View.php(229): CodeIgniter\View\View->CodeIgniter\View\{closure}()
#10 C:\xampp\htdocs\ITE311-MALILAY\system\Common.php(1167): CodeIgniter\View\View->render('auth/dashboard', Array, true)
#11 C:\xampp\htdocs\ITE311-MALILAY\app\Controllers\Auth.php(647): view('auth/dashboard', Array)
#12 C:\xampp\htdocs\ITE311-MALILAY\system\CodeIgniter.php(933): App\Controllers\Auth->dashboard()
#13 C:\xampp\htdocs\ITE311-MALILAY\system\CodeIgniter.php(507): CodeIgniter\CodeIgniter->runController(Object(App\Controllers\Auth))
#14 C:\xampp\htdocs\ITE311-MALILAY\system\CodeIgniter.php(354): CodeIgniter\CodeIgniter->handleRequest(NULL, Object(Config\Cache), false)
#15 C:\xampp\htdocs\ITE311-MALILAY\system\Boot.php(363): CodeIgniter\CodeIgniter->run()
#16 C:\xampp\htdocs\ITE311-MALILAY\system\Boot.php(68): CodeIgniter\Boot::runCodeIgniter(Object(CodeIgniter\CodeIgniter))
#17 C:\xampp\htdocs\ITE311-MALILAY\index.php(88): CodeIgniter\Boot::bootWeb(Object(Config\Paths))
#18 {main}
ERROR - 2025-12-11 00:43:42 --> Error in getTeachersByCourse: Unknown column 'course_teachers.deleted_at' in 'where clause'
ERROR - 2025-12-11 00:43:42 --> mysqli_sql_exception: Unknown column 'course_teachers.deleted_at' in 'where clause' in C:\xampp\htdocs\ITE311-MALILAY\system\Database\MySQLi\Connection.php:327
Stack trace:
#0 C:\xampp\htdocs\ITE311-MALILAY\system\Database\MySQLi\Connection.php(327): mysqli->query('SELECT `course_...', 0)
#1 C:\xampp\htdocs\ITE311-MALILAY\system\Database\BaseConnection.php(729): CodeIgniter\Database\MySQLi\Connection->execute('SELECT `course_...')
#2 C:\xampp\htdocs\ITE311-MALILAY\system\Database\BaseConnection.php(646): CodeIgniter\Database\BaseConnection->simpleQuery('SELECT `course_...')
#3 C:\xampp\htdocs\ITE311-MALILAY\system\Database\BaseBuilder.php(1649): CodeIgniter\Database\BaseConnection->query('SELECT `course_...', Array, false)
#4 C:\xampp\htdocs\ITE311-MALILAY\system\Model.php(286): CodeIgniter\Database\BaseBuilder->get()
#5 C:\xampp\htdocs\ITE311-MALILAY\system\BaseModel.php(677): CodeIgniter\Model->doFindAll(0, 0)
#6 C:\xampp\htdocs\ITE311-MALILAY\app\Models\CourseTeacherModel.php(62): CodeIgniter\BaseModel->findAll()
#7 C:\xampp\htdocs\ITE311-MALILAY\app\Views\auth\dashboard.php(730): App\Models\CourseTeacherModel->getTeachersByCourse('9')
#8 C:\xampp\htdocs\ITE311-MALILAY\system\View\View.php(226): include('C:\\xampp\\htdocs...')
#9 C:\xampp\htdocs\ITE311-MALILAY\system\View\View.php(229): CodeIgniter\View\View->CodeIgniter\View\{closure}()
#10 C:\xampp\htdocs\ITE311-MALILAY\system\Common.php(1167): CodeIgniter\View\View->render('auth/dashboard', Array, true)
#11 C:\xampp\htdocs\ITE311-MALILAY\app\Controllers\Auth.php(647): view('auth/dashboard', Array)
#12 C:\xampp\htdocs\ITE311-MALILAY\system\CodeIgniter.php(933): App\Controllers\Auth->dashboard()
#13 C:\xampp\htdocs\ITE311-MALILAY\system\CodeIgniter.php(507): CodeIgniter\CodeIgniter->runController(Object(App\Controllers\Auth))
#14 C:\xampp\htdocs\ITE311-MALILAY\system\CodeIgniter.php(354): CodeIgniter\CodeIgniter->handleRequest(NULL, Object(Config\Cache), false)
#15 C:\xampp\htdocs\ITE311-MALILAY\system\Boot.php(363): CodeIgniter\CodeIgniter->run()
#16 C:\xampp\htdocs\ITE311-MALILAY\system\Boot.php(68): CodeIgniter\Boot::runCodeIgniter(Object(CodeIgniter\CodeIgniter))
#17 C:\xampp\htdocs\ITE311-MALILAY\index.php(88): CodeIgniter\Boot::bootWeb(Object(Config\Paths))
#18 {main}
ERROR - 2025-12-11 00:43:42 --> Error in getTeachersByCourse: Unknown column 'course_teachers.deleted_at' in 'where clause'
ERROR - 2025-12-11 00:43:42 --> mysqli_sql_exception: Unknown column 'course_teachers.deleted_at' in 'where clause' in C:\xampp\htdocs\ITE311-MALILAY\system\Database\MySQLi\Connection.php:327
Stack trace:
#0 C:\xampp\htdocs\ITE311-MALILAY\system\Database\MySQLi\Connection.php(327): mysqli->query('SELECT `course_...', 0)
#1 C:\xampp\htdocs\ITE311-MALILAY\system\Database\BaseConnection.php(729): CodeIgniter\Database\MySQLi\Connection->execute('SELECT `course_...')
#2 C:\xampp\htdocs\ITE311-MALILAY\system\Database\BaseConnection.php(646): CodeIgniter\Database\BaseConnection->simpleQuery('SELECT `course_...')
#3 C:\xampp\htdocs\ITE311-MALILAY\system\Database\BaseBuilder.php(1649): CodeIgniter\Database\BaseConnection->query('SELECT `course_...', Array, false)
#4 C:\xampp\htdocs\ITE311-MALILAY\system\Model.php(286): CodeIgniter\Database\BaseBuilder->get()
#5 C:\xampp\htdocs\ITE311-MALILAY\system\BaseModel.php(677): CodeIgniter\Model->doFindAll(0, 0)
#6 C:\xampp\htdocs\ITE311-MALILAY\app\Models\CourseTeacherModel.php(62): CodeIgniter\BaseModel->findAll()
#7 C:\xampp\htdocs\ITE311-MALILAY\app\Views\auth\dashboard.php(730): App\Models\CourseTeacherModel->getTeachersByCourse('10')
#8 C:\xampp\htdocs\ITE311-MALILAY\system\View\View.php(226): include('C:\\xampp\\htdocs...')
#9 C:\xampp\htdocs\ITE311-MALILAY\system\View\View.php(229): CodeIgniter\View\View->CodeIgniter\View\{closure}()
#10 C:\xampp\htdocs\ITE311-MALILAY\system\Common.php(1167): CodeIgniter\View\View->render('auth/dashboard', Array, true)
#11 C:\xampp\htdocs\ITE311-MALILAY\app\Controllers\Auth.php(647): view('auth/dashboard', Array)
#12 C:\xampp\htdocs\ITE311-MALILAY\system\CodeIgniter.php(933): App\Controllers\Auth->dashboard()
#13 C:\xampp\htdocs\ITE311-MALILAY\system\CodeIgniter.php(507): CodeIgniter\CodeIgniter->runController(Object(App\Controllers\Auth))
#14 C:\xampp\htdocs\ITE311-MALILAY\system\CodeIgniter.php(354): CodeIgniter\CodeIgniter->handleRequest(NULL, Object(Config\Cache), false)
#15 C:\xampp\htdocs\ITE311-MALILAY\system\Boot.php(363): CodeIgniter\CodeIgniter->run()
#16 C:\xampp\htdocs\ITE311-MALILAY\system\Boot.php(68): CodeIgniter\Boot::runCodeIgniter(Object(CodeIgniter\CodeIgniter))
#17 C:\xampp\htdocs\ITE311-MALILAY\index.php(88): CodeIgniter\Boot::bootWeb(Object(Config\Paths))
#18 {main}
ERROR - 2025-12-11 00:43:42 --> Error in getTeachersByCourse: Unknown column 'course_teachers.deleted_at' in 'where clause'
ERROR - 2025-12-11 00:43:42 --> mysqli_sql_exception: Unknown column 'course_teachers.deleted_at' in 'where clause' in C:\xampp\htdocs\ITE311-MALILAY\system\Database\MySQLi\Connection.php:327
Stack trace:
#0 C:\xampp\htdocs\ITE311-MALILAY\system\Database\MySQLi\Connection.php(327): mysqli->query('SELECT `course_...', 0)
#1 C:\xampp\htdocs\ITE311-MALILAY\system\Database\BaseConnection.php(729): CodeIgniter\Database\MySQLi\Connection->execute('SELECT `course_...')
#2 C:\xampp\htdocs\ITE311-MALILAY\system\Database\BaseConnection.php(646): CodeIgniter\Database\BaseConnection->simpleQuery('SELECT `course_...')
#3 C:\xampp\htdocs\ITE311-MALILAY\system\Database\BaseBuilder.php(1649): CodeIgniter\Database\BaseConnection->query('SELECT `course_...', Array, false)
#4 C:\xampp\htdocs\ITE311-MALILAY\system\Model.php(286): CodeIgniter\Database\BaseBuilder->get()
#5 C:\xampp\htdocs\ITE311-MALILAY\system\BaseModel.php(677): CodeIgniter\Model->doFindAll(0, 0)
#6 C:\xampp\htdocs\ITE311-MALILAY\app\Models\CourseTeacherModel.php(62): CodeIgniter\BaseModel->findAll()
#7 C:\xampp\htdocs\ITE311-MALILAY\app\Views\auth\dashboard.php(730): App\Models\CourseTeacherModel->getTeachersByCourse('11')
#8 C:\xampp\htdocs\ITE311-MALILAY\system\View\View.php(226): include('C:\\xampp\\htdocs...')
#9 C:\xampp\htdocs\ITE311-MALILAY\system\View\View.php(229): CodeIgniter\View\View->CodeIgniter\View\{closure}()
#10 C:\xampp\htdocs\ITE311-MALILAY\system\Common.php(1167): CodeIgniter\View\View->render('auth/dashboard', Array, true)
#11 C:\xampp\htdocs\ITE311-MALILAY\app\Controllers\Auth.php(647): view('auth/dashboard', Array)
#12 C:\xampp\htdocs\ITE311-MALILAY\system\CodeIgniter.php(933): App\Controllers\Auth->dashboard()
#13 C:\xampp\htdocs\ITE311-MALILAY\system\CodeIgniter.php(507): CodeIgniter\CodeIgniter->runController(Object(App\Controllers\Auth))
#14 C:\xampp\htdocs\ITE311-MALILAY\system\CodeIgniter.php(354): CodeIgniter\CodeIgniter->handleRequest(NULL, Object(Config\Cache), false)
#15 C:\xampp\htdocs\ITE311-MALILAY\system\Boot.php(363): CodeIgniter\CodeIgniter->run()
#16 C:\xampp\htdocs\ITE311-MALILAY\system\Boot.php(68): CodeIgniter\Boot::runCodeIgniter(Object(CodeIgniter\CodeIgniter))
#17 C:\xampp\htdocs\ITE311-MALILAY\index.php(88): CodeIgniter\Boot::bootWeb(Object(Config\Paths))
#18 {main}
ERROR - 2025-12-11 00:43:42 --> Error in getTeachersByCourse: Unknown column 'course_teachers.deleted_at' in 'where clause'
ERROR - 2025-12-11 00:43:45 --> mysqli_sql_exception: Unknown column 'course_teachers.deleted_at' in 'where clause' in C:\xampp\htdocs\ITE311-MALILAY\system\Database\MySQLi\Connection.php:327
Stack trace:
#0 C:\xampp\htdocs\ITE311-MALILAY\system\Database\MySQLi\Connection.php(327): mysqli->query('SELECT `course_...', 0)
#1 C:\xampp\htdocs\ITE311-MALILAY\system\Database\BaseConnection.php(729): CodeIgniter\Database\MySQLi\Connection->execute('SELECT `course_...')
#2 C:\xampp\htdocs\ITE311-MALILAY\system\Database\BaseConnection.php(646): CodeIgniter\Database\BaseConnection->simpleQuery('SELECT `course_...')
#3 C:\xampp\htdocs\ITE311-MALILAY\system\Database\BaseBuilder.php(1649): CodeIgniter\Database\BaseConnection->query('SELECT `course_...', Array, false)
#4 C:\xampp\htdocs\ITE311-MALILAY\system\Model.php(286): CodeIgniter\Database\BaseBuilder->get()
#5 C:\xampp\htdocs\ITE311-MALILAY\system\BaseModel.php(677): CodeIgniter\Model->doFindAll(0, 0)
#6 C:\xampp\htdocs\ITE311-MALILAY\app\Models\CourseTeacherModel.php(62): CodeIgniter\BaseModel->findAll()
#7 C:\xampp\htdocs\ITE311-MALILAY\app\Views\auth\dashboard.php(730): App\Models\CourseTeacherModel->getTeachersByCourse('8')
#8 C:\xampp\htdocs\ITE311-MALILAY\system\View\View.php(226): include('C:\\xampp\\htdocs...')
#9 C:\xampp\htdocs\ITE311-MALILAY\system\View\View.php(229): CodeIgniter\View\View->CodeIgniter\View\{closure}()
#10 C:\xampp\htdocs\ITE311-MALILAY\system\Common.php(1167): CodeIgniter\View\View->render('auth/dashboard', Array, true)
#11 C:\xampp\htdocs\ITE311-MALILAY\app\Controllers\Auth.php(647): view('auth/dashboard', Array)
#12 C:\xampp\htdocs\ITE311-MALILAY\system\CodeIgniter.php(933): App\Controllers\Auth->dashboard()
#13 C:\xampp\htdocs\ITE311-MALILAY\system\CodeIgniter.php(507): CodeIgniter\CodeIgniter->runController(Object(App\Controllers\Auth))
#14 C:\xampp\htdocs\ITE311-MALILAY\system\CodeIgniter.php(354): CodeIgniter\CodeIgniter->handleRequest(NULL, Object(Config\Cache), false)
#15 C:\xampp\htdocs\ITE311-MALILAY\system\Boot.php(363): CodeIgniter\CodeIgniter->run()
#16 C:\xampp\htdocs\ITE311-MALILAY\system\Boot.php(68): CodeIgniter\Boot::runCodeIgniter(Object(CodeIgniter\CodeIgniter))
#17 C:\xampp\htdocs\ITE311-MALILAY\index.php(88): CodeIgniter\Boot::bootWeb(Object(Config\Paths))
#18 {main}
ERROR - 2025-12-11 00:43:45 --> Error in getTeachersByCourse: Unknown column 'course_teachers.deleted_at' in 'where clause'
ERROR - 2025-12-11 00:43:45 --> mysqli_sql_exception: Unknown column 'course_teachers.deleted_at' in 'where clause' in C:\xampp\htdocs\ITE311-MALILAY\system\Database\MySQLi\Connection.php:327
Stack trace:
#0 C:\xampp\htdocs\ITE311-MALILAY\system\Database\MySQLi\Connection.php(327): mysqli->query('SELECT `course_...', 0)
#1 C:\xampp\htdocs\ITE311-MALILAY\system\Database\BaseConnection.php(729): CodeIgniter\Database\MySQLi\Connection->execute('SELECT `course_...')
#2 C:\xampp\htdocs\ITE311-MALILAY\system\Database\BaseConnection.php(646): CodeIgniter\Database\BaseConnection->simpleQuery('SELECT `course_...')
#3 C:\xampp\htdocs\ITE311-MALILAY\system\Database\BaseBuilder.php(1649): CodeIgniter\Database\BaseConnection->query('SELECT `course_...', Array, false)
#4 C:\xampp\htdocs\ITE311-MALILAY\system\Model.php(286): CodeIgniter\Database\BaseBuilder->get()
#5 C:\xampp\htdocs\ITE311-MALILAY\system\BaseModel.php(677): CodeIgniter\Model->doFindAll(0, 0)
#6 C:\xampp\htdocs\ITE311-MALILAY\app\Models\CourseTeacherModel.php(62): CodeIgniter\BaseModel->findAll()
#7 C:\xampp\htdocs\ITE311-MALILAY\app\Views\auth\dashboard.php(730): App\Models\CourseTeacherModel->getTeachersByCourse('9')
#8 C:\xampp\htdocs\ITE311-MALILAY\system\View\View.php(226): include('C:\\xampp\\htdocs...')
#9 C:\xampp\htdocs\ITE311-MALILAY\system\View\View.php(229): CodeIgniter\View\View->CodeIgniter\View\{closure}()
#10 C:\xampp\htdocs\ITE311-MALILAY\system\Common.php(1167): CodeIgniter\View\View->render('auth/dashboard', Array, true)
#11 C:\xampp\htdocs\ITE311-MALILAY\app\Controllers\Auth.php(647): view('auth/dashboard', Array)
#12 C:\xampp\htdocs\ITE311-MALILAY\system\CodeIgniter.php(933): App\Controllers\Auth->dashboard()
#13 C:\xampp\htdocs\ITE311-MALILAY\system\CodeIgniter.php(507): CodeIgniter\CodeIgniter->runController(Object(App\Controllers\Auth))
#14 C:\xampp\htdocs\ITE311-MALILAY\system\CodeIgniter.php(354): CodeIgniter\CodeIgniter->handleRequest(NULL, Object(Config\Cache), false)
#15 C:\xampp\htdocs\ITE311-MALILAY\system\Boot.php(363): CodeIgniter\CodeIgniter->run()
#16 C:\xampp\htdocs\ITE311-MALILAY\system\Boot.php(68): CodeIgniter\Boot::runCodeIgniter(Object(CodeIgniter\CodeIgniter))
#17 C:\xampp\htdocs\ITE311-MALILAY\index.php(88): CodeIgniter\Boot::bootWeb(Object(Config\Paths))
#18 {main}
ERROR - 2025-12-11 00:43:45 --> Error in getTeachersByCourse: Unknown column 'course_teachers.deleted_at' in 'where clause'
ERROR - 2025-12-11 00:43:45 --> mysqli_sql_exception: Unknown column 'course_teachers.deleted_at' in 'where clause' in C:\xampp\htdocs\ITE311-MALILAY\system\Database\MySQLi\Connection.php:327
Stack trace:
#0 C:\xampp\htdocs\ITE311-MALILAY\system\Database\MySQLi\Connection.php(327): mysqli->query('SELECT `course_...', 0)
#1 C:\xampp\htdocs\ITE311-MALILAY\system\Database\BaseConnection.php(729): CodeIgniter\Database\MySQLi\Connection->execute('SELECT `course_...')
#2 C:\xampp\htdocs\ITE311-MALILAY\system\Database\BaseConnection.php(646): CodeIgniter\Database\BaseConnection->simpleQuery('SELECT `course_...')
#3 C:\xampp\htdocs\ITE311-MALILAY\system\Database\BaseBuilder.php(1649): CodeIgniter\Database\BaseConnection->query('SELECT `course_...', Array, false)
#4 C:\xampp\htdocs\ITE311-MALILAY\system\Model.php(286): CodeIgniter\Database\BaseBuilder->get()
#5 C:\xampp\htdocs\ITE311-MALILAY\system\BaseModel.php(677): CodeIgniter\Model->doFindAll(0, 0)
#6 C:\xampp\htdocs\ITE311-MALILAY\app\Models\CourseTeacherModel.php(62): CodeIgniter\BaseModel->findAll()
#7 C:\xampp\htdocs\ITE311-MALILAY\app\Views\auth\dashboard.php(730): App\Models\CourseTeacherModel->getTeachersByCourse('10')
#8 C:\xampp\htdocs\ITE311-MALILAY\system\View\View.php(226): include('C:\\xampp\\htdocs...')
#9 C:\xampp\htdocs\ITE311-MALILAY\system\View\View.php(229): CodeIgniter\View\View->CodeIgniter\View\{closure}()
#10 C:\xampp\htdocs\ITE311-MALILAY\system\Common.php(1167): CodeIgniter\View\View->render('auth/dashboard', Array, true)
#11 C:\xampp\htdocs\ITE311-MALILAY\app\Controllers\Auth.php(647): view('auth/dashboard', Array)
#12 C:\xampp\htdocs\ITE311-MALILAY\system\CodeIgniter.php(933): App\Controllers\Auth->dashboard()
#13 C:\xampp\htdocs\ITE311-MALILAY\system\CodeIgniter.php(507): CodeIgniter\CodeIgniter->runController(Object(App\Controllers\Auth))
#14 C:\xampp\htdocs\ITE311-MALILAY\system\CodeIgniter.php(354): CodeIgniter\CodeIgniter->handleRequest(NULL, Object(Config\Cache), false)
#15 C:\xampp\htdocs\ITE311-MALILAY\system\Boot.php(363): CodeIgniter\CodeIgniter->run()
#16 C:\xampp\htdocs\ITE311-MALILAY\system\Boot.php(68): CodeIgniter\Boot::runCodeIgniter(Object(CodeIgniter\CodeIgniter))
#17 C:\xampp\htdocs\ITE311-MALILAY\index.php(88): CodeIgniter\Boot::bootWeb(Object(Config\Paths))
#18 {main}
ERROR - 2025-12-11 00:43:45 --> Error in getTeachersByCourse: Unknown column 'course_teachers.deleted_at' in 'where clause'
ERROR - 2025-12-11 00:43:45 --> mysqli_sql_exception: Unknown column 'course_teachers.deleted_at' in 'where clause' in C:\xampp\htdocs\ITE311-MALILAY\system\Database\MySQLi\Connection.php:327
Stack trace:
#0 C:\xampp\htdocs\ITE311-MALILAY\system\Database\MySQLi\Connection.php(327): mysqli->query('SELECT `course_...', 0)
#1 C:\xampp\htdocs\ITE311-MALILAY\system\Database\BaseConnection.php(729): CodeIgniter\Database\MySQLi\Connection->execute('SELECT `course_...')
#2 C:\xampp\htdocs\ITE311-MALILAY\system\Database\BaseConnection.php(646): CodeIgniter\Database\BaseConnection->simpleQuery('SELECT `course_...')
#3 C:\xampp\htdocs\ITE311-MALILAY\system\Database\BaseBuilder.php(1649): CodeIgniter\Database\BaseConnection->query('SELECT `course_...', Array, false)
#4 C:\xampp\htdocs\ITE311-MALILAY\system\Model.php(286): CodeIgniter\Database\BaseBuilder->get()
#5 C:\xampp\htdocs\ITE311-MALILAY\system\BaseModel.php(677): CodeIgniter\Model->doFindAll(0, 0)
#6 C:\xampp\htdocs\ITE311-MALILAY\app\Models\CourseTeacherModel.php(62): CodeIgniter\BaseModel->findAll()
#7 C:\xampp\htdocs\ITE311-MALILAY\app\Views\auth\dashboard.php(730): App\Models\CourseTeacherModel->getTeachersByCourse('11')
#8 C:\xampp\htdocs\ITE311-MALILAY\system\View\View.php(226): include('C:\\xampp\\htdocs...')
#9 C:\xampp\htdocs\ITE311-MALILAY\system\View\View.php(229): CodeIgniter\View\View->CodeIgniter\View\{closure}()
#10 C:\xampp\htdocs\ITE311-MALILAY\system\Common.php(1167): CodeIgniter\View\View->render('auth/dashboard', Array, true)
#11 C:\xampp\htdocs\ITE311-MALILAY\app\Controllers\Auth.php(647): view('auth/dashboard', Array)
#12 C:\xampp\htdocs\ITE311-MALILAY\system\CodeIgniter.php(933): App\Controllers\Auth->dashboard()
#13 C:\xampp\htdocs\ITE311-MALILAY\system\CodeIgniter.php(507): CodeIgniter\CodeIgniter->runController(Object(App\Controllers\Auth))
#14 C:\xampp\htdocs\ITE311-MALILAY\system\CodeIgniter.php(354): CodeIgniter\CodeIgniter->handleRequest(NULL, Object(Config\Cache), false)
#15 C:\xampp\htdocs\ITE311-MALILAY\system\Boot.php(363): CodeIgniter\CodeIgniter->run()
#16 C:\xampp\htdocs\ITE311-MALILAY\system\Boot.php(68): CodeIgniter\Boot::runCodeIgniter(Object(CodeIgniter\CodeIgniter))
#17 C:\xampp\htdocs\ITE311-MALILAY\index.php(88): CodeIgniter\Boot::bootWeb(Object(Config\Paths))
#18 {main}
ERROR - 2025-12-11 00:43:45 --> Error in getTeachersByCourse: Unknown column 'course_teachers.deleted_at' in 'where clause'
ERROR - 2025-12-11 00:44:04 --> mysqli_sql_exception: Unknown column 'course_teachers.deleted_at' in 'where clause' in C:\xampp\htdocs\ITE311-MALILAY\system\Database\MySQLi\Connection.php:327
Stack trace:
#0 C:\xampp\htdocs\ITE311-MALILAY\system\Database\MySQLi\Connection.php(327): mysqli->query('SELECT `course_...', 0)
#1 C:\xampp\htdocs\ITE311-MALILAY\system\Database\BaseConnection.php(729): CodeIgniter\Database\MySQLi\Connection->execute('SELECT `course_...')
#2 C:\xampp\htdocs\ITE311-MALILAY\system\Database\BaseConnection.php(646): CodeIgniter\Database\BaseConnection->simpleQuery('SELECT `course_...')
#3 C:\xampp\htdocs\ITE311-MALILAY\system\Database\BaseBuilder.php(1649): CodeIgniter\Database\BaseConnection->query('SELECT `course_...', Array, false)
#4 C:\xampp\htdocs\ITE311-MALILAY\system\Model.php(286): CodeIgniter\Database\BaseBuilder->get()
#5 C:\xampp\htdocs\ITE311-MALILAY\system\BaseModel.php(677): CodeIgniter\Model->doFindAll(0, 0)
#6 C:\xampp\htdocs\ITE311-MALILAY\app\Models\CourseTeacherModel.php(62): CodeIgniter\BaseModel->findAll()
#7 C:\xampp\htdocs\ITE311-MALILAY\app\Views\auth\dashboard.php(730): App\Models\CourseTeacherModel->getTeachersByCourse('8')
#8 C:\xampp\htdocs\ITE311-MALILAY\system\View\View.php(226): include('C:\\xampp\\htdocs...')
#9 C:\xampp\htdocs\ITE311-MALILAY\system\View\View.php(229): CodeIgniter\View\View->CodeIgniter\View\{closure}()
#10 C:\xampp\htdocs\ITE311-MALILAY\system\Common.php(1167): CodeIgniter\View\View->render('auth/dashboard', Array, true)
#11 C:\xampp\htdocs\ITE311-MALILAY\app\Controllers\Auth.php(647): view('auth/dashboard', Array)
#12 C:\xampp\htdocs\ITE311-MALILAY\system\CodeIgniter.php(933): App\Controllers\Auth->dashboard()
#13 C:\xampp\htdocs\ITE311-MALILAY\system\CodeIgniter.php(507): CodeIgniter\CodeIgniter->runController(Object(App\Controllers\Auth))
#14 C:\xampp\htdocs\ITE311-MALILAY\system\CodeIgniter.php(354): CodeIgniter\CodeIgniter->handleRequest(NULL, Object(Config\Cache), false)
#15 C:\xampp\htdocs\ITE311-MALILAY\system\Boot.php(363): CodeIgniter\CodeIgniter->run()
#16 C:\xampp\htdocs\ITE311-MALILAY\system\Boot.php(68): CodeIgniter\Boot::runCodeIgniter(Object(CodeIgniter\CodeIgniter))
#17 C:\xampp\htdocs\ITE311-MALILAY\index.php(88): CodeIgniter\Boot::bootWeb(Object(Config\Paths))
#18 {main}
ERROR - 2025-12-11 00:44:04 --> Error in getTeachersByCourse: Unknown column 'course_teachers.deleted_at' in 'where clause'
ERROR - 2025-12-11 00:44:04 --> mysqli_sql_exception: Unknown column 'course_teachers.deleted_at' in 'where clause' in C:\xampp\htdocs\ITE311-MALILAY\system\Database\MySQLi\Connection.php:327
Stack trace:
#0 C:\xampp\htdocs\ITE311-MALILAY\system\Database\MySQLi\Connection.php(327): mysqli->query('SELECT `course_...', 0)
#1 C:\xampp\htdocs\ITE311-MALILAY\system\Database\BaseConnection.php(729): CodeIgniter\Database\MySQLi\Connection->execute('SELECT `course_...')
#2 C:\xampp\htdocs\ITE311-MALILAY\system\Database\BaseConnection.php(646): CodeIgniter\Database\BaseConnection->simpleQuery('SELECT `course_...')
#3 C:\xampp\htdocs\ITE311-MALILAY\system\Database\BaseBuilder.php(1649): CodeIgniter\Database\BaseConnection->query('SELECT `course_...', Array, false)
#4 C:\xampp\htdocs\ITE311-MALILAY\system\Model.php(286): CodeIgniter\Database\BaseBuilder->get()
#5 C:\xampp\htdocs\ITE311-MALILAY\system\BaseModel.php(677): CodeIgniter\Model->doFindAll(0, 0)
#6 C:\xampp\htdocs\ITE311-MALILAY\app\Models\CourseTeacherModel.php(62): CodeIgniter\BaseModel->findAll()
#7 C:\xampp\htdocs\ITE311-MALILAY\app\Views\auth\dashboard.php(730): App\Models\CourseTeacherModel->getTeachersByCourse('9')
#8 C:\xampp\htdocs\ITE311-MALILAY\system\View\View.php(226): include('C:\\xampp\\htdocs...')
#9 C:\xampp\htdocs\ITE311-MALILAY\system\View\View.php(229): CodeIgniter\View\View->CodeIgniter\View\{closure}()
#10 C:\xampp\htdocs\ITE311-MALILAY\system\Common.php(1167): CodeIgniter\View\View->render('auth/dashboard', Array, true)
#11 C:\xampp\htdocs\ITE311-MALILAY\app\Controllers\Auth.php(647): view('auth/dashboard', Array)
#12 C:\xampp\htdocs\ITE311-MALILAY\system\CodeIgniter.php(933): App\Controllers\Auth->dashboard()
#13 C:\xampp\htdocs\ITE311-MALILAY\system\CodeIgniter.php(507): CodeIgniter\CodeIgniter->runController(Object(App\Controllers\Auth))
#14 C:\xampp\htdocs\ITE311-MALILAY\system\CodeIgniter.php(354): CodeIgniter\CodeIgniter->handleRequest(NULL, Object(Config\Cache), false)
#15 C:\xampp\htdocs\ITE311-MALILAY\system\Boot.php(363): CodeIgniter\CodeIgniter->run()
#16 C:\xampp\htdocs\ITE311-MALILAY\system\Boot.php(68): CodeIgniter\Boot::runCodeIgniter(Object(CodeIgniter\CodeIgniter))
#17 C:\xampp\htdocs\ITE311-MALILAY\index.php(88): CodeIgniter\Boot::bootWeb(Object(Config\Paths))
#18 {main}
ERROR - 2025-12-11 00:44:04 --> Error in getTeachersByCourse: Unknown column 'course_teachers.deleted_at' in 'where clause'
ERROR - 2025-12-11 00:44:04 --> mysqli_sql_exception: Unknown column 'course_teachers.deleted_at' in 'where clause' in C:\xampp\htdocs\ITE311-MALILAY\system\Database\MySQLi\Connection.php:327
Stack trace:
#0 C:\xampp\htdocs\ITE311-MALILAY\system\Database\MySQLi\Connection.php(327): mysqli->query('SELECT `course_...', 0)
#1 C:\xampp\htdocs\ITE311-MALILAY\system\Database\BaseConnection.php(729): CodeIgniter\Database\MySQLi\Connection->execute('SELECT `course_...')
#2 C:\xampp\htdocs\ITE311-MALILAY\system\Database\BaseConnection.php(646): CodeIgniter\Database\BaseConnection->simpleQuery('SELECT `course_...')
#3 C:\xampp\htdocs\ITE311-MALILAY\system\Database\BaseBuilder.php(1649): CodeIgniter\Database\BaseConnection->query('SELECT `course_...', Array, false)
#4 C:\xampp\htdocs\ITE311-MALILAY\system\Model.php(286): CodeIgniter\Database\BaseBuilder->get()
#5 C:\xampp\htdocs\ITE311-MALILAY\system\BaseModel.php(677): CodeIgniter\Model->doFindAll(0, 0)
#6 C:\xampp\htdocs\ITE311-MALILAY\app\Models\CourseTeacherModel.php(62): CodeIgniter\BaseModel->findAll()
#7 C:\xampp\htdocs\ITE311-MALILAY\app\Views\auth\dashboard.php(730): App\Models\CourseTeacherModel->getTeachersByCourse('10')
#8 C:\xampp\htdocs\ITE311-MALILAY\system\View\View.php(226): include('C:\\xampp\\htdocs...')
#9 C:\xampp\htdocs\ITE311-MALILAY\system\View\View.php(229): CodeIgniter\View\View->CodeIgniter\View\{closure}()
#10 C:\xampp\htdocs\ITE311-MALILAY\system\Common.php(1167): CodeIgniter\View\View->render('auth/dashboard', Array, true)
#11 C:\xampp\htdocs\ITE311-MALILAY\app\Controllers\Auth.php(647): view('auth/dashboard', Array)
#12 C:\xampp\htdocs\ITE311-MALILAY\system\CodeIgniter.php(933): App\Controllers\Auth->dashboard()
#13 C:\xampp\htdocs\ITE311-MALILAY\system\CodeIgniter.php(507): CodeIgniter\CodeIgniter->runController(Object(App\Controllers\Auth))
#14 C:\xampp\htdocs\ITE311-MALILAY\system\CodeIgniter.php(354): CodeIgniter\CodeIgniter->handleRequest(NULL, Object(Config\Cache), false)
#15 C:\xampp\htdocs\ITE311-MALILAY\system\Boot.php(363): CodeIgniter\CodeIgniter->run()
#16 C:\xampp\htdocs\ITE311-MALILAY\system\Boot.php(68): CodeIgniter\Boot::runCodeIgniter(Object(CodeIgniter\CodeIgniter))
#17 C:\xampp\htdocs\ITE311-MALILAY\index.php(88): CodeIgniter\Boot::bootWeb(Object(Config\Paths))
#18 {main}
ERROR - 2025-12-11 00:44:04 --> Error in getTeachersByCourse: Unknown column 'course_teachers.deleted_at' in 'where clause'
ERROR - 2025-12-11 00:44:04 --> mysqli_sql_exception: Unknown column 'course_teachers.deleted_at' in 'where clause' in C:\xampp\htdocs\ITE311-MALILAY\system\Database\MySQLi\Connection.php:327
Stack trace:
#0 C:\xampp\htdocs\ITE311-MALILAY\system\Database\MySQLi\Connection.php(327): mysqli->query('SELECT `course_...', 0)
#1 C:\xampp\htdocs\ITE311-MALILAY\system\Database\BaseConnection.php(729): CodeIgniter\Database\MySQLi\Connection->execute('SELECT `course_...')
#2 C:\xampp\htdocs\ITE311-MALILAY\system\Database\BaseConnection.php(646): CodeIgniter\Database\BaseConnection->simpleQuery('SELECT `course_...')
#3 C:\xampp\htdocs\ITE311-MALILAY\system\Database\BaseBuilder.php(1649): CodeIgniter\Database\BaseConnection->query('SELECT `course_...', Array, false)
#4 C:\xampp\htdocs\ITE311-MALILAY\system\Model.php(286): CodeIgniter\Database\BaseBuilder->get()
#5 C:\xampp\htdocs\ITE311-MALILAY\system\BaseModel.php(677): CodeIgniter\Model->doFindAll(0, 0)
#6 C:\xampp\htdocs\ITE311-MALILAY\app\Models\CourseTeacherModel.php(62): CodeIgniter\BaseModel->findAll()
#7 C:\xampp\htdocs\ITE311-MALILAY\app\Views\auth\dashboard.php(730): App\Models\CourseTeacherModel->getTeachersByCourse('11')
#8 C:\xampp\htdocs\ITE311-MALILAY\system\View\View.php(226): include('C:\\xampp\\htdocs...')
#9 C:\xampp\htdocs\ITE311-MALILAY\system\View\View.php(229): CodeIgniter\View\View->CodeIgniter\View\{closure}()
#10 C:\xampp\htdocs\ITE311-MALILAY\system\Common.php(1167): CodeIgniter\View\View->render('auth/dashboard', Array, true)
#11 C:\xampp\htdocs\ITE311-MALILAY\app\Controllers\Auth.php(647): view('auth/dashboard', Array)
#12 C:\xampp\htdocs\ITE311-MALILAY\system\CodeIgniter.php(933): App\Controllers\Auth->dashboard()
#13 C:\xampp\htdocs\ITE311-MALILAY\system\CodeIgniter.php(507): CodeIgniter\CodeIgniter->runController(Object(App\Controllers\Auth))
#14 C:\xampp\htdocs\ITE311-MALILAY\system\CodeIgniter.php(354): CodeIgniter\CodeIgniter->handleRequest(NULL, Object(Config\Cache), false)
#15 C:\xampp\htdocs\ITE311-MALILAY\system\Boot.php(363): CodeIgniter\CodeIgniter->run()
#16 C:\xampp\htdocs\ITE311-MALILAY\system\Boot.php(68): CodeIgniter\Boot::runCodeIgniter(Object(CodeIgniter\CodeIgniter))
#17 C:\xampp\htdocs\ITE311-MALILAY\index.php(88): CodeIgniter\Boot::bootWeb(Object(Config\Paths))
#18 {main}
ERROR - 2025-12-11 00:44:04 --> Error in getTeachersByCourse: Unknown column 'course_teachers.deleted_at' in 'where clause'
ERROR - 2025-12-11 00:47:42 --> mysqli_sql_exception: Unknown column 'course_teachers.deleted_at' in 'where clause' in C:\xampp\htdocs\ITE311-MALILAY\system\Database\MySQLi\Connection.php:327
Stack trace:
#0 C:\xampp\htdocs\ITE311-MALILAY\system\Database\MySQLi\Connection.php(327): mysqli->query('SELECT `course_...', 0)
#1 C:\xampp\htdocs\ITE311-MALILAY\system\Database\BaseConnection.php(729): CodeIgniter\Database\MySQLi\Connection->execute('SELECT `course_...')
#2 C:\xampp\htdocs\ITE311-MALILAY\system\Database\BaseConnection.php(646): CodeIgniter\Database\BaseConnection->simpleQuery('SELECT `course_...')
#3 C:\xampp\htdocs\ITE311-MALILAY\system\Database\BaseBuilder.php(1649): CodeIgniter\Database\BaseConnection->query('SELECT `course_...', Array, false)
#4 C:\xampp\htdocs\ITE311-MALILAY\system\Model.php(286): CodeIgniter\Database\BaseBuilder->get()
#5 C:\xampp\htdocs\ITE311-MALILAY\system\BaseModel.php(677): CodeIgniter\Model->doFindAll(0, 0)
#6 C:\xampp\htdocs\ITE311-MALILAY\app\Models\CourseTeacherModel.php(62): CodeIgniter\BaseModel->findAll()
#7 C:\xampp\htdocs\ITE311-MALILAY\app\Views\auth\dashboard.php(730): App\Models\CourseTeacherModel->getTeachersByCourse('8')
#8 C:\xampp\htdocs\ITE311-MALILAY\system\View\View.php(226): include('C:\\xampp\\htdocs...')
#9 C:\xampp\htdocs\ITE311-MALILAY\system\View\View.php(229): CodeIgniter\View\View->CodeIgniter\View\{closure}()
#10 C:\xampp\htdocs\ITE311-MALILAY\system\Common.php(1167): CodeIgniter\View\View->render('auth/dashboard', Array, true)
#11 C:\xampp\htdocs\ITE311-MALILAY\app\Controllers\Auth.php(647): view('auth/dashboard', Array)
#12 C:\xampp\htdocs\ITE311-MALILAY\system\CodeIgniter.php(933): App\Controllers\Auth->dashboard()
#13 C:\xampp\htdocs\ITE311-MALILAY\system\CodeIgniter.php(507): CodeIgniter\CodeIgniter->runController(Object(App\Controllers\Auth))
#14 C:\xampp\htdocs\ITE311-MALILAY\system\CodeIgniter.php(354): CodeIgniter\CodeIgniter->handleRequest(NULL, Object(Config\Cache), false)
#15 C:\xampp\htdocs\ITE311-MALILAY\system\Boot.php(363): CodeIgniter\CodeIgniter->run()
#16 C:\xampp\htdocs\ITE311-MALILAY\system\Boot.php(68): CodeIgniter\Boot::runCodeIgniter(Object(CodeIgniter\CodeIgniter))
#17 C:\xampp\htdocs\ITE311-MALILAY\index.php(88): CodeIgniter\Boot::bootWeb(Object(Config\Paths))
#18 {main}
ERROR - 2025-12-11 00:47:42 --> Error in getTeachersByCourse: Unknown column 'course_teachers.deleted_at' in 'where clause'
ERROR - 2025-12-11 00:47:42 --> mysqli_sql_exception: Unknown column 'course_teachers.deleted_at' in 'where clause' in C:\xampp\htdocs\ITE311-MALILAY\system\Database\MySQLi\Connection.php:327
Stack trace:
#0 C:\xampp\htdocs\ITE311-MALILAY\system\Database\MySQLi\Connection.php(327): mysqli->query('SELECT `course_...', 0)
#1 C:\xampp\htdocs\ITE311-MALILAY\system\Database\BaseConnection.php(729): CodeIgniter\Database\MySQLi\Connection->execute('SELECT `course_...')
#2 C:\xampp\htdocs\ITE311-MALILAY\system\Database\BaseConnection.php(646): CodeIgniter\Database\BaseConnection->simpleQuery('SELECT `course_...')
#3 C:\xampp\htdocs\ITE311-MALILAY\system\Database\BaseBuilder.php(1649): CodeIgniter\Database\BaseConnection->query('SELECT `course_...', Array, false)
#4 C:\xampp\htdocs\ITE311-MALILAY\system\Model.php(286): CodeIgniter\Database\BaseBuilder->get()
#5 C:\xampp\htdocs\ITE311-MALILAY\system\BaseModel.php(677): CodeIgniter\Model->doFindAll(0, 0)
#6 C:\xampp\htdocs\ITE311-MALILAY\app\Models\CourseTeacherModel.php(62): CodeIgniter\BaseModel->findAll()
#7 C:\xampp\htdocs\ITE311-MALILAY\app\Views\auth\dashboard.php(730): App\Models\CourseTeacherModel->getTeachersByCourse('9')
#8 C:\xampp\htdocs\ITE311-MALILAY\system\View\View.php(226): include('C:\\xampp\\htdocs...')
#9 C:\xampp\htdocs\ITE311-MALILAY\system\View\View.php(229): CodeIgniter\View\View->CodeIgniter\View\{closure}()
#10 C:\xampp\htdocs\ITE311-MALILAY\system\Common.php(1167): CodeIgniter\View\View->render('auth/dashboard', Array, true)
#11 C:\xampp\htdocs\ITE311-MALILAY\app\Controllers\Auth.php(647): view('auth/dashboard', Array)
#12 C:\xampp\htdocs\ITE311-MALILAY\system\CodeIgniter.php(933): App\Controllers\Auth->dashboard()
#13 C:\xampp\htdocs\ITE311-MALILAY\system\CodeIgniter.php(507): CodeIgniter\CodeIgniter->runController(Object(App\Controllers\Auth))
#14 C:\xampp\htdocs\ITE311-MALILAY\system\CodeIgniter.php(354): CodeIgniter\CodeIgniter->handleRequest(NULL, Object(Config\Cache), false)
#15 C:\xampp\htdocs\ITE311-MALILAY\system\Boot.php(363): CodeIgniter\CodeIgniter->run()
#16 C:\xampp\htdocs\ITE311-MALILAY\system\Boot.php(68): CodeIgniter\Boot::runCodeIgniter(Object(CodeIgniter\CodeIgniter))
#17 C:\xampp\htdocs\ITE311-MALILAY\index.php(88): CodeIgniter\Boot::bootWeb(Object(Config\Paths))
#18 {main}
ERROR - 2025-12-11 00:47:42 --> Error in getTeachersByCourse: Unknown column 'course_teachers.deleted_at' in 'where clause'
ERROR - 2025-12-11 00:47:42 --> mysqli_sql_exception: Unknown column 'course_teachers.deleted_at' in 'where clause' in C:\xampp\htdocs\ITE311-MALILAY\system\Database\MySQLi\Connection.php:327
Stack trace:
#0 C:\xampp\htdocs\ITE311-MALILAY\system\Database\MySQLi\Connection.php(327): mysqli->query('SELECT `course_...', 0)
#1 C:\xampp\htdocs\ITE311-MALILAY\system\Database\BaseConnection.php(729): CodeIgniter\Database\MySQLi\Connection->execute('SELECT `course_...')
#2 C:\xampp\htdocs\ITE311-MALILAY\system\Database\BaseConnection.php(646): CodeIgniter\Database\BaseConnection->simpleQuery('SELECT `course_...')
#3 C:\xampp\htdocs\ITE311-MALILAY\system\Database\BaseBuilder.php(1649): CodeIgniter\Database\BaseConnection->query('SELECT `course_...', Array, false)
#4 C:\xampp\htdocs\ITE311-MALILAY\system\Model.php(286): CodeIgniter\Database\BaseBuilder->get()
#5 C:\xampp\htdocs\ITE311-MALILAY\system\BaseModel.php(677): CodeIgniter\Model->doFindAll(0, 0)
#6 C:\xampp\htdocs\ITE311-MALILAY\app\Models\CourseTeacherModel.php(62): CodeIgniter\BaseModel->findAll()
#7 C:\xampp\htdocs\ITE311-MALILAY\app\Views\auth\dashboard.php(730): App\Models\CourseTeacherModel->getTeachersByCourse('10')
#8 C:\xampp\htdocs\ITE311-MALILAY\system\View\View.php(226): include('C:\\xampp\\htdocs...')
#9 C:\xampp\htdocs\ITE311-MALILAY\system\View\View.php(229): CodeIgniter\View\View->CodeIgniter\View\{closure}()
#10 C:\xampp\htdocs\ITE311-MALILAY\system\Common.php(1167): CodeIgniter\View\View->render('auth/dashboard', Array, true)
#11 C:\xampp\htdocs\ITE311-MALILAY\app\Controllers\Auth.php(647): view('auth/dashboard', Array)
#12 C:\xampp\htdocs\ITE311-MALILAY\system\CodeIgniter.php(933): App\Controllers\Auth->dashboard()
#13 C:\xampp\htdocs\ITE311-MALILAY\system\CodeIgniter.php(507): CodeIgniter\CodeIgniter->runController(Object(App\Controllers\Auth))
#14 C:\xampp\htdocs\ITE311-MALILAY\system\CodeIgniter.php(354): CodeIgniter\CodeIgniter->handleRequest(NULL, Object(Config\Cache), false)
#15 C:\xampp\htdocs\ITE311-MALILAY\system\Boot.php(363): CodeIgniter\CodeIgniter->run()
#16 C:\xampp\htdocs\ITE311-MALILAY\system\Boot.php(68): CodeIgniter\Boot::runCodeIgniter(Object(CodeIgniter\CodeIgniter))
#17 C:\xampp\htdocs\ITE311-MALILAY\index.php(88): CodeIgniter\Boot::bootWeb(Object(Config\Paths))
#18 {main}
ERROR - 2025-12-11 00:47:42 --> Error in getTeachersByCourse: Unknown column 'course_teachers.deleted_at' in 'where clause'
ERROR - 2025-12-11 00:47:42 --> mysqli_sql_exception: Unknown column 'course_teachers.deleted_at' in 'where clause' in C:\xampp\htdocs\ITE311-MALILAY\system\Database\MySQLi\Connection.php:327
Stack trace:
#0 C:\xampp\htdocs\ITE311-MALILAY\system\Database\MySQLi\Connection.php(327): mysqli->query('SELECT `course_...', 0)
#1 C:\xampp\htdocs\ITE311-MALILAY\system\Database\BaseConnection.php(729): CodeIgniter\Database\MySQLi\Connection->execute('SELECT `course_...')
#2 C:\xampp\htdocs\ITE311-MALILAY\system\Database\BaseConnection.php(646): CodeIgniter\Database\BaseConnection->simpleQuery('SELECT `course_...')
#3 C:\xampp\htdocs\ITE311-MALILAY\system\Database\BaseBuilder.php(1649): CodeIgniter\Database\BaseConnection->query('SELECT `course_...', Array, false)
#4 C:\xampp\htdocs\ITE311-MALILAY\system\Model.php(286): CodeIgniter\Database\BaseBuilder->get()
#5 C:\xampp\htdocs\ITE311-MALILAY\system\BaseModel.php(677): CodeIgniter\Model->doFindAll(0, 0)
#6 C:\xampp\htdocs\ITE311-MALILAY\app\Models\CourseTeacherModel.php(62): CodeIgniter\BaseModel->findAll()
#7 C:\xampp\htdocs\ITE311-MALILAY\app\Views\auth\dashboard.php(730): App\Models\CourseTeacherModel->getTeachersByCourse('11')
#8 C:\xampp\htdocs\ITE311-MALILAY\system\View\View.php(226): include('C:\\xampp\\htdocs...')
#9 C:\xampp\htdocs\ITE311-MALILAY\system\View\View.php(229): CodeIgniter\View\View->CodeIgniter\View\{closure}()
#10 C:\xampp\htdocs\ITE311-MALILAY\system\Common.php(1167): CodeIgniter\View\View->render('auth/dashboard', Array, true)
#11 C:\xampp\htdocs\ITE311-MALILAY\app\Controllers\Auth.php(647): view('auth/dashboard', Array)
#12 C:\xampp\htdocs\ITE311-MALILAY\system\CodeIgniter.php(933): App\Controllers\Auth->dashboard()
#13 C:\xampp\htdocs\ITE311-MALILAY\system\CodeIgniter.php(507): CodeIgniter\CodeIgniter->runController(Object(App\Controllers\Auth))
#14 C:\xampp\htdocs\ITE311-MALILAY\system\CodeIgniter.php(354): CodeIgniter\CodeIgniter->handleRequest(NULL, Object(Config\Cache), false)
#15 C:\xampp\htdocs\ITE311-MALILAY\system\Boot.php(363): CodeIgniter\CodeIgniter->run()
#16 C:\xampp\htdocs\ITE311-MALILAY\system\Boot.php(68): CodeIgniter\Boot::runCodeIgniter(Object(CodeIgniter\CodeIgniter))
#17 C:\xampp\htdocs\ITE311-MALILAY\index.php(88): CodeIgniter\Boot::bootWeb(Object(Config\Paths))
#18 {main}
ERROR - 2025-12-11 00:47:42 --> Error in getTeachersByCourse: Unknown column 'course_teachers.deleted_at' in 'where clause'
ERROR - 2025-12-11 00:47:50 --> mysqli_sql_exception: Unknown column 'course_teachers.deleted_at' in 'where clause' in C:\xampp\htdocs\ITE311-MALILAY\system\Database\MySQLi\Connection.php:327
Stack trace:
#0 C:\xampp\htdocs\ITE311-MALILAY\system\Database\MySQLi\Connection.php(327): mysqli->query('SELECT `course_...', 0)
#1 C:\xampp\htdocs\ITE311-MALILAY\system\Database\BaseConnection.php(729): CodeIgniter\Database\MySQLi\Connection->execute('SELECT `course_...')
#2 C:\xampp\htdocs\ITE311-MALILAY\system\Database\BaseConnection.php(646): CodeIgniter\Database\BaseConnection->simpleQuery('SELECT `course_...')
#3 C:\xampp\htdocs\ITE311-MALILAY\system\Database\BaseBuilder.php(1649): CodeIgniter\Database\BaseConnection->query('SELECT `course_...', Array, false)
#4 C:\xampp\htdocs\ITE311-MALILAY\system\Model.php(286): CodeIgniter\Database\BaseBuilder->get()
#5 C:\xampp\htdocs\ITE311-MALILAY\system\BaseModel.php(677): CodeIgniter\Model->doFindAll(0, 0)
#6 C:\xampp\htdocs\ITE311-MALILAY\app\Models\CourseTeacherModel.php(62): CodeIgniter\BaseModel->findAll()
#7 C:\xampp\htdocs\ITE311-MALILAY\app\Views\auth\dashboard.php(730): App\Models\CourseTeacherModel->getTeachersByCourse('8')
#8 C:\xampp\htdocs\ITE311-MALILAY\system\View\View.php(226): include('C:\\xampp\\htdocs...')
#9 C:\xampp\htdocs\ITE311-MALILAY\system\View\View.php(229): CodeIgniter\View\View->CodeIgniter\View\{closure}()
#10 C:\xampp\htdocs\ITE311-MALILAY\system\Common.php(1167): CodeIgniter\View\View->render('auth/dashboard', Array, true)
#11 C:\xampp\htdocs\ITE311-MALILAY\app\Controllers\Auth.php(647): view('auth/dashboard', Array)
#12 C:\xampp\htdocs\ITE311-MALILAY\system\CodeIgniter.php(933): App\Controllers\Auth->dashboard()
#13 C:\xampp\htdocs\ITE311-MALILAY\system\CodeIgniter.php(507): CodeIgniter\CodeIgniter->runController(Object(App\Controllers\Auth))
#14 C:\xampp\htdocs\ITE311-MALILAY\system\CodeIgniter.php(354): CodeIgniter\CodeIgniter->handleRequest(NULL, Object(Config\Cache), false)
#15 C:\xampp\htdocs\ITE311-MALILAY\system\Boot.php(363): CodeIgniter\CodeIgniter->run()
#16 C:\xampp\htdocs\ITE311-MALILAY\system\Boot.php(68): CodeIgniter\Boot::runCodeIgniter(Object(CodeIgniter\CodeIgniter))
#17 C:\xampp\htdocs\ITE311-MALILAY\index.php(88): CodeIgniter\Boot::bootWeb(Object(Config\Paths))
#18 {main}
ERROR - 2025-12-11 00:47:50 --> Error in getTeachersByCourse: Unknown column 'course_teachers.deleted_at' in 'where clause'
ERROR - 2025-12-11 00:47:50 --> mysqli_sql_exception: Unknown column 'course_teachers.deleted_at' in 'where clause' in C:\xampp\htdocs\ITE311-MALILAY\system\Database\MySQLi\Connection.php:327
Stack trace:
#0 C:\xampp\htdocs\ITE311-MALILAY\system\Database\MySQLi\Connection.php(327): mysqli->query('SELECT `course_...', 0)
#1 C:\xampp\htdocs\ITE311-MALILAY\system\Database\BaseConnection.php(729): CodeIgniter\Database\MySQLi\Connection->execute('SELECT `course_...')
#2 C:\xampp\htdocs\ITE311-MALILAY\system\Database\BaseConnection.php(646): CodeIgniter\Database\BaseConnection->simpleQuery('SELECT `course_...')
#3 C:\xampp\htdocs\ITE311-MALILAY\system\Database\BaseBuilder.php(1649): CodeIgniter\Database\BaseConnection->query('SELECT `course_...', Array, false)
#4 C:\xampp\htdocs\ITE311-MALILAY\system\Model.php(286): CodeIgniter\Database\BaseBuilder->get()
#5 C:\xampp\htdocs\ITE311-MALILAY\system\BaseModel.php(677): CodeIgniter\Model->doFindAll(0, 0)
#6 C:\xampp\htdocs\ITE311-MALILAY\app\Models\CourseTeacherModel.php(62): CodeIgniter\BaseModel->findAll()
#7 C:\xampp\htdocs\ITE311-MALILAY\app\Views\auth\dashboard.php(730): App\Models\CourseTeacherModel->getTeachersByCourse('9')
#8 C:\xampp\htdocs\ITE311-MALILAY\system\View\View.php(226): include('C:\\xampp\\htdocs...')
#9 C:\xampp\htdocs\ITE311-MALILAY\system\View\View.php(229): CodeIgniter\View\View->CodeIgniter\View\{closure}()
#10 C:\xampp\htdocs\ITE311-MALILAY\system\Common.php(1167): CodeIgniter\View\View->render('auth/dashboard', Array, true)
#11 C:\xampp\htdocs\ITE311-MALILAY\app\Controllers\Auth.php(647): view('auth/dashboard', Array)
#12 C:\xampp\htdocs\ITE311-MALILAY\system\CodeIgniter.php(933): App\Controllers\Auth->dashboard()
#13 C:\xampp\htdocs\ITE311-MALILAY\system\CodeIgniter.php(507): CodeIgniter\CodeIgniter->runController(Object(App\Controllers\Auth))
#14 C:\xampp\htdocs\ITE311-MALILAY\system\CodeIgniter.php(354): CodeIgniter\CodeIgniter->handleRequest(NULL, Object(Config\Cache), false)
#15 C:\xampp\htdocs\ITE311-MALILAY\system\Boot.php(363): CodeIgniter\CodeIgniter->run()
#16 C:\xampp\htdocs\ITE311-MALILAY\system\Boot.php(68): CodeIgniter\Boot::runCodeIgniter(Object(CodeIgniter\CodeIgniter))
#17 C:\xampp\htdocs\ITE311-MALILAY\index.php(88): CodeIgniter\Boot::bootWeb(Object(Config\Paths))
#18 {main}
ERROR - 2025-12-11 00:47:50 --> Error in getTeachersByCourse: Unknown column 'course_teachers.deleted_at' in 'where clause'
ERROR - 2025-12-11 00:47:50 --> mysqli_sql_exception: Unknown column 'course_teachers.deleted_at' in 'where clause' in C:\xampp\htdocs\ITE311-MALILAY\system\Database\MySQLi\Connection.php:327
Stack trace:
#0 C:\xampp\htdocs\ITE311-MALILAY\system\Database\MySQLi\Connection.php(327): mysqli->query('SELECT `course_...', 0)
#1 C:\xampp\htdocs\ITE311-MALILAY\system\Database\BaseConnection.php(729): CodeIgniter\Database\MySQLi\Connection->execute('SELECT `course_...')
#2 C:\xampp\htdocs\ITE311-MALILAY\system\Database\BaseConnection.php(646): CodeIgniter\Database\BaseConnection->simpleQuery('SELECT `course_...')
#3 C:\xampp\htdocs\ITE311-MALILAY\system\Database\BaseBuilder.php(1649): CodeIgniter\Database\BaseConnection->query('SELECT `course_...', Array, false)
#4 C:\xampp\htdocs\ITE311-MALILAY\system\Model.php(286): CodeIgniter\Database\BaseBuilder->get()
#5 C:\xampp\htdocs\ITE311-MALILAY\system\BaseModel.php(677): CodeIgniter\Model->doFindAll(0, 0)
#6 C:\xampp\htdocs\ITE311-MALILAY\app\Models\CourseTeacherModel.php(62): CodeIgniter\BaseModel->findAll()
#7 C:\xampp\htdocs\ITE311-MALILAY\app\Views\auth\dashboard.php(730): App\Models\CourseTeacherModel->getTeachersByCourse('10')
#8 C:\xampp\htdocs\ITE311-MALILAY\system\View\View.php(226): include('C:\\xampp\\htdocs...')
#9 C:\xampp\htdocs\ITE311-MALILAY\system\View\View.php(229): CodeIgniter\View\View->CodeIgniter\View\{closure}()
#10 C:\xampp\htdocs\ITE311-MALILAY\system\Common.php(1167): CodeIgniter\View\View->render('auth/dashboard', Array, true)
#11 C:\xampp\htdocs\ITE311-MALILAY\app\Controllers\Auth.php(647): view('auth/dashboard', Array)
#12 C:\xampp\htdocs\ITE311-MALILAY\system\CodeIgniter.php(933): App\Controllers\Auth->dashboard()
#13 C:\xampp\htdocs\ITE311-MALILAY\system\CodeIgniter.php(507): CodeIgniter\CodeIgniter->runController(Object(App\Controllers\Auth))
#14 C:\xampp\htdocs\ITE311-MALILAY\system\CodeIgniter.php(354): CodeIgniter\CodeIgniter->handleRequest(NULL, Object(Config\Cache), false)
#15 C:\xampp\htdocs\ITE311-MALILAY\system\Boot.php(363): CodeIgniter\CodeIgniter->run()
#16 C:\xampp\htdocs\ITE311-MALILAY\system\Boot.php(68): CodeIgniter\Boot::runCodeIgniter(Object(CodeIgniter\CodeIgniter))
#17 C:\xampp\htdocs\ITE311-MALILAY\index.php(88): CodeIgniter\Boot::bootWeb(Object(Config\Paths))
#18 {main}
ERROR - 2025-12-11 00:47:50 --> Error in getTeachersByCourse: Unknown column 'course_teachers.deleted_at' in 'where clause'
ERROR - 2025-12-11 00:47:50 --> mysqli_sql_exception: Unknown column 'course_teachers.deleted_at' in 'where clause' in C:\xampp\htdocs\ITE311-MALILAY\system\Database\MySQLi\Connection.php:327
Stack trace:
#0 C:\xampp\htdocs\ITE311-MALILAY\system\Database\MySQLi\Connection.php(327): mysqli->query('SELECT `course_...', 0)
#1 C:\xampp\htdocs\ITE311-MALILAY\system\Database\BaseConnection.php(729): CodeIgniter\Database\MySQLi\Connection->execute('SELECT `course_...')
#2 C:\xampp\htdocs\ITE311-MALILAY\system\Database\BaseConnection.php(646): CodeIgniter\Database\BaseConnection->simpleQuery('SELECT `course_...')
#3 C:\xampp\htdocs\ITE311-MALILAY\system\Database\BaseBuilder.php(1649): CodeIgniter\Database\BaseConnection->query('SELECT `course_...', Array, false)
#4 C:\xampp\htdocs\ITE311-MALILAY\system\Model.php(286): CodeIgniter\Database\BaseBuilder->get()
#5 C:\xampp\htdocs\ITE311-MALILAY\system\BaseModel.php(677): CodeIgniter\Model->doFindAll(0, 0)
#6 C:\xampp\htdocs\ITE311-MALILAY\app\Models\CourseTeacherModel.php(62): CodeIgniter\BaseModel->findAll()
#7 C:\xampp\htdocs\ITE311-MALILAY\app\Views\auth\dashboard.php(730): App\Models\CourseTeacherModel->getTeachersByCourse('11')
#8 C:\xampp\htdocs\ITE311-MALILAY\system\View\View.php(226): include('C:\\xampp\\htdocs...')
#9 C:\xampp\htdocs\ITE311-MALILAY\system\View\View.php(229): CodeIgniter\View\View->CodeIgniter\View\{closure}()
#10 C:\xampp\htdocs\ITE311-MALILAY\system\Common.php(1167): CodeIgniter\View\View->render('auth/dashboard', Array, true)
#11 C:\xampp\htdocs\ITE311-MALILAY\app\Controllers\Auth.php(647): view('auth/dashboard', Array)
#12 C:\xampp\htdocs\ITE311-MALILAY\system\CodeIgniter.php(933): App\Controllers\Auth->dashboard()
#13 C:\xampp\htdocs\ITE311-MALILAY\system\CodeIgniter.php(507): CodeIgniter\CodeIgniter->runController(Object(App\Controllers\Auth))
#14 C:\xampp\htdocs\ITE311-MALILAY\system\CodeIgniter.php(354): CodeIgniter\CodeIgniter->handleRequest(NULL, Object(Config\Cache), false)
#15 C:\xampp\htdocs\ITE311-MALILAY\system\Boot.php(363): CodeIgniter\CodeIgniter->run()
#16 C:\xampp\htdocs\ITE311-MALILAY\system\Boot.php(68): CodeIgniter\Boot::runCodeIgniter(Object(CodeIgniter\CodeIgniter))
#17 C:\xampp\htdocs\ITE311-MALILAY\index.php(88): CodeIgniter\Boot::bootWeb(Object(Config\Paths))
#18 {main}
ERROR - 2025-12-11 00:47:50 --> Error in getTeachersByCourse: Unknown column 'course_teachers.deleted_at' in 'where clause'
ERROR - 2025-12-11 00:47:56 --> mysqli_sql_exception: Unknown column 'course_teachers.deleted_at' in 'where clause' in C:\xampp\htdocs\ITE311-MALILAY\system\Database\MySQLi\Connection.php:327
Stack trace:
#0 C:\xampp\htdocs\ITE311-MALILAY\system\Database\MySQLi\Connection.php(327): mysqli->query('SELECT `course_...', 0)
#1 C:\xampp\htdocs\ITE311-MALILAY\system\Database\BaseConnection.php(729): CodeIgniter\Database\MySQLi\Connection->execute('SELECT `course_...')
#2 C:\xampp\htdocs\ITE311-MALILAY\system\Database\BaseConnection.php(646): CodeIgniter\Database\BaseConnection->simpleQuery('SELECT `course_...')
#3 C:\xampp\htdocs\ITE311-MALILAY\system\Database\BaseBuilder.php(1649): CodeIgniter\Database\BaseConnection->query('SELECT `course_...', Array, false)
#4 C:\xampp\htdocs\ITE311-MALILAY\system\Model.php(286): CodeIgniter\Database\BaseBuilder->get()
#5 C:\xampp\htdocs\ITE311-MALILAY\system\BaseModel.php(677): CodeIgniter\Model->doFindAll(0, 0)
#6 C:\xampp\htdocs\ITE311-MALILAY\app\Models\CourseTeacherModel.php(62): CodeIgniter\BaseModel->findAll()
#7 C:\xampp\htdocs\ITE311-MALILAY\app\Controllers\Admin.php(1567): App\Models\CourseTeacherModel->getTeachersByCourse('8')
#8 C:\xampp\htdocs\ITE311-MALILAY\system\CodeIgniter.php(933): App\Controllers\Admin->getCourseTeachers('8')
#9 C:\xampp\htdocs\ITE311-MALILAY\system\CodeIgniter.php(507): CodeIgniter\CodeIgniter->runController(Object(App\Controllers\Admin))
#10 C:\xampp\htdocs\ITE311-MALILAY\system\CodeIgniter.php(354): CodeIgniter\CodeIgniter->handleRequest(NULL, Object(Config\Cache), false)
#11 C:\xampp\htdocs\ITE311-MALILAY\system\Boot.php(363): CodeIgniter\CodeIgniter->run()
#12 C:\xampp\htdocs\ITE311-MALILAY\system\Boot.php(68): CodeIgniter\Boot::runCodeIgniter(Object(CodeIgniter\CodeIgniter))
#13 C:\xampp\htdocs\ITE311-MALILAY\index.php(88): CodeIgniter\Boot::bootWeb(Object(Config\Paths))
#14 {main}
ERROR - 2025-12-11 00:47:56 --> Error in getTeachersByCourse: Unknown column 'course_teachers.deleted_at' in 'where clause'
CRITICAL - 2025-12-11 00:47:56 --> TypeError: array_merge(): Argument #1 must be of type array, string given
[Method: GET, Route: admin/courses/8/teachers]
in SYSTEMPATH\Database\BaseBuilder.php on line 1506.
 1 SYSTEMPATH\Database\BaseBuilder.php(1506): array_merge('
ORDER BY `course_teachers`.`is_primary` DESC, `users`.`name` ASC', [...])
 2 SYSTEMPATH\Model.php(925): CodeIgniter\Database\BaseBuilder->orderBy('course_teachers.deleted_at', ' DESC')
 3 APPPATH\Controllers\Admin.php(1582): CodeIgniter\Model->__call('orderBy', [...])
 4 SYSTEMPATH\CodeIgniter.php(933): App\Controllers\Admin->getCourseTeachers('8')
 5 SYSTEMPATH\CodeIgniter.php(507): CodeIgniter\CodeIgniter->runController(Object(App\Controllers\Admin))
 6 SYSTEMPATH\CodeIgniter.php(354): CodeIgniter\CodeIgniter->handleRequest(null, Object(Config\Cache), false)
 7 SYSTEMPATH\Boot.php(363): CodeIgniter\CodeIgniter->run()
 8 SYSTEMPATH\Boot.php(68): CodeIgniter\Boot::runCodeIgniter(Object(CodeIgniter\CodeIgniter))
 9 FCPATH\index.php(88): CodeIgniter\Boot::bootWeb(Object(Config\Paths))
ERROR - 2025-12-11 00:48:05 --> mysqli_sql_exception: Unknown column 'course_teachers.deleted_at' in 'where clause' in C:\xampp\htdocs\ITE311-MALILAY\system\Database\MySQLi\Connection.php:327
Stack trace:
#0 C:\xampp\htdocs\ITE311-MALILAY\system\Database\MySQLi\Connection.php(327): mysqli->query('SELECT `course_...', 0)
#1 C:\xampp\htdocs\ITE311-MALILAY\system\Database\BaseConnection.php(729): CodeIgniter\Database\MySQLi\Connection->execute('SELECT `course_...')
#2 C:\xampp\htdocs\ITE311-MALILAY\system\Database\BaseConnection.php(646): CodeIgniter\Database\BaseConnection->simpleQuery('SELECT `course_...')
#3 C:\xampp\htdocs\ITE311-MALILAY\system\Database\BaseBuilder.php(1649): CodeIgniter\Database\BaseConnection->query('SELECT `course_...', Array, false)
#4 C:\xampp\htdocs\ITE311-MALILAY\system\Model.php(286): CodeIgniter\Database\BaseBuilder->get()
#5 C:\xampp\htdocs\ITE311-MALILAY\system\BaseModel.php(677): CodeIgniter\Model->doFindAll(0, 0)
#6 C:\xampp\htdocs\ITE311-MALILAY\app\Models\CourseTeacherModel.php(62): CodeIgniter\BaseModel->findAll()
#7 C:\xampp\htdocs\ITE311-MALILAY\app\Controllers\Admin.php(1567): App\Models\CourseTeacherModel->getTeachersByCourse('8')
#8 C:\xampp\htdocs\ITE311-MALILAY\system\CodeIgniter.php(933): App\Controllers\Admin->getCourseTeachers('8')
#9 C:\xampp\htdocs\ITE311-MALILAY\system\CodeIgniter.php(507): CodeIgniter\CodeIgniter->runController(Object(App\Controllers\Admin))
#10 C:\xampp\htdocs\ITE311-MALILAY\system\CodeIgniter.php(354): CodeIgniter\CodeIgniter->handleRequest(NULL, Object(Config\Cache), false)
#11 C:\xampp\htdocs\ITE311-MALILAY\system\Boot.php(363): CodeIgniter\CodeIgniter->run()
#12 C:\xampp\htdocs\ITE311-MALILAY\system\Boot.php(68): CodeIgniter\Boot::runCodeIgniter(Object(CodeIgniter\CodeIgniter))
#13 C:\xampp\htdocs\ITE311-MALILAY\index.php(88): CodeIgniter\Boot::bootWeb(Object(Config\Paths))
#14 {main}
ERROR - 2025-12-11 00:48:05 --> Error in getTeachersByCourse: Unknown column 'course_teachers.deleted_at' in 'where clause'
CRITICAL - 2025-12-11 00:48:05 --> TypeError: array_merge(): Argument #1 must be of type array, string given
[Method: GET, Route: admin/courses/8/teachers]
in SYSTEMPATH\Database\BaseBuilder.php on line 1506.
 1 SYSTEMPATH\Database\BaseBuilder.php(1506): array_merge('
ORDER BY `course_teachers`.`is_primary` DESC, `users`.`name` ASC', [...])
 2 SYSTEMPATH\Model.php(925): CodeIgniter\Database\BaseBuilder->orderBy('course_teachers.deleted_at', ' DESC')
 3 APPPATH\Controllers\Admin.php(1582): CodeIgniter\Model->__call('orderBy', [...])
 4 SYSTEMPATH\CodeIgniter.php(933): App\Controllers\Admin->getCourseTeachers('8')
 5 SYSTEMPATH\CodeIgniter.php(507): CodeIgniter\CodeIgniter->runController(Object(App\Controllers\Admin))
 6 SYSTEMPATH\CodeIgniter.php(354): CodeIgniter\CodeIgniter->handleRequest(null, Object(Config\Cache), false)
 7 SYSTEMPATH\Boot.php(363): CodeIgniter\CodeIgniter->run()
 8 SYSTEMPATH\Boot.php(68): CodeIgniter\Boot::runCodeIgniter(Object(CodeIgniter\CodeIgniter))
 9 FCPATH\index.php(88): CodeIgniter\Boot::bootWeb(Object(Config\Paths))
ERROR - 2025-12-11 00:48:47 --> mysqli_sql_exception: Unknown column 'course_teachers.deleted_at' in 'where clause' in C:\xampp\htdocs\ITE311-MALILAY\system\Database\MySQLi\Connection.php:327
Stack trace:
#0 C:\xampp\htdocs\ITE311-MALILAY\system\Database\MySQLi\Connection.php(327): mysqli->query('SELECT `course_...', 0)
#1 C:\xampp\htdocs\ITE311-MALILAY\system\Database\BaseConnection.php(729): CodeIgniter\Database\MySQLi\Connection->execute('SELECT `course_...')
#2 C:\xampp\htdocs\ITE311-MALILAY\system\Database\BaseConnection.php(646): CodeIgniter\Database\BaseConnection->simpleQuery('SELECT `course_...')
#3 C:\xampp\htdocs\ITE311-MALILAY\system\Database\BaseBuilder.php(1649): CodeIgniter\Database\BaseConnection->query('SELECT `course_...', Array, false)
#4 C:\xampp\htdocs\ITE311-MALILAY\system\Model.php(286): CodeIgniter\Database\BaseBuilder->get()
#5 C:\xampp\htdocs\ITE311-MALILAY\system\BaseModel.php(677): CodeIgniter\Model->doFindAll(0, 0)
#6 C:\xampp\htdocs\ITE311-MALILAY\app\Models\CourseTeacherModel.php(62): CodeIgniter\BaseModel->findAll()
#7 C:\xampp\htdocs\ITE311-MALILAY\app\Views\auth\dashboard.php(730): App\Models\CourseTeacherModel->getTeachersByCourse('8')
#8 C:\xampp\htdocs\ITE311-MALILAY\system\View\View.php(226): include('C:\\xampp\\htdocs...')
#9 C:\xampp\htdocs\ITE311-MALILAY\system\View\View.php(229): CodeIgniter\View\View->CodeIgniter\View\{closure}()
#10 C:\xampp\htdocs\ITE311-MALILAY\system\Common.php(1167): CodeIgniter\View\View->render('auth/dashboard', Array, true)
#11 C:\xampp\htdocs\ITE311-MALILAY\app\Controllers\Auth.php(647): view('auth/dashboard', Array)
#12 C:\xampp\htdocs\ITE311-MALILAY\system\CodeIgniter.php(933): App\Controllers\Auth->dashboard()
#13 C:\xampp\htdocs\ITE311-MALILAY\system\CodeIgniter.php(507): CodeIgniter\CodeIgniter->runController(Object(App\Controllers\Auth))
#14 C:\xampp\htdocs\ITE311-MALILAY\system\CodeIgniter.php(354): CodeIgniter\CodeIgniter->handleRequest(NULL, Object(Config\Cache), false)
#15 C:\xampp\htdocs\ITE311-MALILAY\system\Boot.php(363): CodeIgniter\CodeIgniter->run()
#16 C:\xampp\htdocs\ITE311-MALILAY\system\Boot.php(68): CodeIgniter\Boot::runCodeIgniter(Object(CodeIgniter\CodeIgniter))
#17 C:\xampp\htdocs\ITE311-MALILAY\index.php(88): CodeIgniter\Boot::bootWeb(Object(Config\Paths))
#18 {main}
ERROR - 2025-12-11 00:48:47 --> Error in getTeachersByCourse: Unknown column 'course_teachers.deleted_at' in 'where clause'
ERROR - 2025-12-11 00:48:47 --> mysqli_sql_exception: Unknown column 'course_teachers.deleted_at' in 'where clause' in C:\xampp\htdocs\ITE311-MALILAY\system\Database\MySQLi\Connection.php:327
Stack trace:
#0 C:\xampp\htdocs\ITE311-MALILAY\system\Database\MySQLi\Connection.php(327): mysqli->query('SELECT `course_...', 0)
#1 C:\xampp\htdocs\ITE311-MALILAY\system\Database\BaseConnection.php(729): CodeIgniter\Database\MySQLi\Connection->execute('SELECT `course_...')
#2 C:\xampp\htdocs\ITE311-MALILAY\system\Database\BaseConnection.php(646): CodeIgniter\Database\BaseConnection->simpleQuery('SELECT `course_...')
#3 C:\xampp\htdocs\ITE311-MALILAY\system\Database\BaseBuilder.php(1649): CodeIgniter\Database\BaseConnection->query('SELECT `course_...', Array, false)
#4 C:\xampp\htdocs\ITE311-MALILAY\system\Model.php(286): CodeIgniter\Database\BaseBuilder->get()
#5 C:\xampp\htdocs\ITE311-MALILAY\system\BaseModel.php(677): CodeIgniter\Model->doFindAll(0, 0)
#6 C:\xampp\htdocs\ITE311-MALILAY\app\Models\CourseTeacherModel.php(62): CodeIgniter\BaseModel->findAll()
#7 C:\xampp\htdocs\ITE311-MALILAY\app\Views\auth\dashboard.php(730): App\Models\CourseTeacherModel->getTeachersByCourse('9')
#8 C:\xampp\htdocs\ITE311-MALILAY\system\View\View.php(226): include('C:\\xampp\\htdocs...')
#9 C:\xampp\htdocs\ITE311-MALILAY\system\View\View.php(229): CodeIgniter\View\View->CodeIgniter\View\{closure}()
#10 C:\xampp\htdocs\ITE311-MALILAY\system\Common.php(1167): CodeIgniter\View\View->render('auth/dashboard', Array, true)
#11 C:\xampp\htdocs\ITE311-MALILAY\app\Controllers\Auth.php(647): view('auth/dashboard', Array)
#12 C:\xampp\htdocs\ITE311-MALILAY\system\CodeIgniter.php(933): App\Controllers\Auth->dashboard()
#13 C:\xampp\htdocs\ITE311-MALILAY\system\CodeIgniter.php(507): CodeIgniter\CodeIgniter->runController(Object(App\Controllers\Auth))
#14 C:\xampp\htdocs\ITE311-MALILAY\system\CodeIgniter.php(354): CodeIgniter\CodeIgniter->handleRequest(NULL, Object(Config\Cache), false)
#15 C:\xampp\htdocs\ITE311-MALILAY\system\Boot.php(363): CodeIgniter\CodeIgniter->run()
#16 C:\xampp\htdocs\ITE311-MALILAY\system\Boot.php(68): CodeIgniter\Boot::runCodeIgniter(Object(CodeIgniter\CodeIgniter))
#17 C:\xampp\htdocs\ITE311-MALILAY\index.php(88): CodeIgniter\Boot::bootWeb(Object(Config\Paths))
#18 {main}
ERROR - 2025-12-11 00:48:47 --> Error in getTeachersByCourse: Unknown column 'course_teachers.deleted_at' in 'where clause'
ERROR - 2025-12-11 00:48:47 --> mysqli_sql_exception: Unknown column 'course_teachers.deleted_at' in 'where clause' in C:\xampp\htdocs\ITE311-MALILAY\system\Database\MySQLi\Connection.php:327
Stack trace:
#0 C:\xampp\htdocs\ITE311-MALILAY\system\Database\MySQLi\Connection.php(327): mysqli->query('SELECT `course_...', 0)
#1 C:\xampp\htdocs\ITE311-MALILAY\system\Database\BaseConnection.php(729): CodeIgniter\Database\MySQLi\Connection->execute('SELECT `course_...')
#2 C:\xampp\htdocs\ITE311-MALILAY\system\Database\BaseConnection.php(646): CodeIgniter\Database\BaseConnection->simpleQuery('SELECT `course_...')
#3 C:\xampp\htdocs\ITE311-MALILAY\system\Database\BaseBuilder.php(1649): CodeIgniter\Database\BaseConnection->query('SELECT `course_...', Array, false)
#4 C:\xampp\htdocs\ITE311-MALILAY\system\Model.php(286): CodeIgniter\Database\BaseBuilder->get()
#5 C:\xampp\htdocs\ITE311-MALILAY\system\BaseModel.php(677): CodeIgniter\Model->doFindAll(0, 0)
#6 C:\xampp\htdocs\ITE311-MALILAY\app\Models\CourseTeacherModel.php(62): CodeIgniter\BaseModel->findAll()
#7 C:\xampp\htdocs\ITE311-MALILAY\app\Views\auth\dashboard.php(730): App\Models\CourseTeacherModel->getTeachersByCourse('10')
#8 C:\xampp\htdocs\ITE311-MALILAY\system\View\View.php(226): include('C:\\xampp\\htdocs...')
#9 C:\xampp\htdocs\ITE311-MALILAY\system\View\View.php(229): CodeIgniter\View\View->CodeIgniter\View\{closure}()
#10 C:\xampp\htdocs\ITE311-MALILAY\system\Common.php(1167): CodeIgniter\View\View->render('auth/dashboard', Array, true)
#11 C:\xampp\htdocs\ITE311-MALILAY\app\Controllers\Auth.php(647): view('auth/dashboard', Array)
#12 C:\xampp\htdocs\ITE311-MALILAY\system\CodeIgniter.php(933): App\Controllers\Auth->dashboard()
#13 C:\xampp\htdocs\ITE311-MALILAY\system\CodeIgniter.php(507): CodeIgniter\CodeIgniter->runController(Object(App\Controllers\Auth))
#14 C:\xampp\htdocs\ITE311-MALILAY\system\CodeIgniter.php(354): CodeIgniter\CodeIgniter->handleRequest(NULL, Object(Config\Cache), false)
#15 C:\xampp\htdocs\ITE311-MALILAY\system\Boot.php(363): CodeIgniter\CodeIgniter->run()
#16 C:\xampp\htdocs\ITE311-MALILAY\system\Boot.php(68): CodeIgniter\Boot::runCodeIgniter(Object(CodeIgniter\CodeIgniter))
#17 C:\xampp\htdocs\ITE311-MALILAY\index.php(88): CodeIgniter\Boot::bootWeb(Object(Config\Paths))
#18 {main}
ERROR - 2025-12-11 00:48:47 --> Error in getTeachersByCourse: Unknown column 'course_teachers.deleted_at' in 'where clause'
ERROR - 2025-12-11 00:48:47 --> mysqli_sql_exception: Unknown column 'course_teachers.deleted_at' in 'where clause' in C:\xampp\htdocs\ITE311-MALILAY\system\Database\MySQLi\Connection.php:327
Stack trace:
#0 C:\xampp\htdocs\ITE311-MALILAY\system\Database\MySQLi\Connection.php(327): mysqli->query('SELECT `course_...', 0)
#1 C:\xampp\htdocs\ITE311-MALILAY\system\Database\BaseConnection.php(729): CodeIgniter\Database\MySQLi\Connection->execute('SELECT `course_...')
#2 C:\xampp\htdocs\ITE311-MALILAY\system\Database\BaseConnection.php(646): CodeIgniter\Database\BaseConnection->simpleQuery('SELECT `course_...')
#3 C:\xampp\htdocs\ITE311-MALILAY\system\Database\BaseBuilder.php(1649): CodeIgniter\Database\BaseConnection->query('SELECT `course_...', Array, false)
#4 C:\xampp\htdocs\ITE311-MALILAY\system\Model.php(286): CodeIgniter\Database\BaseBuilder->get()
#5 C:\xampp\htdocs\ITE311-MALILAY\system\BaseModel.php(677): CodeIgniter\Model->doFindAll(0, 0)
#6 C:\xampp\htdocs\ITE311-MALILAY\app\Models\CourseTeacherModel.php(62): CodeIgniter\BaseModel->findAll()
#7 C:\xampp\htdocs\ITE311-MALILAY\app\Views\auth\dashboard.php(730): App\Models\CourseTeacherModel->getTeachersByCourse('11')
#8 C:\xampp\htdocs\ITE311-MALILAY\system\View\View.php(226): include('C:\\xampp\\htdocs...')
#9 C:\xampp\htdocs\ITE311-MALILAY\system\View\View.php(229): CodeIgniter\View\View->CodeIgniter\View\{closure}()
#10 C:\xampp\htdocs\ITE311-MALILAY\system\Common.php(1167): CodeIgniter\View\View->render('auth/dashboard', Array, true)
#11 C:\xampp\htdocs\ITE311-MALILAY\app\Controllers\Auth.php(647): view('auth/dashboard', Array)
#12 C:\xampp\htdocs\ITE311-MALILAY\system\CodeIgniter.php(933): App\Controllers\Auth->dashboard()
#13 C:\xampp\htdocs\ITE311-MALILAY\system\CodeIgniter.php(507): CodeIgniter\CodeIgniter->runController(Object(App\Controllers\Auth))
#14 C:\xampp\htdocs\ITE311-MALILAY\system\CodeIgniter.php(354): CodeIgniter\CodeIgniter->handleRequest(NULL, Object(Config\Cache), false)
#15 C:\xampp\htdocs\ITE311-MALILAY\system\Boot.php(363): CodeIgniter\CodeIgniter->run()
#16 C:\xampp\htdocs\ITE311-MALILAY\system\Boot.php(68): CodeIgniter\Boot::runCodeIgniter(Object(CodeIgniter\CodeIgniter))
#17 C:\xampp\htdocs\ITE311-MALILAY\index.php(88): CodeIgniter\Boot::bootWeb(Object(Config\Paths))
#18 {main}
ERROR - 2025-12-11 00:48:47 --> Error in getTeachersByCourse: Unknown column 'course_teachers.deleted_at' in 'where clause'
ERROR - 2025-12-11 00:50:18 --> mysqli_sql_exception: Unknown column 'course_teachers.deleted_at' in 'where clause' in C:\xampp\htdocs\ITE311-MALILAY\system\Database\MySQLi\Connection.php:327
Stack trace:
#0 C:\xampp\htdocs\ITE311-MALILAY\system\Database\MySQLi\Connection.php(327): mysqli->query('SELECT `course_...', 0)
#1 C:\xampp\htdocs\ITE311-MALILAY\system\Database\BaseConnection.php(729): CodeIgniter\Database\MySQLi\Connection->execute('SELECT `course_...')
#2 C:\xampp\htdocs\ITE311-MALILAY\system\Database\BaseConnection.php(646): CodeIgniter\Database\BaseConnection->simpleQuery('SELECT `course_...')
#3 C:\xampp\htdocs\ITE311-MALILAY\system\Database\BaseBuilder.php(1649): CodeIgniter\Database\BaseConnection->query('SELECT `course_...', Array, false)
#4 C:\xampp\htdocs\ITE311-MALILAY\system\Model.php(286): CodeIgniter\Database\BaseBuilder->get()
#5 C:\xampp\htdocs\ITE311-MALILAY\system\BaseModel.php(677): CodeIgniter\Model->doFindAll(0, 0)
#6 C:\xampp\htdocs\ITE311-MALILAY\app\Models\CourseTeacherModel.php(62): CodeIgniter\BaseModel->findAll()
#7 C:\xampp\htdocs\ITE311-MALILAY\app\Views\auth\dashboard.php(730): App\Models\CourseTeacherModel->getTeachersByCourse('8')
#8 C:\xampp\htdocs\ITE311-MALILAY\system\View\View.php(226): include('C:\\xampp\\htdocs...')
#9 C:\xampp\htdocs\ITE311-MALILAY\system\View\View.php(229): CodeIgniter\View\View->CodeIgniter\View\{closure}()
#10 C:\xampp\htdocs\ITE311-MALILAY\system\Common.php(1167): CodeIgniter\View\View->render('auth/dashboard', Array, true)
#11 C:\xampp\htdocs\ITE311-MALILAY\app\Controllers\Auth.php(647): view('auth/dashboard', Array)
#12 C:\xampp\htdocs\ITE311-MALILAY\system\CodeIgniter.php(933): App\Controllers\Auth->dashboard()
#13 C:\xampp\htdocs\ITE311-MALILAY\system\CodeIgniter.php(507): CodeIgniter\CodeIgniter->runController(Object(App\Controllers\Auth))
#14 C:\xampp\htdocs\ITE311-MALILAY\system\CodeIgniter.php(354): CodeIgniter\CodeIgniter->handleRequest(NULL, Object(Config\Cache), false)
#15 C:\xampp\htdocs\ITE311-MALILAY\system\Boot.php(363): CodeIgniter\CodeIgniter->run()
#16 C:\xampp\htdocs\ITE311-MALILAY\system\Boot.php(68): CodeIgniter\Boot::runCodeIgniter(Object(CodeIgniter\CodeIgniter))
#17 C:\xampp\htdocs\ITE311-MALILAY\index.php(88): CodeIgniter\Boot::bootWeb(Object(Config\Paths))
#18 {main}
ERROR - 2025-12-11 00:50:18 --> Error in getTeachersByCourse: Unknown column 'course_teachers.deleted_at' in 'where clause'
ERROR - 2025-12-11 00:50:18 --> mysqli_sql_exception: Unknown column 'course_teachers.deleted_at' in 'where clause' in C:\xampp\htdocs\ITE311-MALILAY\system\Database\MySQLi\Connection.php:327
Stack trace:
#0 C:\xampp\htdocs\ITE311-MALILAY\system\Database\MySQLi\Connection.php(327): mysqli->query('SELECT `course_...', 0)
#1 C:\xampp\htdocs\ITE311-MALILAY\system\Database\BaseConnection.php(729): CodeIgniter\Database\MySQLi\Connection->execute('SELECT `course_...')
#2 C:\xampp\htdocs\ITE311-MALILAY\system\Database\BaseConnection.php(646): CodeIgniter\Database\BaseConnection->simpleQuery('SELECT `course_...')
#3 C:\xampp\htdocs\ITE311-MALILAY\system\Database\BaseBuilder.php(1649): CodeIgniter\Database\BaseConnection->query('SELECT `course_...', Array, false)
#4 C:\xampp\htdocs\ITE311-MALILAY\system\Model.php(286): CodeIgniter\Database\BaseBuilder->get()
#5 C:\xampp\htdocs\ITE311-MALILAY\system\BaseModel.php(677): CodeIgniter\Model->doFindAll(0, 0)
#6 C:\xampp\htdocs\ITE311-MALILAY\app\Models\CourseTeacherModel.php(62): CodeIgniter\BaseModel->findAll()
#7 C:\xampp\htdocs\ITE311-MALILAY\app\Views\auth\dashboard.php(730): App\Models\CourseTeacherModel->getTeachersByCourse('9')
#8 C:\xampp\htdocs\ITE311-MALILAY\system\View\View.php(226): include('C:\\xampp\\htdocs...')
#9 C:\xampp\htdocs\ITE311-MALILAY\system\View\View.php(229): CodeIgniter\View\View->CodeIgniter\View\{closure}()
#10 C:\xampp\htdocs\ITE311-MALILAY\system\Common.php(1167): CodeIgniter\View\View->render('auth/dashboard', Array, true)
#11 C:\xampp\htdocs\ITE311-MALILAY\app\Controllers\Auth.php(647): view('auth/dashboard', Array)
#12 C:\xampp\htdocs\ITE311-MALILAY\system\CodeIgniter.php(933): App\Controllers\Auth->dashboard()
#13 C:\xampp\htdocs\ITE311-MALILAY\system\CodeIgniter.php(507): CodeIgniter\CodeIgniter->runController(Object(App\Controllers\Auth))
#14 C:\xampp\htdocs\ITE311-MALILAY\system\CodeIgniter.php(354): CodeIgniter\CodeIgniter->handleRequest(NULL, Object(Config\Cache), false)
#15 C:\xampp\htdocs\ITE311-MALILAY\system\Boot.php(363): CodeIgniter\CodeIgniter->run()
#16 C:\xampp\htdocs\ITE311-MALILAY\system\Boot.php(68): CodeIgniter\Boot::runCodeIgniter(Object(CodeIgniter\CodeIgniter))
#17 C:\xampp\htdocs\ITE311-MALILAY\index.php(88): CodeIgniter\Boot::bootWeb(Object(Config\Paths))
#18 {main}
ERROR - 2025-12-11 00:50:18 --> Error in getTeachersByCourse: Unknown column 'course_teachers.deleted_at' in 'where clause'
ERROR - 2025-12-11 00:50:18 --> mysqli_sql_exception: Unknown column 'course_teachers.deleted_at' in 'where clause' in C:\xampp\htdocs\ITE311-MALILAY\system\Database\MySQLi\Connection.php:327
Stack trace:
#0 C:\xampp\htdocs\ITE311-MALILAY\system\Database\MySQLi\Connection.php(327): mysqli->query('SELECT `course_...', 0)
#1 C:\xampp\htdocs\ITE311-MALILAY\system\Database\BaseConnection.php(729): CodeIgniter\Database\MySQLi\Connection->execute('SELECT `course_...')
#2 C:\xampp\htdocs\ITE311-MALILAY\system\Database\BaseConnection.php(646): CodeIgniter\Database\BaseConnection->simpleQuery('SELECT `course_...')
#3 C:\xampp\htdocs\ITE311-MALILAY\system\Database\BaseBuilder.php(1649): CodeIgniter\Database\BaseConnection->query('SELECT `course_...', Array, false)
#4 C:\xampp\htdocs\ITE311-MALILAY\system\Model.php(286): CodeIgniter\Database\BaseBuilder->get()
#5 C:\xampp\htdocs\ITE311-MALILAY\system\BaseModel.php(677): CodeIgniter\Model->doFindAll(0, 0)
#6 C:\xampp\htdocs\ITE311-MALILAY\app\Models\CourseTeacherModel.php(62): CodeIgniter\BaseModel->findAll()
#7 C:\xampp\htdocs\ITE311-MALILAY\app\Views\auth\dashboard.php(730): App\Models\CourseTeacherModel->getTeachersByCourse('10')
#8 C:\xampp\htdocs\ITE311-MALILAY\system\View\View.php(226): include('C:\\xampp\\htdocs...')
#9 C:\xampp\htdocs\ITE311-MALILAY\system\View\View.php(229): CodeIgniter\View\View->CodeIgniter\View\{closure}()
#10 C:\xampp\htdocs\ITE311-MALILAY\system\Common.php(1167): CodeIgniter\View\View->render('auth/dashboard', Array, true)
#11 C:\xampp\htdocs\ITE311-MALILAY\app\Controllers\Auth.php(647): view('auth/dashboard', Array)
#12 C:\xampp\htdocs\ITE311-MALILAY\system\CodeIgniter.php(933): App\Controllers\Auth->dashboard()
#13 C:\xampp\htdocs\ITE311-MALILAY\system\CodeIgniter.php(507): CodeIgniter\CodeIgniter->runController(Object(App\Controllers\Auth))
#14 C:\xampp\htdocs\ITE311-MALILAY\system\CodeIgniter.php(354): CodeIgniter\CodeIgniter->handleRequest(NULL, Object(Config\Cache), false)
#15 C:\xampp\htdocs\ITE311-MALILAY\system\Boot.php(363): CodeIgniter\CodeIgniter->run()
#16 C:\xampp\htdocs\ITE311-MALILAY\system\Boot.php(68): CodeIgniter\Boot::runCodeIgniter(Object(CodeIgniter\CodeIgniter))
#17 C:\xampp\htdocs\ITE311-MALILAY\index.php(88): CodeIgniter\Boot::bootWeb(Object(Config\Paths))
#18 {main}
ERROR - 2025-12-11 00:50:18 --> Error in getTeachersByCourse: Unknown column 'course_teachers.deleted_at' in 'where clause'
ERROR - 2025-12-11 00:50:18 --> mysqli_sql_exception: Unknown column 'course_teachers.deleted_at' in 'where clause' in C:\xampp\htdocs\ITE311-MALILAY\system\Database\MySQLi\Connection.php:327
Stack trace:
#0 C:\xampp\htdocs\ITE311-MALILAY\system\Database\MySQLi\Connection.php(327): mysqli->query('SELECT `course_...', 0)
#1 C:\xampp\htdocs\ITE311-MALILAY\system\Database\BaseConnection.php(729): CodeIgniter\Database\MySQLi\Connection->execute('SELECT `course_...')
#2 C:\xampp\htdocs\ITE311-MALILAY\system\Database\BaseConnection.php(646): CodeIgniter\Database\BaseConnection->simpleQuery('SELECT `course_...')
#3 C:\xampp\htdocs\ITE311-MALILAY\system\Database\BaseBuilder.php(1649): CodeIgniter\Database\BaseConnection->query('SELECT `course_...', Array, false)
#4 C:\xampp\htdocs\ITE311-MALILAY\system\Model.php(286): CodeIgniter\Database\BaseBuilder->get()
#5 C:\xampp\htdocs\ITE311-MALILAY\system\BaseModel.php(677): CodeIgniter\Model->doFindAll(0, 0)
#6 C:\xampp\htdocs\ITE311-MALILAY\app\Models\CourseTeacherModel.php(62): CodeIgniter\BaseModel->findAll()
#7 C:\xampp\htdocs\ITE311-MALILAY\app\Views\auth\dashboard.php(730): App\Models\CourseTeacherModel->getTeachersByCourse('11')
#8 C:\xampp\htdocs\ITE311-MALILAY\system\View\View.php(226): include('C:\\xampp\\htdocs...')
#9 C:\xampp\htdocs\ITE311-MALILAY\system\View\View.php(229): CodeIgniter\View\View->CodeIgniter\View\{closure}()
#10 C:\xampp\htdocs\ITE311-MALILAY\system\Common.php(1167): CodeIgniter\View\View->render('auth/dashboard', Array, true)
#11 C:\xampp\htdocs\ITE311-MALILAY\app\Controllers\Auth.php(647): view('auth/dashboard', Array)
#12 C:\xampp\htdocs\ITE311-MALILAY\system\CodeIgniter.php(933): App\Controllers\Auth->dashboard()
#13 C:\xampp\htdocs\ITE311-MALILAY\system\CodeIgniter.php(507): CodeIgniter\CodeIgniter->runController(Object(App\Controllers\Auth))
#14 C:\xampp\htdocs\ITE311-MALILAY\system\CodeIgniter.php(354): CodeIgniter\CodeIgniter->handleRequest(NULL, Object(Config\Cache), false)
#15 C:\xampp\htdocs\ITE311-MALILAY\system\Boot.php(363): CodeIgniter\CodeIgniter->run()
#16 C:\xampp\htdocs\ITE311-MALILAY\system\Boot.php(68): CodeIgniter\Boot::runCodeIgniter(Object(CodeIgniter\CodeIgniter))
#17 C:\xampp\htdocs\ITE311-MALILAY\index.php(88): CodeIgniter\Boot::bootWeb(Object(Config\Paths))
#18 {main}
ERROR - 2025-12-11 00:50:18 --> Error in getTeachersByCourse: Unknown column 'course_teachers.deleted_at' in 'where clause'
ERROR - 2025-12-11 00:50:21 --> mysqli_sql_exception: Unknown column 'course_teachers.deleted_at' in 'where clause' in C:\xampp\htdocs\ITE311-MALILAY\system\Database\MySQLi\Connection.php:327
Stack trace:
#0 C:\xampp\htdocs\ITE311-MALILAY\system\Database\MySQLi\Connection.php(327): mysqli->query('SELECT `course_...', 0)
#1 C:\xampp\htdocs\ITE311-MALILAY\system\Database\BaseConnection.php(729): CodeIgniter\Database\MySQLi\Connection->execute('SELECT `course_...')
#2 C:\xampp\htdocs\ITE311-MALILAY\system\Database\BaseConnection.php(646): CodeIgniter\Database\BaseConnection->simpleQuery('SELECT `course_...')
#3 C:\xampp\htdocs\ITE311-MALILAY\system\Database\BaseBuilder.php(1649): CodeIgniter\Database\BaseConnection->query('SELECT `course_...', Array, false)
#4 C:\xampp\htdocs\ITE311-MALILAY\system\Model.php(286): CodeIgniter\Database\BaseBuilder->get()
#5 C:\xampp\htdocs\ITE311-MALILAY\system\BaseModel.php(677): CodeIgniter\Model->doFindAll(0, 0)
#6 C:\xampp\htdocs\ITE311-MALILAY\app\Models\CourseTeacherModel.php(62): CodeIgniter\BaseModel->findAll()
#7 C:\xampp\htdocs\ITE311-MALILAY\app\Views\auth\dashboard.php(730): App\Models\CourseTeacherModel->getTeachersByCourse('8')
#8 C:\xampp\htdocs\ITE311-MALILAY\system\View\View.php(226): include('C:\\xampp\\htdocs...')
#9 C:\xampp\htdocs\ITE311-MALILAY\system\View\View.php(229): CodeIgniter\View\View->CodeIgniter\View\{closure}()
#10 C:\xampp\htdocs\ITE311-MALILAY\system\Common.php(1167): CodeIgniter\View\View->render('auth/dashboard', Array, true)
#11 C:\xampp\htdocs\ITE311-MALILAY\app\Controllers\Auth.php(647): view('auth/dashboard', Array)
#12 C:\xampp\htdocs\ITE311-MALILAY\system\CodeIgniter.php(933): App\Controllers\Auth->dashboard()
#13 C:\xampp\htdocs\ITE311-MALILAY\system\CodeIgniter.php(507): CodeIgniter\CodeIgniter->runController(Object(App\Controllers\Auth))
#14 C:\xampp\htdocs\ITE311-MALILAY\system\CodeIgniter.php(354): CodeIgniter\CodeIgniter->handleRequest(NULL, Object(Config\Cache), false)
#15 C:\xampp\htdocs\ITE311-MALILAY\system\Boot.php(363): CodeIgniter\CodeIgniter->run()
#16 C:\xampp\htdocs\ITE311-MALILAY\system\Boot.php(68): CodeIgniter\Boot::runCodeIgniter(Object(CodeIgniter\CodeIgniter))
#17 C:\xampp\htdocs\ITE311-MALILAY\index.php(88): CodeIgniter\Boot::bootWeb(Object(Config\Paths))
#18 {main}
ERROR - 2025-12-11 00:50:21 --> Error in getTeachersByCourse: Unknown column 'course_teachers.deleted_at' in 'where clause'
ERROR - 2025-12-11 00:50:21 --> mysqli_sql_exception: Unknown column 'course_teachers.deleted_at' in 'where clause' in C:\xampp\htdocs\ITE311-MALILAY\system\Database\MySQLi\Connection.php:327
Stack trace:
#0 C:\xampp\htdocs\ITE311-MALILAY\system\Database\MySQLi\Connection.php(327): mysqli->query('SELECT `course_...', 0)
#1 C:\xampp\htdocs\ITE311-MALILAY\system\Database\BaseConnection.php(729): CodeIgniter\Database\MySQLi\Connection->execute('SELECT `course_...')
#2 C:\xampp\htdocs\ITE311-MALILAY\system\Database\BaseConnection.php(646): CodeIgniter\Database\BaseConnection->simpleQuery('SELECT `course_...')
#3 C:\xampp\htdocs\ITE311-MALILAY\system\Database\BaseBuilder.php(1649): CodeIgniter\Database\BaseConnection->query('SELECT `course_...', Array, false)
#4 C:\xampp\htdocs\ITE311-MALILAY\system\Model.php(286): CodeIgniter\Database\BaseBuilder->get()
#5 C:\xampp\htdocs\ITE311-MALILAY\system\BaseModel.php(677): CodeIgniter\Model->doFindAll(0, 0)
#6 C:\xampp\htdocs\ITE311-MALILAY\app\Models\CourseTeacherModel.php(62): CodeIgniter\BaseModel->findAll()
#7 C:\xampp\htdocs\ITE311-MALILAY\app\Views\auth\dashboard.php(730): App\Models\CourseTeacherModel->getTeachersByCourse('9')
#8 C:\xampp\htdocs\ITE311-MALILAY\system\View\View.php(226): include('C:\\xampp\\htdocs...')
#9 C:\xampp\htdocs\ITE311-MALILAY\system\View\View.php(229): CodeIgniter\View\View->CodeIgniter\View\{closure}()
#10 C:\xampp\htdocs\ITE311-MALILAY\system\Common.php(1167): CodeIgniter\View\View->render('auth/dashboard', Array, true)
#11 C:\xampp\htdocs\ITE311-MALILAY\app\Controllers\Auth.php(647): view('auth/dashboard', Array)
#12 C:\xampp\htdocs\ITE311-MALILAY\system\CodeIgniter.php(933): App\Controllers\Auth->dashboard()
#13 C:\xampp\htdocs\ITE311-MALILAY\system\CodeIgniter.php(507): CodeIgniter\CodeIgniter->runController(Object(App\Controllers\Auth))
#14 C:\xampp\htdocs\ITE311-MALILAY\system\CodeIgniter.php(354): CodeIgniter\CodeIgniter->handleRequest(NULL, Object(Config\Cache), false)
#15 C:\xampp\htdocs\ITE311-MALILAY\system\Boot.php(363): CodeIgniter\CodeIgniter->run()
#16 C:\xampp\htdocs\ITE311-MALILAY\system\Boot.php(68): CodeIgniter\Boot::runCodeIgniter(Object(CodeIgniter\CodeIgniter))
#17 C:\xampp\htdocs\ITE311-MALILAY\index.php(88): CodeIgniter\Boot::bootWeb(Object(Config\Paths))
#18 {main}
ERROR - 2025-12-11 00:50:21 --> Error in getTeachersByCourse: Unknown column 'course_teachers.deleted_at' in 'where clause'
ERROR - 2025-12-11 00:50:21 --> mysqli_sql_exception: Unknown column 'course_teachers.deleted_at' in 'where clause' in C:\xampp\htdocs\ITE311-MALILAY\system\Database\MySQLi\Connection.php:327
Stack trace:
#0 C:\xampp\htdocs\ITE311-MALILAY\system\Database\MySQLi\Connection.php(327): mysqli->query('SELECT `course_...', 0)
#1 C:\xampp\htdocs\ITE311-MALILAY\system\Database\BaseConnection.php(729): CodeIgniter\Database\MySQLi\Connection->execute('SELECT `course_...')
#2 C:\xampp\htdocs\ITE311-MALILAY\system\Database\BaseConnection.php(646): CodeIgniter\Database\BaseConnection->simpleQuery('SELECT `course_...')
#3 C:\xampp\htdocs\ITE311-MALILAY\system\Database\BaseBuilder.php(1649): CodeIgniter\Database\BaseConnection->query('SELECT `course_...', Array, false)
#4 C:\xampp\htdocs\ITE311-MALILAY\system\Model.php(286): CodeIgniter\Database\BaseBuilder->get()
#5 C:\xampp\htdocs\ITE311-MALILAY\system\BaseModel.php(677): CodeIgniter\Model->doFindAll(0, 0)
#6 C:\xampp\htdocs\ITE311-MALILAY\app\Models\CourseTeacherModel.php(62): CodeIgniter\BaseModel->findAll()
#7 C:\xampp\htdocs\ITE311-MALILAY\app\Views\auth\dashboard.php(730): App\Models\CourseTeacherModel->getTeachersByCourse('10')
#8 C:\xampp\htdocs\ITE311-MALILAY\system\View\View.php(226): include('C:\\xampp\\htdocs...')
#9 C:\xampp\htdocs\ITE311-MALILAY\system\View\View.php(229): CodeIgniter\View\View->CodeIgniter\View\{closure}()
#10 C:\xampp\htdocs\ITE311-MALILAY\system\Common.php(1167): CodeIgniter\View\View->render('auth/dashboard', Array, true)
#11 C:\xampp\htdocs\ITE311-MALILAY\app\Controllers\Auth.php(647): view('auth/dashboard', Array)
#12 C:\xampp\htdocs\ITE311-MALILAY\system\CodeIgniter.php(933): App\Controllers\Auth->dashboard()
#13 C:\xampp\htdocs\ITE311-MALILAY\system\CodeIgniter.php(507): CodeIgniter\CodeIgniter->runController(Object(App\Controllers\Auth))
#14 C:\xampp\htdocs\ITE311-MALILAY\system\CodeIgniter.php(354): CodeIgniter\CodeIgniter->handleRequest(NULL, Object(Config\Cache), false)
#15 C:\xampp\htdocs\ITE311-MALILAY\system\Boot.php(363): CodeIgniter\CodeIgniter->run()
#16 C:\xampp\htdocs\ITE311-MALILAY\system\Boot.php(68): CodeIgniter\Boot::runCodeIgniter(Object(CodeIgniter\CodeIgniter))
#17 C:\xampp\htdocs\ITE311-MALILAY\index.php(88): CodeIgniter\Boot::bootWeb(Object(Config\Paths))
#18 {main}
ERROR - 2025-12-11 00:50:21 --> Error in getTeachersByCourse: Unknown column 'course_teachers.deleted_at' in 'where clause'
ERROR - 2025-12-11 00:50:21 --> mysqli_sql_exception: Unknown column 'course_teachers.deleted_at' in 'where clause' in C:\xampp\htdocs\ITE311-MALILAY\system\Database\MySQLi\Connection.php:327
Stack trace:
#0 C:\xampp\htdocs\ITE311-MALILAY\system\Database\MySQLi\Connection.php(327): mysqli->query('SELECT `course_...', 0)
#1 C:\xampp\htdocs\ITE311-MALILAY\system\Database\BaseConnection.php(729): CodeIgniter\Database\MySQLi\Connection->execute('SELECT `course_...')
#2 C:\xampp\htdocs\ITE311-MALILAY\system\Database\BaseConnection.php(646): CodeIgniter\Database\BaseConnection->simpleQuery('SELECT `course_...')
#3 C:\xampp\htdocs\ITE311-MALILAY\system\Database\BaseBuilder.php(1649): CodeIgniter\Database\BaseConnection->query('SELECT `course_...', Array, false)
#4 C:\xampp\htdocs\ITE311-MALILAY\system\Model.php(286): CodeIgniter\Database\BaseBuilder->get()
#5 C:\xampp\htdocs\ITE311-MALILAY\system\BaseModel.php(677): CodeIgniter\Model->doFindAll(0, 0)
#6 C:\xampp\htdocs\ITE311-MALILAY\app\Models\CourseTeacherModel.php(62): CodeIgniter\BaseModel->findAll()
#7 C:\xampp\htdocs\ITE311-MALILAY\app\Views\auth\dashboard.php(730): App\Models\CourseTeacherModel->getTeachersByCourse('11')
#8 C:\xampp\htdocs\ITE311-MALILAY\system\View\View.php(226): include('C:\\xampp\\htdocs...')
#9 C:\xampp\htdocs\ITE311-MALILAY\system\View\View.php(229): CodeIgniter\View\View->CodeIgniter\View\{closure}()
#10 C:\xampp\htdocs\ITE311-MALILAY\system\Common.php(1167): CodeIgniter\View\View->render('auth/dashboard', Array, true)
#11 C:\xampp\htdocs\ITE311-MALILAY\app\Controllers\Auth.php(647): view('auth/dashboard', Array)
#12 C:\xampp\htdocs\ITE311-MALILAY\system\CodeIgniter.php(933): App\Controllers\Auth->dashboard()
#13 C:\xampp\htdocs\ITE311-MALILAY\system\CodeIgniter.php(507): CodeIgniter\CodeIgniter->runController(Object(App\Controllers\Auth))
#14 C:\xampp\htdocs\ITE311-MALILAY\system\CodeIgniter.php(354): CodeIgniter\CodeIgniter->handleRequest(NULL, Object(Config\Cache), false)
#15 C:\xampp\htdocs\ITE311-MALILAY\system\Boot.php(363): CodeIgniter\CodeIgniter->run()
#16 C:\xampp\htdocs\ITE311-MALILAY\system\Boot.php(68): CodeIgniter\Boot::runCodeIgniter(Object(CodeIgniter\CodeIgniter))
#17 C:\xampp\htdocs\ITE311-MALILAY\index.php(88): CodeIgniter\Boot::bootWeb(Object(Config\Paths))
#18 {main}
ERROR - 2025-12-11 00:50:21 --> Error in getTeachersByCourse: Unknown column 'course_teachers.deleted_at' in 'where clause'
ERROR - 2025-12-11 00:50:42 --> mysqli_sql_exception: Unknown column 'course_teachers.deleted_at' in 'where clause' in C:\xampp\htdocs\ITE311-MALILAY\system\Database\MySQLi\Connection.php:327
Stack trace:
#0 C:\xampp\htdocs\ITE311-MALILAY\system\Database\MySQLi\Connection.php(327): mysqli->query('SELECT `course_...', 0)
#1 C:\xampp\htdocs\ITE311-MALILAY\system\Database\BaseConnection.php(729): CodeIgniter\Database\MySQLi\Connection->execute('SELECT `course_...')
#2 C:\xampp\htdocs\ITE311-MALILAY\system\Database\BaseConnection.php(646): CodeIgniter\Database\BaseConnection->simpleQuery('SELECT `course_...')
#3 C:\xampp\htdocs\ITE311-MALILAY\system\Database\BaseBuilder.php(1649): CodeIgniter\Database\BaseConnection->query('SELECT `course_...', Array, false)
#4 C:\xampp\htdocs\ITE311-MALILAY\system\Model.php(286): CodeIgniter\Database\BaseBuilder->get()
#5 C:\xampp\htdocs\ITE311-MALILAY\system\BaseModel.php(677): CodeIgniter\Model->doFindAll(0, 0)
#6 C:\xampp\htdocs\ITE311-MALILAY\app\Models\CourseTeacherModel.php(62): CodeIgniter\BaseModel->findAll()
#7 C:\xampp\htdocs\ITE311-MALILAY\app\Views\auth\dashboard.php(730): App\Models\CourseTeacherModel->getTeachersByCourse('8')
#8 C:\xampp\htdocs\ITE311-MALILAY\system\View\View.php(226): include('C:\\xampp\\htdocs...')
#9 C:\xampp\htdocs\ITE311-MALILAY\system\View\View.php(229): CodeIgniter\View\View->CodeIgniter\View\{closure}()
#10 C:\xampp\htdocs\ITE311-MALILAY\system\Common.php(1167): CodeIgniter\View\View->render('auth/dashboard', Array, true)
#11 C:\xampp\htdocs\ITE311-MALILAY\app\Controllers\Auth.php(647): view('auth/dashboard', Array)
#12 C:\xampp\htdocs\ITE311-MALILAY\system\CodeIgniter.php(933): App\Controllers\Auth->dashboard()
#13 C:\xampp\htdocs\ITE311-MALILAY\system\CodeIgniter.php(507): CodeIgniter\CodeIgniter->runController(Object(App\Controllers\Auth))
#14 C:\xampp\htdocs\ITE311-MALILAY\system\CodeIgniter.php(354): CodeIgniter\CodeIgniter->handleRequest(NULL, Object(Config\Cache), false)
#15 C:\xampp\htdocs\ITE311-MALILAY\system\Boot.php(363): CodeIgniter\CodeIgniter->run()
#16 C:\xampp\htdocs\ITE311-MALILAY\system\Boot.php(68): CodeIgniter\Boot::runCodeIgniter(Object(CodeIgniter\CodeIgniter))
#17 C:\xampp\htdocs\ITE311-MALILAY\index.php(88): CodeIgniter\Boot::bootWeb(Object(Config\Paths))
#18 {main}
ERROR - 2025-12-11 00:50:42 --> Error in getTeachersByCourse: Unknown column 'course_teachers.deleted_at' in 'where clause'
ERROR - 2025-12-11 00:50:42 --> mysqli_sql_exception: Unknown column 'course_teachers.deleted_at' in 'where clause' in C:\xampp\htdocs\ITE311-MALILAY\system\Database\MySQLi\Connection.php:327
Stack trace:
#0 C:\xampp\htdocs\ITE311-MALILAY\system\Database\MySQLi\Connection.php(327): mysqli->query('SELECT `course_...', 0)
#1 C:\xampp\htdocs\ITE311-MALILAY\system\Database\BaseConnection.php(729): CodeIgniter\Database\MySQLi\Connection->execute('SELECT `course_...')
#2 C:\xampp\htdocs\ITE311-MALILAY\system\Database\BaseConnection.php(646): CodeIgniter\Database\BaseConnection->simpleQuery('SELECT `course_...')
#3 C:\xampp\htdocs\ITE311-MALILAY\system\Database\BaseBuilder.php(1649): CodeIgniter\Database\BaseConnection->query('SELECT `course_...', Array, false)
#4 C:\xampp\htdocs\ITE311-MALILAY\system\Model.php(286): CodeIgniter\Database\BaseBuilder->get()
#5 C:\xampp\htdocs\ITE311-MALILAY\system\BaseModel.php(677): CodeIgniter\Model->doFindAll(0, 0)
#6 C:\xampp\htdocs\ITE311-MALILAY\app\Models\CourseTeacherModel.php(62): CodeIgniter\BaseModel->findAll()
#7 C:\xampp\htdocs\ITE311-MALILAY\app\Views\auth\dashboard.php(730): App\Models\CourseTeacherModel->getTeachersByCourse('9')
#8 C:\xampp\htdocs\ITE311-MALILAY\system\View\View.php(226): include('C:\\xampp\\htdocs...')
#9 C:\xampp\htdocs\ITE311-MALILAY\system\View\View.php(229): CodeIgniter\View\View->CodeIgniter\View\{closure}()
#10 C:\xampp\htdocs\ITE311-MALILAY\system\Common.php(1167): CodeIgniter\View\View->render('auth/dashboard', Array, true)
#11 C:\xampp\htdocs\ITE311-MALILAY\app\Controllers\Auth.php(647): view('auth/dashboard', Array)
#12 C:\xampp\htdocs\ITE311-MALILAY\system\CodeIgniter.php(933): App\Controllers\Auth->dashboard()
#13 C:\xampp\htdocs\ITE311-MALILAY\system\CodeIgniter.php(507): CodeIgniter\CodeIgniter->runController(Object(App\Controllers\Auth))
#14 C:\xampp\htdocs\ITE311-MALILAY\system\CodeIgniter.php(354): CodeIgniter\CodeIgniter->handleRequest(NULL, Object(Config\Cache), false)
#15 C:\xampp\htdocs\ITE311-MALILAY\system\Boot.php(363): CodeIgniter\CodeIgniter->run()
#16 C:\xampp\htdocs\ITE311-MALILAY\system\Boot.php(68): CodeIgniter\Boot::runCodeIgniter(Object(CodeIgniter\CodeIgniter))
#17 C:\xampp\htdocs\ITE311-MALILAY\index.php(88): CodeIgniter\Boot::bootWeb(Object(Config\Paths))
#18 {main}
ERROR - 2025-12-11 00:50:42 --> Error in getTeachersByCourse: Unknown column 'course_teachers.deleted_at' in 'where clause'
ERROR - 2025-12-11 00:50:42 --> mysqli_sql_exception: Unknown column 'course_teachers.deleted_at' in 'where clause' in C:\xampp\htdocs\ITE311-MALILAY\system\Database\MySQLi\Connection.php:327
Stack trace:
#0 C:\xampp\htdocs\ITE311-MALILAY\system\Database\MySQLi\Connection.php(327): mysqli->query('SELECT `course_...', 0)
#1 C:\xampp\htdocs\ITE311-MALILAY\system\Database\BaseConnection.php(729): CodeIgniter\Database\MySQLi\Connection->execute('SELECT `course_...')
#2 C:\xampp\htdocs\ITE311-MALILAY\system\Database\BaseConnection.php(646): CodeIgniter\Database\BaseConnection->simpleQuery('SELECT `course_...')
#3 C:\xampp\htdocs\ITE311-MALILAY\system\Database\BaseBuilder.php(1649): CodeIgniter\Database\BaseConnection->query('SELECT `course_...', Array, false)
#4 C:\xampp\htdocs\ITE311-MALILAY\system\Model.php(286): CodeIgniter\Database\BaseBuilder->get()
#5 C:\xampp\htdocs\ITE311-MALILAY\system\BaseModel.php(677): CodeIgniter\Model->doFindAll(0, 0)
#6 C:\xampp\htdocs\ITE311-MALILAY\app\Models\CourseTeacherModel.php(62): CodeIgniter\BaseModel->findAll()
#7 C:\xampp\htdocs\ITE311-MALILAY\app\Views\auth\dashboard.php(730): App\Models\CourseTeacherModel->getTeachersByCourse('10')
#8 C:\xampp\htdocs\ITE311-MALILAY\system\View\View.php(226): include('C:\\xampp\\htdocs...')
#9 C:\xampp\htdocs\ITE311-MALILAY\system\View\View.php(229): CodeIgniter\View\View->CodeIgniter\View\{closure}()
#10 C:\xampp\htdocs\ITE311-MALILAY\system\Common.php(1167): CodeIgniter\View\View->render('auth/dashboard', Array, true)
#11 C:\xampp\htdocs\ITE311-MALILAY\app\Controllers\Auth.php(647): view('auth/dashboard', Array)
#12 C:\xampp\htdocs\ITE311-MALILAY\system\CodeIgniter.php(933): App\Controllers\Auth->dashboard()
#13 C:\xampp\htdocs\ITE311-MALILAY\system\CodeIgniter.php(507): CodeIgniter\CodeIgniter->runController(Object(App\Controllers\Auth))
#14 C:\xampp\htdocs\ITE311-MALILAY\system\CodeIgniter.php(354): CodeIgniter\CodeIgniter->handleRequest(NULL, Object(Config\Cache), false)
#15 C:\xampp\htdocs\ITE311-MALILAY\system\Boot.php(363): CodeIgniter\CodeIgniter->run()
#16 C:\xampp\htdocs\ITE311-MALILAY\system\Boot.php(68): CodeIgniter\Boot::runCodeIgniter(Object(CodeIgniter\CodeIgniter))
#17 C:\xampp\htdocs\ITE311-MALILAY\index.php(88): CodeIgniter\Boot::bootWeb(Object(Config\Paths))
#18 {main}
ERROR - 2025-12-11 00:50:42 --> Error in getTeachersByCourse: Unknown column 'course_teachers.deleted_at' in 'where clause'
ERROR - 2025-12-11 00:50:42 --> mysqli_sql_exception: Unknown column 'course_teachers.deleted_at' in 'where clause' in C:\xampp\htdocs\ITE311-MALILAY\system\Database\MySQLi\Connection.php:327
Stack trace:
#0 C:\xampp\htdocs\ITE311-MALILAY\system\Database\MySQLi\Connection.php(327): mysqli->query('SELECT `course_...', 0)
#1 C:\xampp\htdocs\ITE311-MALILAY\system\Database\BaseConnection.php(729): CodeIgniter\Database\MySQLi\Connection->execute('SELECT `course_...')
#2 C:\xampp\htdocs\ITE311-MALILAY\system\Database\BaseConnection.php(646): CodeIgniter\Database\BaseConnection->simpleQuery('SELECT `course_...')
#3 C:\xampp\htdocs\ITE311-MALILAY\system\Database\BaseBuilder.php(1649): CodeIgniter\Database\BaseConnection->query('SELECT `course_...', Array, false)
#4 C:\xampp\htdocs\ITE311-MALILAY\system\Model.php(286): CodeIgniter\Database\BaseBuilder->get()
#5 C:\xampp\htdocs\ITE311-MALILAY\system\BaseModel.php(677): CodeIgniter\Model->doFindAll(0, 0)
#6 C:\xampp\htdocs\ITE311-MALILAY\app\Models\CourseTeacherModel.php(62): CodeIgniter\BaseModel->findAll()
#7 C:\xampp\htdocs\ITE311-MALILAY\app\Views\auth\dashboard.php(730): App\Models\CourseTeacherModel->getTeachersByCourse('11')
#8 C:\xampp\htdocs\ITE311-MALILAY\system\View\View.php(226): include('C:\\xampp\\htdocs...')
#9 C:\xampp\htdocs\ITE311-MALILAY\system\View\View.php(229): CodeIgniter\View\View->CodeIgniter\View\{closure}()
#10 C:\xampp\htdocs\ITE311-MALILAY\system\Common.php(1167): CodeIgniter\View\View->render('auth/dashboard', Array, true)
#11 C:\xampp\htdocs\ITE311-MALILAY\app\Controllers\Auth.php(647): view('auth/dashboard', Array)
#12 C:\xampp\htdocs\ITE311-MALILAY\system\CodeIgniter.php(933): App\Controllers\Auth->dashboard()
#13 C:\xampp\htdocs\ITE311-MALILAY\system\CodeIgniter.php(507): CodeIgniter\CodeIgniter->runController(Object(App\Controllers\Auth))
#14 C:\xampp\htdocs\ITE311-MALILAY\system\CodeIgniter.php(354): CodeIgniter\CodeIgniter->handleRequest(NULL, Object(Config\Cache), false)
#15 C:\xampp\htdocs\ITE311-MALILAY\system\Boot.php(363): CodeIgniter\CodeIgniter->run()
#16 C:\xampp\htdocs\ITE311-MALILAY\system\Boot.php(68): CodeIgniter\Boot::runCodeIgniter(Object(CodeIgniter\CodeIgniter))
#17 C:\xampp\htdocs\ITE311-MALILAY\index.php(88): CodeIgniter\Boot::bootWeb(Object(Config\Paths))
#18 {main}
ERROR - 2025-12-11 00:50:42 --> Error in getTeachersByCourse: Unknown column 'course_teachers.deleted_at' in 'where clause'
ERROR - 2025-12-11 00:51:52 --> mysqli_sql_exception: Unknown column 'course_teachers.deleted_at' in 'where clause' in C:\xampp\htdocs\ITE311-MALILAY\system\Database\MySQLi\Connection.php:327
Stack trace:
#0 C:\xampp\htdocs\ITE311-MALILAY\system\Database\MySQLi\Connection.php(327): mysqli->query('SELECT `course_...', 0)
#1 C:\xampp\htdocs\ITE311-MALILAY\system\Database\BaseConnection.php(729): CodeIgniter\Database\MySQLi\Connection->execute('SELECT `course_...')
#2 C:\xampp\htdocs\ITE311-MALILAY\system\Database\BaseConnection.php(646): CodeIgniter\Database\BaseConnection->simpleQuery('SELECT `course_...')
#3 C:\xampp\htdocs\ITE311-MALILAY\system\Database\BaseBuilder.php(1649): CodeIgniter\Database\BaseConnection->query('SELECT `course_...', Array, false)
#4 C:\xampp\htdocs\ITE311-MALILAY\system\Model.php(286): CodeIgniter\Database\BaseBuilder->get()
#5 C:\xampp\htdocs\ITE311-MALILAY\system\BaseModel.php(677): CodeIgniter\Model->doFindAll(0, 0)
#6 C:\xampp\htdocs\ITE311-MALILAY\app\Models\CourseTeacherModel.php(62): CodeIgniter\BaseModel->findAll()
#7 C:\xampp\htdocs\ITE311-MALILAY\app\Views\auth\dashboard.php(730): App\Models\CourseTeacherModel->getTeachersByCourse('8')
#8 C:\xampp\htdocs\ITE311-MALILAY\system\View\View.php(226): include('C:\\xampp\\htdocs...')
#9 C:\xampp\htdocs\ITE311-MALILAY\system\View\View.php(229): CodeIgniter\View\View->CodeIgniter\View\{closure}()
#10 C:\xampp\htdocs\ITE311-MALILAY\system\Common.php(1167): CodeIgniter\View\View->render('auth/dashboard', Array, true)
#11 C:\xampp\htdocs\ITE311-MALILAY\app\Controllers\Auth.php(647): view('auth/dashboard', Array)
#12 C:\xampp\htdocs\ITE311-MALILAY\system\CodeIgniter.php(933): App\Controllers\Auth->dashboard()
#13 C:\xampp\htdocs\ITE311-MALILAY\system\CodeIgniter.php(507): CodeIgniter\CodeIgniter->runController(Object(App\Controllers\Auth))
#14 C:\xampp\htdocs\ITE311-MALILAY\system\CodeIgniter.php(354): CodeIgniter\CodeIgniter->handleRequest(NULL, Object(Config\Cache), false)
#15 C:\xampp\htdocs\ITE311-MALILAY\system\Boot.php(363): CodeIgniter\CodeIgniter->run()
#16 C:\xampp\htdocs\ITE311-MALILAY\system\Boot.php(68): CodeIgniter\Boot::runCodeIgniter(Object(CodeIgniter\CodeIgniter))
#17 C:\xampp\htdocs\ITE311-MALILAY\index.php(88): CodeIgniter\Boot::bootWeb(Object(Config\Paths))
#18 {main}
ERROR - 2025-12-11 00:51:52 --> Error in getTeachersByCourse: Unknown column 'course_teachers.deleted_at' in 'where clause'
ERROR - 2025-12-11 00:51:52 --> mysqli_sql_exception: Unknown column 'course_teachers.deleted_at' in 'where clause' in C:\xampp\htdocs\ITE311-MALILAY\system\Database\MySQLi\Connection.php:327
Stack trace:
#0 C:\xampp\htdocs\ITE311-MALILAY\system\Database\MySQLi\Connection.php(327): mysqli->query('SELECT `course_...', 0)
#1 C:\xampp\htdocs\ITE311-MALILAY\system\Database\BaseConnection.php(729): CodeIgniter\Database\MySQLi\Connection->execute('SELECT `course_...')
#2 C:\xampp\htdocs\ITE311-MALILAY\system\Database\BaseConnection.php(646): CodeIgniter\Database\BaseConnection->simpleQuery('SELECT `course_...')
#3 C:\xampp\htdocs\ITE311-MALILAY\system\Database\BaseBuilder.php(1649): CodeIgniter\Database\BaseConnection->query('SELECT `course_...', Array, false)
#4 C:\xampp\htdocs\ITE311-MALILAY\system\Model.php(286): CodeIgniter\Database\BaseBuilder->get()
#5 C:\xampp\htdocs\ITE311-MALILAY\system\BaseModel.php(677): CodeIgniter\Model->doFindAll(0, 0)
#6 C:\xampp\htdocs\ITE311-MALILAY\app\Models\CourseTeacherModel.php(62): CodeIgniter\BaseModel->findAll()
#7 C:\xampp\htdocs\ITE311-MALILAY\app\Views\auth\dashboard.php(730): App\Models\CourseTeacherModel->getTeachersByCourse('9')
#8 C:\xampp\htdocs\ITE311-MALILAY\system\View\View.php(226): include('C:\\xampp\\htdocs...')
#9 C:\xampp\htdocs\ITE311-MALILAY\system\View\View.php(229): CodeIgniter\View\View->CodeIgniter\View\{closure}()
#10 C:\xampp\htdocs\ITE311-MALILAY\system\Common.php(1167): CodeIgniter\View\View->render('auth/dashboard', Array, true)
#11 C:\xampp\htdocs\ITE311-MALILAY\app\Controllers\Auth.php(647): view('auth/dashboard', Array)
#12 C:\xampp\htdocs\ITE311-MALILAY\system\CodeIgniter.php(933): App\Controllers\Auth->dashboard()
#13 C:\xampp\htdocs\ITE311-MALILAY\system\CodeIgniter.php(507): CodeIgniter\CodeIgniter->runController(Object(App\Controllers\Auth))
#14 C:\xampp\htdocs\ITE311-MALILAY\system\CodeIgniter.php(354): CodeIgniter\CodeIgniter->handleRequest(NULL, Object(Config\Cache), false)
#15 C:\xampp\htdocs\ITE311-MALILAY\system\Boot.php(363): CodeIgniter\CodeIgniter->run()
#16 C:\xampp\htdocs\ITE311-MALILAY\system\Boot.php(68): CodeIgniter\Boot::runCodeIgniter(Object(CodeIgniter\CodeIgniter))
#17 C:\xampp\htdocs\ITE311-MALILAY\index.php(88): CodeIgniter\Boot::bootWeb(Object(Config\Paths))
#18 {main}
ERROR - 2025-12-11 00:51:52 --> Error in getTeachersByCourse: Unknown column 'course_teachers.deleted_at' in 'where clause'
ERROR - 2025-12-11 00:51:52 --> mysqli_sql_exception: Unknown column 'course_teachers.deleted_at' in 'where clause' in C:\xampp\htdocs\ITE311-MALILAY\system\Database\MySQLi\Connection.php:327
Stack trace:
#0 C:\xampp\htdocs\ITE311-MALILAY\system\Database\MySQLi\Connection.php(327): mysqli->query('SELECT `course_...', 0)
#1 C:\xampp\htdocs\ITE311-MALILAY\system\Database\BaseConnection.php(729): CodeIgniter\Database\MySQLi\Connection->execute('SELECT `course_...')
#2 C:\xampp\htdocs\ITE311-MALILAY\system\Database\BaseConnection.php(646): CodeIgniter\Database\BaseConnection->simpleQuery('SELECT `course_...')
#3 C:\xampp\htdocs\ITE311-MALILAY\system\Database\BaseBuilder.php(1649): CodeIgniter\Database\BaseConnection->query('SELECT `course_...', Array, false)
#4 C:\xampp\htdocs\ITE311-MALILAY\system\Model.php(286): CodeIgniter\Database\BaseBuilder->get()
#5 C:\xampp\htdocs\ITE311-MALILAY\system\BaseModel.php(677): CodeIgniter\Model->doFindAll(0, 0)
#6 C:\xampp\htdocs\ITE311-MALILAY\app\Models\CourseTeacherModel.php(62): CodeIgniter\BaseModel->findAll()
#7 C:\xampp\htdocs\ITE311-MALILAY\app\Views\auth\dashboard.php(730): App\Models\CourseTeacherModel->getTeachersByCourse('10')
#8 C:\xampp\htdocs\ITE311-MALILAY\system\View\View.php(226): include('C:\\xampp\\htdocs...')
#9 C:\xampp\htdocs\ITE311-MALILAY\system\View\View.php(229): CodeIgniter\View\View->CodeIgniter\View\{closure}()
#10 C:\xampp\htdocs\ITE311-MALILAY\system\Common.php(1167): CodeIgniter\View\View->render('auth/dashboard', Array, true)
#11 C:\xampp\htdocs\ITE311-MALILAY\app\Controllers\Auth.php(647): view('auth/dashboard', Array)
#12 C:\xampp\htdocs\ITE311-MALILAY\system\CodeIgniter.php(933): App\Controllers\Auth->dashboard()
#13 C:\xampp\htdocs\ITE311-MALILAY\system\CodeIgniter.php(507): CodeIgniter\CodeIgniter->runController(Object(App\Controllers\Auth))
#14 C:\xampp\htdocs\ITE311-MALILAY\system\CodeIgniter.php(354): CodeIgniter\CodeIgniter->handleRequest(NULL, Object(Config\Cache), false)
#15 C:\xampp\htdocs\ITE311-MALILAY\system\Boot.php(363): CodeIgniter\CodeIgniter->run()
#16 C:\xampp\htdocs\ITE311-MALILAY\system\Boot.php(68): CodeIgniter\Boot::runCodeIgniter(Object(CodeIgniter\CodeIgniter))
#17 C:\xampp\htdocs\ITE311-MALILAY\index.php(88): CodeIgniter\Boot::bootWeb(Object(Config\Paths))
#18 {main}
ERROR - 2025-12-11 00:51:52 --> Error in getTeachersByCourse: Unknown column 'course_teachers.deleted_at' in 'where clause'
ERROR - 2025-12-11 00:51:52 --> mysqli_sql_exception: Unknown column 'course_teachers.deleted_at' in 'where clause' in C:\xampp\htdocs\ITE311-MALILAY\system\Database\MySQLi\Connection.php:327
Stack trace:
#0 C:\xampp\htdocs\ITE311-MALILAY\system\Database\MySQLi\Connection.php(327): mysqli->query('SELECT `course_...', 0)
#1 C:\xampp\htdocs\ITE311-MALILAY\system\Database\BaseConnection.php(729): CodeIgniter\Database\MySQLi\Connection->execute('SELECT `course_...')
#2 C:\xampp\htdocs\ITE311-MALILAY\system\Database\BaseConnection.php(646): CodeIgniter\Database\BaseConnection->simpleQuery('SELECT `course_...')
#3 C:\xampp\htdocs\ITE311-MALILAY\system\Database\BaseBuilder.php(1649): CodeIgniter\Database\BaseConnection->query('SELECT `course_...', Array, false)
#4 C:\xampp\htdocs\ITE311-MALILAY\system\Model.php(286): CodeIgniter\Database\BaseBuilder->get()
#5 C:\xampp\htdocs\ITE311-MALILAY\system\BaseModel.php(677): CodeIgniter\Model->doFindAll(0, 0)
#6 C:\xampp\htdocs\ITE311-MALILAY\app\Models\CourseTeacherModel.php(62): CodeIgniter\BaseModel->findAll()
#7 C:\xampp\htdocs\ITE311-MALILAY\app\Views\auth\dashboard.php(730): App\Models\CourseTeacherModel->getTeachersByCourse('11')
#8 C:\xampp\htdocs\ITE311-MALILAY\system\View\View.php(226): include('C:\\xampp\\htdocs...')
#9 C:\xampp\htdocs\ITE311-MALILAY\system\View\View.php(229): CodeIgniter\View\View->CodeIgniter\View\{closure}()
#10 C:\xampp\htdocs\ITE311-MALILAY\system\Common.php(1167): CodeIgniter\View\View->render('auth/dashboard', Array, true)
#11 C:\xampp\htdocs\ITE311-MALILAY\app\Controllers\Auth.php(647): view('auth/dashboard', Array)
#12 C:\xampp\htdocs\ITE311-MALILAY\system\CodeIgniter.php(933): App\Controllers\Auth->dashboard()
#13 C:\xampp\htdocs\ITE311-MALILAY\system\CodeIgniter.php(507): CodeIgniter\CodeIgniter->runController(Object(App\Controllers\Auth))
#14 C:\xampp\htdocs\ITE311-MALILAY\system\CodeIgniter.php(354): CodeIgniter\CodeIgniter->handleRequest(NULL, Object(Config\Cache), false)
#15 C:\xampp\htdocs\ITE311-MALILAY\system\Boot.php(363): CodeIgniter\CodeIgniter->run()
#16 C:\xampp\htdocs\ITE311-MALILAY\system\Boot.php(68): CodeIgniter\Boot::runCodeIgniter(Object(CodeIgniter\CodeIgniter))
#17 C:\xampp\htdocs\ITE311-MALILAY\index.php(88): CodeIgniter\Boot::bootWeb(Object(Config\Paths))
#18 {main}
ERROR - 2025-12-11 00:51:52 --> Error in getTeachersByCourse: Unknown column 'course_teachers.deleted_at' in 'where clause'
ERROR - 2025-12-11 00:51:52 --> mysqli_sql_exception: Unknown column 'course_teachers.deleted_at' in 'where clause' in C:\xampp\htdocs\ITE311-MALILAY\system\Database\MySQLi\Connection.php:327
Stack trace:
#0 C:\xampp\htdocs\ITE311-MALILAY\system\Database\MySQLi\Connection.php(327): mysqli->query('SELECT `course_...', 0)
#1 C:\xampp\htdocs\ITE311-MALILAY\system\Database\BaseConnection.php(729): CodeIgniter\Database\MySQLi\Connection->execute('SELECT `course_...')
#2 C:\xampp\htdocs\ITE311-MALILAY\system\Database\BaseConnection.php(646): CodeIgniter\Database\BaseConnection->simpleQuery('SELECT `course_...')
#3 C:\xampp\htdocs\ITE311-MALILAY\system\Database\BaseBuilder.php(1649): CodeIgniter\Database\BaseConnection->query('SELECT `course_...', Array, false)
#4 C:\xampp\htdocs\ITE311-MALILAY\system\Model.php(286): CodeIgniter\Database\BaseBuilder->get()
#5 C:\xampp\htdocs\ITE311-MALILAY\system\BaseModel.php(677): CodeIgniter\Model->doFindAll(0, 0)
#6 C:\xampp\htdocs\ITE311-MALILAY\app\Models\CourseTeacherModel.php(62): CodeIgniter\BaseModel->findAll()
#7 C:\xampp\htdocs\ITE311-MALILAY\app\Views\auth\dashboard.php(730): App\Models\CourseTeacherModel->getTeachersByCourse('12')
#8 C:\xampp\htdocs\ITE311-MALILAY\system\View\View.php(226): include('C:\\xampp\\htdocs...')
#9 C:\xampp\htdocs\ITE311-MALILAY\system\View\View.php(229): CodeIgniter\View\View->CodeIgniter\View\{closure}()
#10 C:\xampp\htdocs\ITE311-MALILAY\system\Common.php(1167): CodeIgniter\View\View->render('auth/dashboard', Array, true)
#11 C:\xampp\htdocs\ITE311-MALILAY\app\Controllers\Auth.php(647): view('auth/dashboard', Array)
#12 C:\xampp\htdocs\ITE311-MALILAY\system\CodeIgniter.php(933): App\Controllers\Auth->dashboard()
#13 C:\xampp\htdocs\ITE311-MALILAY\system\CodeIgniter.php(507): CodeIgniter\CodeIgniter->runController(Object(App\Controllers\Auth))
#14 C:\xampp\htdocs\ITE311-MALILAY\system\CodeIgniter.php(354): CodeIgniter\CodeIgniter->handleRequest(NULL, Object(Config\Cache), false)
#15 C:\xampp\htdocs\ITE311-MALILAY\system\Boot.php(363): CodeIgniter\CodeIgniter->run()
#16 C:\xampp\htdocs\ITE311-MALILAY\system\Boot.php(68): CodeIgniter\Boot::runCodeIgniter(Object(CodeIgniter\CodeIgniter))
#17 C:\xampp\htdocs\ITE311-MALILAY\index.php(88): CodeIgniter\Boot::bootWeb(Object(Config\Paths))
#18 {main}
ERROR - 2025-12-11 00:51:52 --> Error in getTeachersByCourse: Unknown column 'course_teachers.deleted_at' in 'where clause'
ERROR - 2025-12-11 00:52:09 --> mysqli_sql_exception: Unknown column 'course_teachers.deleted_at' in 'where clause' in C:\xampp\htdocs\ITE311-MALILAY\system\Database\MySQLi\Connection.php:327
Stack trace:
#0 C:\xampp\htdocs\ITE311-MALILAY\system\Database\MySQLi\Connection.php(327): mysqli->query('SELECT `course_...', 0)
#1 C:\xampp\htdocs\ITE311-MALILAY\system\Database\BaseConnection.php(729): CodeIgniter\Database\MySQLi\Connection->execute('SELECT `course_...')
#2 C:\xampp\htdocs\ITE311-MALILAY\system\Database\BaseConnection.php(646): CodeIgniter\Database\BaseConnection->simpleQuery('SELECT `course_...')
#3 C:\xampp\htdocs\ITE311-MALILAY\system\Database\BaseBuilder.php(1649): CodeIgniter\Database\BaseConnection->query('SELECT `course_...', Array, false)
#4 C:\xampp\htdocs\ITE311-MALILAY\system\Model.php(286): CodeIgniter\Database\BaseBuilder->get()
#5 C:\xampp\htdocs\ITE311-MALILAY\system\BaseModel.php(677): CodeIgniter\Model->doFindAll(0, 0)
#6 C:\xampp\htdocs\ITE311-MALILAY\app\Models\CourseTeacherModel.php(62): CodeIgniter\BaseModel->findAll()
#7 C:\xampp\htdocs\ITE311-MALILAY\app\Views\auth\dashboard.php(730): App\Models\CourseTeacherModel->getTeachersByCourse('8')
#8 C:\xampp\htdocs\ITE311-MALILAY\system\View\View.php(226): include('C:\\xampp\\htdocs...')
#9 C:\xampp\htdocs\ITE311-MALILAY\system\View\View.php(229): CodeIgniter\View\View->CodeIgniter\View\{closure}()
#10 C:\xampp\htdocs\ITE311-MALILAY\system\Common.php(1167): CodeIgniter\View\View->render('auth/dashboard', Array, true)
#11 C:\xampp\htdocs\ITE311-MALILAY\app\Controllers\Auth.php(647): view('auth/dashboard', Array)
#12 C:\xampp\htdocs\ITE311-MALILAY\system\CodeIgniter.php(933): App\Controllers\Auth->dashboard()
#13 C:\xampp\htdocs\ITE311-MALILAY\system\CodeIgniter.php(507): CodeIgniter\CodeIgniter->runController(Object(App\Controllers\Auth))
#14 C:\xampp\htdocs\ITE311-MALILAY\system\CodeIgniter.php(354): CodeIgniter\CodeIgniter->handleRequest(NULL, Object(Config\Cache), false)
#15 C:\xampp\htdocs\ITE311-MALILAY\system\Boot.php(363): CodeIgniter\CodeIgniter->run()
#16 C:\xampp\htdocs\ITE311-MALILAY\system\Boot.php(68): CodeIgniter\Boot::runCodeIgniter(Object(CodeIgniter\CodeIgniter))
#17 C:\xampp\htdocs\ITE311-MALILAY\index.php(88): CodeIgniter\Boot::bootWeb(Object(Config\Paths))
#18 {main}
ERROR - 2025-12-11 00:52:09 --> Error in getTeachersByCourse: Unknown column 'course_teachers.deleted_at' in 'where clause'
ERROR - 2025-12-11 00:52:09 --> mysqli_sql_exception: Unknown column 'course_teachers.deleted_at' in 'where clause' in C:\xampp\htdocs\ITE311-MALILAY\system\Database\MySQLi\Connection.php:327
Stack trace:
#0 C:\xampp\htdocs\ITE311-MALILAY\system\Database\MySQLi\Connection.php(327): mysqli->query('SELECT `course_...', 0)
#1 C:\xampp\htdocs\ITE311-MALILAY\system\Database\BaseConnection.php(729): CodeIgniter\Database\MySQLi\Connection->execute('SELECT `course_...')
#2 C:\xampp\htdocs\ITE311-MALILAY\system\Database\BaseConnection.php(646): CodeIgniter\Database\BaseConnection->simpleQuery('SELECT `course_...')
#3 C:\xampp\htdocs\ITE311-MALILAY\system\Database\BaseBuilder.php(1649): CodeIgniter\Database\BaseConnection->query('SELECT `course_...', Array, false)
#4 C:\xampp\htdocs\ITE311-MALILAY\system\Model.php(286): CodeIgniter\Database\BaseBuilder->get()
#5 C:\xampp\htdocs\ITE311-MALILAY\system\BaseModel.php(677): CodeIgniter\Model->doFindAll(0, 0)
#6 C:\xampp\htdocs\ITE311-MALILAY\app\Models\CourseTeacherModel.php(62): CodeIgniter\BaseModel->findAll()
#7 C:\xampp\htdocs\ITE311-MALILAY\app\Views\auth\dashboard.php(730): App\Models\CourseTeacherModel->getTeachersByCourse('9')
#8 C:\xampp\htdocs\ITE311-MALILAY\system\View\View.php(226): include('C:\\xampp\\htdocs...')
#9 C:\xampp\htdocs\ITE311-MALILAY\system\View\View.php(229): CodeIgniter\View\View->CodeIgniter\View\{closure}()
#10 C:\xampp\htdocs\ITE311-MALILAY\system\Common.php(1167): CodeIgniter\View\View->render('auth/dashboard', Array, true)
#11 C:\xampp\htdocs\ITE311-MALILAY\app\Controllers\Auth.php(647): view('auth/dashboard', Array)
#12 C:\xampp\htdocs\ITE311-MALILAY\system\CodeIgniter.php(933): App\Controllers\Auth->dashboard()
#13 C:\xampp\htdocs\ITE311-MALILAY\system\CodeIgniter.php(507): CodeIgniter\CodeIgniter->runController(Object(App\Controllers\Auth))
#14 C:\xampp\htdocs\ITE311-MALILAY\system\CodeIgniter.php(354): CodeIgniter\CodeIgniter->handleRequest(NULL, Object(Config\Cache), false)
#15 C:\xampp\htdocs\ITE311-MALILAY\system\Boot.php(363): CodeIgniter\CodeIgniter->run()
#16 C:\xampp\htdocs\ITE311-MALILAY\system\Boot.php(68): CodeIgniter\Boot::runCodeIgniter(Object(CodeIgniter\CodeIgniter))
#17 C:\xampp\htdocs\ITE311-MALILAY\index.php(88): CodeIgniter\Boot::bootWeb(Object(Config\Paths))
#18 {main}
ERROR - 2025-12-11 00:52:09 --> Error in getTeachersByCourse: Unknown column 'course_teachers.deleted_at' in 'where clause'
ERROR - 2025-12-11 00:52:09 --> mysqli_sql_exception: Unknown column 'course_teachers.deleted_at' in 'where clause' in C:\xampp\htdocs\ITE311-MALILAY\system\Database\MySQLi\Connection.php:327
Stack trace:
#0 C:\xampp\htdocs\ITE311-MALILAY\system\Database\MySQLi\Connection.php(327): mysqli->query('SELECT `course_...', 0)
#1 C:\xampp\htdocs\ITE311-MALILAY\system\Database\BaseConnection.php(729): CodeIgniter\Database\MySQLi\Connection->execute('SELECT `course_...')
#2 C:\xampp\htdocs\ITE311-MALILAY\system\Database\BaseConnection.php(646): CodeIgniter\Database\BaseConnection->simpleQuery('SELECT `course_...')
#3 C:\xampp\htdocs\ITE311-MALILAY\system\Database\BaseBuilder.php(1649): CodeIgniter\Database\BaseConnection->query('SELECT `course_...', Array, false)
#4 C:\xampp\htdocs\ITE311-MALILAY\system\Model.php(286): CodeIgniter\Database\BaseBuilder->get()
#5 C:\xampp\htdocs\ITE311-MALILAY\system\BaseModel.php(677): CodeIgniter\Model->doFindAll(0, 0)
#6 C:\xampp\htdocs\ITE311-MALILAY\app\Models\CourseTeacherModel.php(62): CodeIgniter\BaseModel->findAll()
#7 C:\xampp\htdocs\ITE311-MALILAY\app\Views\auth\dashboard.php(730): App\Models\CourseTeacherModel->getTeachersByCourse('10')
#8 C:\xampp\htdocs\ITE311-MALILAY\system\View\View.php(226): include('C:\\xampp\\htdocs...')
#9 C:\xampp\htdocs\ITE311-MALILAY\system\View\View.php(229): CodeIgniter\View\View->CodeIgniter\View\{closure}()
#10 C:\xampp\htdocs\ITE311-MALILAY\system\Common.php(1167): CodeIgniter\View\View->render('auth/dashboard', Array, true)
#11 C:\xampp\htdocs\ITE311-MALILAY\app\Controllers\Auth.php(647): view('auth/dashboard', Array)
#12 C:\xampp\htdocs\ITE311-MALILAY\system\CodeIgniter.php(933): App\Controllers\Auth->dashboard()
#13 C:\xampp\htdocs\ITE311-MALILAY\system\CodeIgniter.php(507): CodeIgniter\CodeIgniter->runController(Object(App\Controllers\Auth))
#14 C:\xampp\htdocs\ITE311-MALILAY\system\CodeIgniter.php(354): CodeIgniter\CodeIgniter->handleRequest(NULL, Object(Config\Cache), false)
#15 C:\xampp\htdocs\ITE311-MALILAY\system\Boot.php(363): CodeIgniter\CodeIgniter->run()
#16 C:\xampp\htdocs\ITE311-MALILAY\system\Boot.php(68): CodeIgniter\Boot::runCodeIgniter(Object(CodeIgniter\CodeIgniter))
#17 C:\xampp\htdocs\ITE311-MALILAY\index.php(88): CodeIgniter\Boot::bootWeb(Object(Config\Paths))
#18 {main}
ERROR - 2025-12-11 00:52:09 --> Error in getTeachersByCourse: Unknown column 'course_teachers.deleted_at' in 'where clause'
ERROR - 2025-12-11 00:52:09 --> mysqli_sql_exception: Unknown column 'course_teachers.deleted_at' in 'where clause' in C:\xampp\htdocs\ITE311-MALILAY\system\Database\MySQLi\Connection.php:327
Stack trace:
#0 C:\xampp\htdocs\ITE311-MALILAY\system\Database\MySQLi\Connection.php(327): mysqli->query('SELECT `course_...', 0)
#1 C:\xampp\htdocs\ITE311-MALILAY\system\Database\BaseConnection.php(729): CodeIgniter\Database\MySQLi\Connection->execute('SELECT `course_...')
#2 C:\xampp\htdocs\ITE311-MALILAY\system\Database\BaseConnection.php(646): CodeIgniter\Database\BaseConnection->simpleQuery('SELECT `course_...')
#3 C:\xampp\htdocs\ITE311-MALILAY\system\Database\BaseBuilder.php(1649): CodeIgniter\Database\BaseConnection->query('SELECT `course_...', Array, false)
#4 C:\xampp\htdocs\ITE311-MALILAY\system\Model.php(286): CodeIgniter\Database\BaseBuilder->get()
#5 C:\xampp\htdocs\ITE311-MALILAY\system\BaseModel.php(677): CodeIgniter\Model->doFindAll(0, 0)
#6 C:\xampp\htdocs\ITE311-MALILAY\app\Models\CourseTeacherModel.php(62): CodeIgniter\BaseModel->findAll()
#7 C:\xampp\htdocs\ITE311-MALILAY\app\Views\auth\dashboard.php(730): App\Models\CourseTeacherModel->getTeachersByCourse('11')
#8 C:\xampp\htdocs\ITE311-MALILAY\system\View\View.php(226): include('C:\\xampp\\htdocs...')
#9 C:\xampp\htdocs\ITE311-MALILAY\system\View\View.php(229): CodeIgniter\View\View->CodeIgniter\View\{closure}()
#10 C:\xampp\htdocs\ITE311-MALILAY\system\Common.php(1167): CodeIgniter\View\View->render('auth/dashboard', Array, true)
#11 C:\xampp\htdocs\ITE311-MALILAY\app\Controllers\Auth.php(647): view('auth/dashboard', Array)
#12 C:\xampp\htdocs\ITE311-MALILAY\system\CodeIgniter.php(933): App\Controllers\Auth->dashboard()
#13 C:\xampp\htdocs\ITE311-MALILAY\system\CodeIgniter.php(507): CodeIgniter\CodeIgniter->runController(Object(App\Controllers\Auth))
#14 C:\xampp\htdocs\ITE311-MALILAY\system\CodeIgniter.php(354): CodeIgniter\CodeIgniter->handleRequest(NULL, Object(Config\Cache), false)
#15 C:\xampp\htdocs\ITE311-MALILAY\system\Boot.php(363): CodeIgniter\CodeIgniter->run()
#16 C:\xampp\htdocs\ITE311-MALILAY\system\Boot.php(68): CodeIgniter\Boot::runCodeIgniter(Object(CodeIgniter\CodeIgniter))
#17 C:\xampp\htdocs\ITE311-MALILAY\index.php(88): CodeIgniter\Boot::bootWeb(Object(Config\Paths))
#18 {main}
ERROR - 2025-12-11 00:52:09 --> Error in getTeachersByCourse: Unknown column 'course_teachers.deleted_at' in 'where clause'
ERROR - 2025-12-11 00:52:09 --> mysqli_sql_exception: Unknown column 'course_teachers.deleted_at' in 'where clause' in C:\xampp\htdocs\ITE311-MALILAY\system\Database\MySQLi\Connection.php:327
Stack trace:
#0 C:\xampp\htdocs\ITE311-MALILAY\system\Database\MySQLi\Connection.php(327): mysqli->query('SELECT `course_...', 0)
#1 C:\xampp\htdocs\ITE311-MALILAY\system\Database\BaseConnection.php(729): CodeIgniter\Database\MySQLi\Connection->execute('SELECT `course_...')
#2 C:\xampp\htdocs\ITE311-MALILAY\system\Database\BaseConnection.php(646): CodeIgniter\Database\BaseConnection->simpleQuery('SELECT `course_...')
#3 C:\xampp\htdocs\ITE311-MALILAY\system\Database\BaseBuilder.php(1649): CodeIgniter\Database\BaseConnection->query('SELECT `course_...', Array, false)
#4 C:\xampp\htdocs\ITE311-MALILAY\system\Model.php(286): CodeIgniter\Database\BaseBuilder->get()
#5 C:\xampp\htdocs\ITE311-MALILAY\system\BaseModel.php(677): CodeIgniter\Model->doFindAll(0, 0)
#6 C:\xampp\htdocs\ITE311-MALILAY\app\Models\CourseTeacherModel.php(62): CodeIgniter\BaseModel->findAll()
#7 C:\xampp\htdocs\ITE311-MALILAY\app\Views\auth\dashboard.php(730): App\Models\CourseTeacherModel->getTeachersByCourse('12')
#8 C:\xampp\htdocs\ITE311-MALILAY\system\View\View.php(226): include('C:\\xampp\\htdocs...')
#9 C:\xampp\htdocs\ITE311-MALILAY\system\View\View.php(229): CodeIgniter\View\View->CodeIgniter\View\{closure}()
#10 C:\xampp\htdocs\ITE311-MALILAY\system\Common.php(1167): CodeIgniter\View\View->render('auth/dashboard', Array, true)
#11 C:\xampp\htdocs\ITE311-MALILAY\app\Controllers\Auth.php(647): view('auth/dashboard', Array)
#12 C:\xampp\htdocs\ITE311-MALILAY\system\CodeIgniter.php(933): App\Controllers\Auth->dashboard()
#13 C:\xampp\htdocs\ITE311-MALILAY\system\CodeIgniter.php(507): CodeIgniter\CodeIgniter->runController(Object(App\Controllers\Auth))
#14 C:\xampp\htdocs\ITE311-MALILAY\system\CodeIgniter.php(354): CodeIgniter\CodeIgniter->handleRequest(NULL, Object(Config\Cache), false)
#15 C:\xampp\htdocs\ITE311-MALILAY\system\Boot.php(363): CodeIgniter\CodeIgniter->run()
#16 C:\xampp\htdocs\ITE311-MALILAY\system\Boot.php(68): CodeIgniter\Boot::runCodeIgniter(Object(CodeIgniter\CodeIgniter))
#17 C:\xampp\htdocs\ITE311-MALILAY\index.php(88): CodeIgniter\Boot::bootWeb(Object(Config\Paths))
#18 {main}
ERROR - 2025-12-11 00:52:09 --> Error in getTeachersByCourse: Unknown column 'course_teachers.deleted_at' in 'where clause'
ERROR - 2025-12-11 00:52:16 --> mysqli_sql_exception: Unknown column 'course_teachers.deleted_at' in 'where clause' in C:\xampp\htdocs\ITE311-MALILAY\system\Database\MySQLi\Connection.php:327
Stack trace:
#0 C:\xampp\htdocs\ITE311-MALILAY\system\Database\MySQLi\Connection.php(327): mysqli->query('SELECT `course_...', 0)
#1 C:\xampp\htdocs\ITE311-MALILAY\system\Database\BaseConnection.php(729): CodeIgniter\Database\MySQLi\Connection->execute('SELECT `course_...')
#2 C:\xampp\htdocs\ITE311-MALILAY\system\Database\BaseConnection.php(646): CodeIgniter\Database\BaseConnection->simpleQuery('SELECT `course_...')
#3 C:\xampp\htdocs\ITE311-MALILAY\system\Database\BaseBuilder.php(1649): CodeIgniter\Database\BaseConnection->query('SELECT `course_...', Array, false)
#4 C:\xampp\htdocs\ITE311-MALILAY\system\Model.php(286): CodeIgniter\Database\BaseBuilder->get()
#5 C:\xampp\htdocs\ITE311-MALILAY\system\BaseModel.php(677): CodeIgniter\Model->doFindAll(0, 0)
#6 C:\xampp\htdocs\ITE311-MALILAY\app\Models\CourseTeacherModel.php(62): CodeIgniter\BaseModel->findAll()
#7 C:\xampp\htdocs\ITE311-MALILAY\app\Views\auth\dashboard.php(730): App\Models\CourseTeacherModel->getTeachersByCourse('8')
#8 C:\xampp\htdocs\ITE311-MALILAY\system\View\View.php(226): include('C:\\xampp\\htdocs...')
#9 C:\xampp\htdocs\ITE311-MALILAY\system\View\View.php(229): CodeIgniter\View\View->CodeIgniter\View\{closure}()
#10 C:\xampp\htdocs\ITE311-MALILAY\system\Common.php(1167): CodeIgniter\View\View->render('auth/dashboard', Array, true)
#11 C:\xampp\htdocs\ITE311-MALILAY\app\Controllers\Auth.php(647): view('auth/dashboard', Array)
#12 C:\xampp\htdocs\ITE311-MALILAY\system\CodeIgniter.php(933): App\Controllers\Auth->dashboard()
#13 C:\xampp\htdocs\ITE311-MALILAY\system\CodeIgniter.php(507): CodeIgniter\CodeIgniter->runController(Object(App\Controllers\Auth))
#14 C:\xampp\htdocs\ITE311-MALILAY\system\CodeIgniter.php(354): CodeIgniter\CodeIgniter->handleRequest(NULL, Object(Config\Cache), false)
#15 C:\xampp\htdocs\ITE311-MALILAY\system\Boot.php(363): CodeIgniter\CodeIgniter->run()
#16 C:\xampp\htdocs\ITE311-MALILAY\system\Boot.php(68): CodeIgniter\Boot::runCodeIgniter(Object(CodeIgniter\CodeIgniter))
#17 C:\xampp\htdocs\ITE311-MALILAY\index.php(88): CodeIgniter\Boot::bootWeb(Object(Config\Paths))
#18 {main}
ERROR - 2025-12-11 00:52:16 --> Error in getTeachersByCourse: Unknown column 'course_teachers.deleted_at' in 'where clause'
ERROR - 2025-12-11 00:52:16 --> mysqli_sql_exception: Unknown column 'course_teachers.deleted_at' in 'where clause' in C:\xampp\htdocs\ITE311-MALILAY\system\Database\MySQLi\Connection.php:327
Stack trace:
#0 C:\xampp\htdocs\ITE311-MALILAY\system\Database\MySQLi\Connection.php(327): mysqli->query('SELECT `course_...', 0)
#1 C:\xampp\htdocs\ITE311-MALILAY\system\Database\BaseConnection.php(729): CodeIgniter\Database\MySQLi\Connection->execute('SELECT `course_...')
#2 C:\xampp\htdocs\ITE311-MALILAY\system\Database\BaseConnection.php(646): CodeIgniter\Database\BaseConnection->simpleQuery('SELECT `course_...')
#3 C:\xampp\htdocs\ITE311-MALILAY\system\Database\BaseBuilder.php(1649): CodeIgniter\Database\BaseConnection->query('SELECT `course_...', Array, false)
#4 C:\xampp\htdocs\ITE311-MALILAY\system\Model.php(286): CodeIgniter\Database\BaseBuilder->get()
#5 C:\xampp\htdocs\ITE311-MALILAY\system\BaseModel.php(677): CodeIgniter\Model->doFindAll(0, 0)
#6 C:\xampp\htdocs\ITE311-MALILAY\app\Models\CourseTeacherModel.php(62): CodeIgniter\BaseModel->findAll()
#7 C:\xampp\htdocs\ITE311-MALILAY\app\Views\auth\dashboard.php(730): App\Models\CourseTeacherModel->getTeachersByCourse('9')
#8 C:\xampp\htdocs\ITE311-MALILAY\system\View\View.php(226): include('C:\\xampp\\htdocs...')
#9 C:\xampp\htdocs\ITE311-MALILAY\system\View\View.php(229): CodeIgniter\View\View->CodeIgniter\View\{closure}()
#10 C:\xampp\htdocs\ITE311-MALILAY\system\Common.php(1167): CodeIgniter\View\View->render('auth/dashboard', Array, true)
#11 C:\xampp\htdocs\ITE311-MALILAY\app\Controllers\Auth.php(647): view('auth/dashboard', Array)
#12 C:\xampp\htdocs\ITE311-MALILAY\system\CodeIgniter.php(933): App\Controllers\Auth->dashboard()
#13 C:\xampp\htdocs\ITE311-MALILAY\system\CodeIgniter.php(507): CodeIgniter\CodeIgniter->runController(Object(App\Controllers\Auth))
#14 C:\xampp\htdocs\ITE311-MALILAY\system\CodeIgniter.php(354): CodeIgniter\CodeIgniter->handleRequest(NULL, Object(Config\Cache), false)
#15 C:\xampp\htdocs\ITE311-MALILAY\system\Boot.php(363): CodeIgniter\CodeIgniter->run()
#16 C:\xampp\htdocs\ITE311-MALILAY\system\Boot.php(68): CodeIgniter\Boot::runCodeIgniter(Object(CodeIgniter\CodeIgniter))
#17 C:\xampp\htdocs\ITE311-MALILAY\index.php(88): CodeIgniter\Boot::bootWeb(Object(Config\Paths))
#18 {main}
ERROR - 2025-12-11 00:52:16 --> Error in getTeachersByCourse: Unknown column 'course_teachers.deleted_at' in 'where clause'
ERROR - 2025-12-11 00:52:16 --> mysqli_sql_exception: Unknown column 'course_teachers.deleted_at' in 'where clause' in C:\xampp\htdocs\ITE311-MALILAY\system\Database\MySQLi\Connection.php:327
Stack trace:
#0 C:\xampp\htdocs\ITE311-MALILAY\system\Database\MySQLi\Connection.php(327): mysqli->query('SELECT `course_...', 0)
#1 C:\xampp\htdocs\ITE311-MALILAY\system\Database\BaseConnection.php(729): CodeIgniter\Database\MySQLi\Connection->execute('SELECT `course_...')
#2 C:\xampp\htdocs\ITE311-MALILAY\system\Database\BaseConnection.php(646): CodeIgniter\Database\BaseConnection->simpleQuery('SELECT `course_...')
#3 C:\xampp\htdocs\ITE311-MALILAY\system\Database\BaseBuilder.php(1649): CodeIgniter\Database\BaseConnection->query('SELECT `course_...', Array, false)
#4 C:\xampp\htdocs\ITE311-MALILAY\system\Model.php(286): CodeIgniter\Database\BaseBuilder->get()
#5 C:\xampp\htdocs\ITE311-MALILAY\system\BaseModel.php(677): CodeIgniter\Model->doFindAll(0, 0)
#6 C:\xampp\htdocs\ITE311-MALILAY\app\Models\CourseTeacherModel.php(62): CodeIgniter\BaseModel->findAll()
#7 C:\xampp\htdocs\ITE311-MALILAY\app\Views\auth\dashboard.php(730): App\Models\CourseTeacherModel->getTeachersByCourse('10')
#8 C:\xampp\htdocs\ITE311-MALILAY\system\View\View.php(226): include('C:\\xampp\\htdocs...')
#9 C:\xampp\htdocs\ITE311-MALILAY\system\View\View.php(229): CodeIgniter\View\View->CodeIgniter\View\{closure}()
#10 C:\xampp\htdocs\ITE311-MALILAY\system\Common.php(1167): CodeIgniter\View\View->render('auth/dashboard', Array, true)
#11 C:\xampp\htdocs\ITE311-MALILAY\app\Controllers\Auth.php(647): view('auth/dashboard', Array)
#12 C:\xampp\htdocs\ITE311-MALILAY\system\CodeIgniter.php(933): App\Controllers\Auth->dashboard()
#13 C:\xampp\htdocs\ITE311-MALILAY\system\CodeIgniter.php(507): CodeIgniter\CodeIgniter->runController(Object(App\Controllers\Auth))
#14 C:\xampp\htdocs\ITE311-MALILAY\system\CodeIgniter.php(354): CodeIgniter\CodeIgniter->handleRequest(NULL, Object(Config\Cache), false)
#15 C:\xampp\htdocs\ITE311-MALILAY\system\Boot.php(363): CodeIgniter\CodeIgniter->run()
#16 C:\xampp\htdocs\ITE311-MALILAY\system\Boot.php(68): CodeIgniter\Boot::runCodeIgniter(Object(CodeIgniter\CodeIgniter))
#17 C:\xampp\htdocs\ITE311-MALILAY\index.php(88): CodeIgniter\Boot::bootWeb(Object(Config\Paths))
#18 {main}
ERROR - 2025-12-11 00:52:16 --> Error in getTeachersByCourse: Unknown column 'course_teachers.deleted_at' in 'where clause'
ERROR - 2025-12-11 00:52:16 --> mysqli_sql_exception: Unknown column 'course_teachers.deleted_at' in 'where clause' in C:\xampp\htdocs\ITE311-MALILAY\system\Database\MySQLi\Connection.php:327
Stack trace:
#0 C:\xampp\htdocs\ITE311-MALILAY\system\Database\MySQLi\Connection.php(327): mysqli->query('SELECT `course_...', 0)
#1 C:\xampp\htdocs\ITE311-MALILAY\system\Database\BaseConnection.php(729): CodeIgniter\Database\MySQLi\Connection->execute('SELECT `course_...')
#2 C:\xampp\htdocs\ITE311-MALILAY\system\Database\BaseConnection.php(646): CodeIgniter\Database\BaseConnection->simpleQuery('SELECT `course_...')
#3 C:\xampp\htdocs\ITE311-MALILAY\system\Database\BaseBuilder.php(1649): CodeIgniter\Database\BaseConnection->query('SELECT `course_...', Array, false)
#4 C:\xampp\htdocs\ITE311-MALILAY\system\Model.php(286): CodeIgniter\Database\BaseBuilder->get()
#5 C:\xampp\htdocs\ITE311-MALILAY\system\BaseModel.php(677): CodeIgniter\Model->doFindAll(0, 0)
#6 C:\xampp\htdocs\ITE311-MALILAY\app\Models\CourseTeacherModel.php(62): CodeIgniter\BaseModel->findAll()
#7 C:\xampp\htdocs\ITE311-MALILAY\app\Views\auth\dashboard.php(730): App\Models\CourseTeacherModel->getTeachersByCourse('11')
#8 C:\xampp\htdocs\ITE311-MALILAY\system\View\View.php(226): include('C:\\xampp\\htdocs...')
#9 C:\xampp\htdocs\ITE311-MALILAY\system\View\View.php(229): CodeIgniter\View\View->CodeIgniter\View\{closure}()
#10 C:\xampp\htdocs\ITE311-MALILAY\system\Common.php(1167): CodeIgniter\View\View->render('auth/dashboard', Array, true)
#11 C:\xampp\htdocs\ITE311-MALILAY\app\Controllers\Auth.php(647): view('auth/dashboard', Array)
#12 C:\xampp\htdocs\ITE311-MALILAY\system\CodeIgniter.php(933): App\Controllers\Auth->dashboard()
#13 C:\xampp\htdocs\ITE311-MALILAY\system\CodeIgniter.php(507): CodeIgniter\CodeIgniter->runController(Object(App\Controllers\Auth))
#14 C:\xampp\htdocs\ITE311-MALILAY\system\CodeIgniter.php(354): CodeIgniter\CodeIgniter->handleRequest(NULL, Object(Config\Cache), false)
#15 C:\xampp\htdocs\ITE311-MALILAY\system\Boot.php(363): CodeIgniter\CodeIgniter->run()
#16 C:\xampp\htdocs\ITE311-MALILAY\system\Boot.php(68): CodeIgniter\Boot::runCodeIgniter(Object(CodeIgniter\CodeIgniter))
#17 C:\xampp\htdocs\ITE311-MALILAY\index.php(88): CodeIgniter\Boot::bootWeb(Object(Config\Paths))
#18 {main}
ERROR - 2025-12-11 00:52:16 --> Error in getTeachersByCourse: Unknown column 'course_teachers.deleted_at' in 'where clause'
ERROR - 2025-12-11 00:52:16 --> mysqli_sql_exception: Unknown column 'course_teachers.deleted_at' in 'where clause' in C:\xampp\htdocs\ITE311-MALILAY\system\Database\MySQLi\Connection.php:327
Stack trace:
#0 C:\xampp\htdocs\ITE311-MALILAY\system\Database\MySQLi\Connection.php(327): mysqli->query('SELECT `course_...', 0)
#1 C:\xampp\htdocs\ITE311-MALILAY\system\Database\BaseConnection.php(729): CodeIgniter\Database\MySQLi\Connection->execute('SELECT `course_...')
#2 C:\xampp\htdocs\ITE311-MALILAY\system\Database\BaseConnection.php(646): CodeIgniter\Database\BaseConnection->simpleQuery('SELECT `course_...')
#3 C:\xampp\htdocs\ITE311-MALILAY\system\Database\BaseBuilder.php(1649): CodeIgniter\Database\BaseConnection->query('SELECT `course_...', Array, false)
#4 C:\xampp\htdocs\ITE311-MALILAY\system\Model.php(286): CodeIgniter\Database\BaseBuilder->get()
#5 C:\xampp\htdocs\ITE311-MALILAY\system\BaseModel.php(677): CodeIgniter\Model->doFindAll(0, 0)
#6 C:\xampp\htdocs\ITE311-MALILAY\app\Models\CourseTeacherModel.php(62): CodeIgniter\BaseModel->findAll()
#7 C:\xampp\htdocs\ITE311-MALILAY\app\Views\auth\dashboard.php(730): App\Models\CourseTeacherModel->getTeachersByCourse('12')
#8 C:\xampp\htdocs\ITE311-MALILAY\system\View\View.php(226): include('C:\\xampp\\htdocs...')
#9 C:\xampp\htdocs\ITE311-MALILAY\system\View\View.php(229): CodeIgniter\View\View->CodeIgniter\View\{closure}()
#10 C:\xampp\htdocs\ITE311-MALILAY\system\Common.php(1167): CodeIgniter\View\View->render('auth/dashboard', Array, true)
#11 C:\xampp\htdocs\ITE311-MALILAY\app\Controllers\Auth.php(647): view('auth/dashboard', Array)
#12 C:\xampp\htdocs\ITE311-MALILAY\system\CodeIgniter.php(933): App\Controllers\Auth->dashboard()
#13 C:\xampp\htdocs\ITE311-MALILAY\system\CodeIgniter.php(507): CodeIgniter\CodeIgniter->runController(Object(App\Controllers\Auth))
#14 C:\xampp\htdocs\ITE311-MALILAY\system\CodeIgniter.php(354): CodeIgniter\CodeIgniter->handleRequest(NULL, Object(Config\Cache), false)
#15 C:\xampp\htdocs\ITE311-MALILAY\system\Boot.php(363): CodeIgniter\CodeIgniter->run()
#16 C:\xampp\htdocs\ITE311-MALILAY\system\Boot.php(68): CodeIgniter\Boot::runCodeIgniter(Object(CodeIgniter\CodeIgniter))
#17 C:\xampp\htdocs\ITE311-MALILAY\index.php(88): CodeIgniter\Boot::bootWeb(Object(Config\Paths))
#18 {main}
ERROR - 2025-12-11 00:52:16 --> Error in getTeachersByCourse: Unknown column 'course_teachers.deleted_at' in 'where clause'
ERROR - 2025-12-11 00:52:18 --> mysqli_sql_exception: Unknown column 'course_teachers.deleted_at' in 'where clause' in C:\xampp\htdocs\ITE311-MALILAY\system\Database\MySQLi\Connection.php:327
Stack trace:
#0 C:\xampp\htdocs\ITE311-MALILAY\system\Database\MySQLi\Connection.php(327): mysqli->query('SELECT `course_...', 0)
#1 C:\xampp\htdocs\ITE311-MALILAY\system\Database\BaseConnection.php(729): CodeIgniter\Database\MySQLi\Connection->execute('SELECT `course_...')
#2 C:\xampp\htdocs\ITE311-MALILAY\system\Database\BaseConnection.php(646): CodeIgniter\Database\BaseConnection->simpleQuery('SELECT `course_...')
#3 C:\xampp\htdocs\ITE311-MALILAY\system\Database\BaseBuilder.php(1649): CodeIgniter\Database\BaseConnection->query('SELECT `course_...', Array, false)
#4 C:\xampp\htdocs\ITE311-MALILAY\system\Model.php(286): CodeIgniter\Database\BaseBuilder->get()
#5 C:\xampp\htdocs\ITE311-MALILAY\system\BaseModel.php(677): CodeIgniter\Model->doFindAll(0, 0)
#6 C:\xampp\htdocs\ITE311-MALILAY\app\Models\CourseTeacherModel.php(62): CodeIgniter\BaseModel->findAll()
#7 C:\xampp\htdocs\ITE311-MALILAY\app\Views\auth\dashboard.php(730): App\Models\CourseTeacherModel->getTeachersByCourse('8')
#8 C:\xampp\htdocs\ITE311-MALILAY\system\View\View.php(226): include('C:\\xampp\\htdocs...')
#9 C:\xampp\htdocs\ITE311-MALILAY\system\View\View.php(229): CodeIgniter\View\View->CodeIgniter\View\{closure}()
#10 C:\xampp\htdocs\ITE311-MALILAY\system\Common.php(1167): CodeIgniter\View\View->render('auth/dashboard', Array, true)
#11 C:\xampp\htdocs\ITE311-MALILAY\app\Controllers\Auth.php(647): view('auth/dashboard', Array)
#12 C:\xampp\htdocs\ITE311-MALILAY\system\CodeIgniter.php(933): App\Controllers\Auth->dashboard()
#13 C:\xampp\htdocs\ITE311-MALILAY\system\CodeIgniter.php(507): CodeIgniter\CodeIgniter->runController(Object(App\Controllers\Auth))
#14 C:\xampp\htdocs\ITE311-MALILAY\system\CodeIgniter.php(354): CodeIgniter\CodeIgniter->handleRequest(NULL, Object(Config\Cache), false)
#15 C:\xampp\htdocs\ITE311-MALILAY\system\Boot.php(363): CodeIgniter\CodeIgniter->run()
#16 C:\xampp\htdocs\ITE311-MALILAY\system\Boot.php(68): CodeIgniter\Boot::runCodeIgniter(Object(CodeIgniter\CodeIgniter))
#17 C:\xampp\htdocs\ITE311-MALILAY\index.php(88): CodeIgniter\Boot::bootWeb(Object(Config\Paths))
#18 {main}
ERROR - 2025-12-11 00:52:18 --> Error in getTeachersByCourse: Unknown column 'course_teachers.deleted_at' in 'where clause'
ERROR - 2025-12-11 00:52:18 --> mysqli_sql_exception: Unknown column 'course_teachers.deleted_at' in 'where clause' in C:\xampp\htdocs\ITE311-MALILAY\system\Database\MySQLi\Connection.php:327
Stack trace:
#0 C:\xampp\htdocs\ITE311-MALILAY\system\Database\MySQLi\Connection.php(327): mysqli->query('SELECT `course_...', 0)
#1 C:\xampp\htdocs\ITE311-MALILAY\system\Database\BaseConnection.php(729): CodeIgniter\Database\MySQLi\Connection->execute('SELECT `course_...')
#2 C:\xampp\htdocs\ITE311-MALILAY\system\Database\BaseConnection.php(646): CodeIgniter\Database\BaseConnection->simpleQuery('SELECT `course_...')
#3 C:\xampp\htdocs\ITE311-MALILAY\system\Database\BaseBuilder.php(1649): CodeIgniter\Database\BaseConnection->query('SELECT `course_...', Array, false)
#4 C:\xampp\htdocs\ITE311-MALILAY\system\Model.php(286): CodeIgniter\Database\BaseBuilder->get()
#5 C:\xampp\htdocs\ITE311-MALILAY\system\BaseModel.php(677): CodeIgniter\Model->doFindAll(0, 0)
#6 C:\xampp\htdocs\ITE311-MALILAY\app\Models\CourseTeacherModel.php(62): CodeIgniter\BaseModel->findAll()
#7 C:\xampp\htdocs\ITE311-MALILAY\app\Views\auth\dashboard.php(730): App\Models\CourseTeacherModel->getTeachersByCourse('9')
#8 C:\xampp\htdocs\ITE311-MALILAY\system\View\View.php(226): include('C:\\xampp\\htdocs...')
#9 C:\xampp\htdocs\ITE311-MALILAY\system\View\View.php(229): CodeIgniter\View\View->CodeIgniter\View\{closure}()
#10 C:\xampp\htdocs\ITE311-MALILAY\system\Common.php(1167): CodeIgniter\View\View->render('auth/dashboard', Array, true)
#11 C:\xampp\htdocs\ITE311-MALILAY\app\Controllers\Auth.php(647): view('auth/dashboard', Array)
#12 C:\xampp\htdocs\ITE311-MALILAY\system\CodeIgniter.php(933): App\Controllers\Auth->dashboard()
#13 C:\xampp\htdocs\ITE311-MALILAY\system\CodeIgniter.php(507): CodeIgniter\CodeIgniter->runController(Object(App\Controllers\Auth))
#14 C:\xampp\htdocs\ITE311-MALILAY\system\CodeIgniter.php(354): CodeIgniter\CodeIgniter->handleRequest(NULL, Object(Config\Cache), false)
#15 C:\xampp\htdocs\ITE311-MALILAY\system\Boot.php(363): CodeIgniter\CodeIgniter->run()
#16 C:\xampp\htdocs\ITE311-MALILAY\system\Boot.php(68): CodeIgniter\Boot::runCodeIgniter(Object(CodeIgniter\CodeIgniter))
#17 C:\xampp\htdocs\ITE311-MALILAY\index.php(88): CodeIgniter\Boot::bootWeb(Object(Config\Paths))
#18 {main}
ERROR - 2025-12-11 00:52:18 --> Error in getTeachersByCourse: Unknown column 'course_teachers.deleted_at' in 'where clause'
ERROR - 2025-12-11 00:52:18 --> mysqli_sql_exception: Unknown column 'course_teachers.deleted_at' in 'where clause' in C:\xampp\htdocs\ITE311-MALILAY\system\Database\MySQLi\Connection.php:327
Stack trace:
#0 C:\xampp\htdocs\ITE311-MALILAY\system\Database\MySQLi\Connection.php(327): mysqli->query('SELECT `course_...', 0)
#1 C:\xampp\htdocs\ITE311-MALILAY\system\Database\BaseConnection.php(729): CodeIgniter\Database\MySQLi\Connection->execute('SELECT `course_...')
#2 C:\xampp\htdocs\ITE311-MALILAY\system\Database\BaseConnection.php(646): CodeIgniter\Database\BaseConnection->simpleQuery('SELECT `course_...')
#3 C:\xampp\htdocs\ITE311-MALILAY\system\Database\BaseBuilder.php(1649): CodeIgniter\Database\BaseConnection->query('SELECT `course_...', Array, false)
#4 C:\xampp\htdocs\ITE311-MALILAY\system\Model.php(286): CodeIgniter\Database\BaseBuilder->get()
#5 C:\xampp\htdocs\ITE311-MALILAY\system\BaseModel.php(677): CodeIgniter\Model->doFindAll(0, 0)
#6 C:\xampp\htdocs\ITE311-MALILAY\app\Models\CourseTeacherModel.php(62): CodeIgniter\BaseModel->findAll()
#7 C:\xampp\htdocs\ITE311-MALILAY\app\Views\auth\dashboard.php(730): App\Models\CourseTeacherModel->getTeachersByCourse('10')
#8 C:\xampp\htdocs\ITE311-MALILAY\system\View\View.php(226): include('C:\\xampp\\htdocs...')
#9 C:\xampp\htdocs\ITE311-MALILAY\system\View\View.php(229): CodeIgniter\View\View->CodeIgniter\View\{closure}()
#10 C:\xampp\htdocs\ITE311-MALILAY\system\Common.php(1167): CodeIgniter\View\View->render('auth/dashboard', Array, true)
#11 C:\xampp\htdocs\ITE311-MALILAY\app\Controllers\Auth.php(647): view('auth/dashboard', Array)
#12 C:\xampp\htdocs\ITE311-MALILAY\system\CodeIgniter.php(933): App\Controllers\Auth->dashboard()
#13 C:\xampp\htdocs\ITE311-MALILAY\system\CodeIgniter.php(507): CodeIgniter\CodeIgniter->runController(Object(App\Controllers\Auth))
#14 C:\xampp\htdocs\ITE311-MALILAY\system\CodeIgniter.php(354): CodeIgniter\CodeIgniter->handleRequest(NULL, Object(Config\Cache), false)
#15 C:\xampp\htdocs\ITE311-MALILAY\system\Boot.php(363): CodeIgniter\CodeIgniter->run()
#16 C:\xampp\htdocs\ITE311-MALILAY\system\Boot.php(68): CodeIgniter\Boot::runCodeIgniter(Object(CodeIgniter\CodeIgniter))
#17 C:\xampp\htdocs\ITE311-MALILAY\index.php(88): CodeIgniter\Boot::bootWeb(Object(Config\Paths))
#18 {main}
ERROR - 2025-12-11 00:52:18 --> Error in getTeachersByCourse: Unknown column 'course_teachers.deleted_at' in 'where clause'
ERROR - 2025-12-11 00:52:18 --> mysqli_sql_exception: Unknown column 'course_teachers.deleted_at' in 'where clause' in C:\xampp\htdocs\ITE311-MALILAY\system\Database\MySQLi\Connection.php:327
Stack trace:
#0 C:\xampp\htdocs\ITE311-MALILAY\system\Database\MySQLi\Connection.php(327): mysqli->query('SELECT `course_...', 0)
#1 C:\xampp\htdocs\ITE311-MALILAY\system\Database\BaseConnection.php(729): CodeIgniter\Database\MySQLi\Connection->execute('SELECT `course_...')
#2 C:\xampp\htdocs\ITE311-MALILAY\system\Database\BaseConnection.php(646): CodeIgniter\Database\BaseConnection->simpleQuery('SELECT `course_...')
#3 C:\xampp\htdocs\ITE311-MALILAY\system\Database\BaseBuilder.php(1649): CodeIgniter\Database\BaseConnection->query('SELECT `course_...', Array, false)
#4 C:\xampp\htdocs\ITE311-MALILAY\system\Model.php(286): CodeIgniter\Database\BaseBuilder->get()
#5 C:\xampp\htdocs\ITE311-MALILAY\system\BaseModel.php(677): CodeIgniter\Model->doFindAll(0, 0)
#6 C:\xampp\htdocs\ITE311-MALILAY\app\Models\CourseTeacherModel.php(62): CodeIgniter\BaseModel->findAll()
#7 C:\xampp\htdocs\ITE311-MALILAY\app\Views\auth\dashboard.php(730): App\Models\CourseTeacherModel->getTeachersByCourse('11')
#8 C:\xampp\htdocs\ITE311-MALILAY\system\View\View.php(226): include('C:\\xampp\\htdocs...')
#9 C:\xampp\htdocs\ITE311-MALILAY\system\View\View.php(229): CodeIgniter\View\View->CodeIgniter\View\{closure}()
#10 C:\xampp\htdocs\ITE311-MALILAY\system\Common.php(1167): CodeIgniter\View\View->render('auth/dashboard', Array, true)
#11 C:\xampp\htdocs\ITE311-MALILAY\app\Controllers\Auth.php(647): view('auth/dashboard', Array)
#12 C:\xampp\htdocs\ITE311-MALILAY\system\CodeIgniter.php(933): App\Controllers\Auth->dashboard()
#13 C:\xampp\htdocs\ITE311-MALILAY\system\CodeIgniter.php(507): CodeIgniter\CodeIgniter->runController(Object(App\Controllers\Auth))
#14 C:\xampp\htdocs\ITE311-MALILAY\system\CodeIgniter.php(354): CodeIgniter\CodeIgniter->handleRequest(NULL, Object(Config\Cache), false)
#15 C:\xampp\htdocs\ITE311-MALILAY\system\Boot.php(363): CodeIgniter\CodeIgniter->run()
#16 C:\xampp\htdocs\ITE311-MALILAY\system\Boot.php(68): CodeIgniter\Boot::runCodeIgniter(Object(CodeIgniter\CodeIgniter))
#17 C:\xampp\htdocs\ITE311-MALILAY\index.php(88): CodeIgniter\Boot::bootWeb(Object(Config\Paths))
#18 {main}
ERROR - 2025-12-11 00:52:18 --> Error in getTeachersByCourse: Unknown column 'course_teachers.deleted_at' in 'where clause'
ERROR - 2025-12-11 00:52:18 --> mysqli_sql_exception: Unknown column 'course_teachers.deleted_at' in 'where clause' in C:\xampp\htdocs\ITE311-MALILAY\system\Database\MySQLi\Connection.php:327
Stack trace:
#0 C:\xampp\htdocs\ITE311-MALILAY\system\Database\MySQLi\Connection.php(327): mysqli->query('SELECT `course_...', 0)
#1 C:\xampp\htdocs\ITE311-MALILAY\system\Database\BaseConnection.php(729): CodeIgniter\Database\MySQLi\Connection->execute('SELECT `course_...')
#2 C:\xampp\htdocs\ITE311-MALILAY\system\Database\BaseConnection.php(646): CodeIgniter\Database\BaseConnection->simpleQuery('SELECT `course_...')
#3 C:\xampp\htdocs\ITE311-MALILAY\system\Database\BaseBuilder.php(1649): CodeIgniter\Database\BaseConnection->query('SELECT `course_...', Array, false)
#4 C:\xampp\htdocs\ITE311-MALILAY\system\Model.php(286): CodeIgniter\Database\BaseBuilder->get()
#5 C:\xampp\htdocs\ITE311-MALILAY\system\BaseModel.php(677): CodeIgniter\Model->doFindAll(0, 0)
#6 C:\xampp\htdocs\ITE311-MALILAY\app\Models\CourseTeacherModel.php(62): CodeIgniter\BaseModel->findAll()
#7 C:\xampp\htdocs\ITE311-MALILAY\app\Views\auth\dashboard.php(730): App\Models\CourseTeacherModel->getTeachersByCourse('12')
#8 C:\xampp\htdocs\ITE311-MALILAY\system\View\View.php(226): include('C:\\xampp\\htdocs...')
#9 C:\xampp\htdocs\ITE311-MALILAY\system\View\View.php(229): CodeIgniter\View\View->CodeIgniter\View\{closure}()
#10 C:\xampp\htdocs\ITE311-MALILAY\system\Common.php(1167): CodeIgniter\View\View->render('auth/dashboard', Array, true)
#11 C:\xampp\htdocs\ITE311-MALILAY\app\Controllers\Auth.php(647): view('auth/dashboard', Array)
#12 C:\xampp\htdocs\ITE311-MALILAY\system\CodeIgniter.php(933): App\Controllers\Auth->dashboard()
#13 C:\xampp\htdocs\ITE311-MALILAY\system\CodeIgniter.php(507): CodeIgniter\CodeIgniter->runController(Object(App\Controllers\Auth))
#14 C:\xampp\htdocs\ITE311-MALILAY\system\CodeIgniter.php(354): CodeIgniter\CodeIgniter->handleRequest(NULL, Object(Config\Cache), false)
#15 C:\xampp\htdocs\ITE311-MALILAY\system\Boot.php(363): CodeIgniter\CodeIgniter->run()
#16 C:\xampp\htdocs\ITE311-MALILAY\system\Boot.php(68): CodeIgniter\Boot::runCodeIgniter(Object(CodeIgniter\CodeIgniter))
#17 C:\xampp\htdocs\ITE311-MALILAY\index.php(88): CodeIgniter\Boot::bootWeb(Object(Config\Paths))
#18 {main}
ERROR - 2025-12-11 00:52:18 --> Error in getTeachersByCourse: Unknown column 'course_teachers.deleted_at' in 'where clause'
ERROR - 2025-12-11 00:52:20 --> mysqli_sql_exception: Unknown column 'course_teachers.deleted_at' in 'where clause' in C:\xampp\htdocs\ITE311-MALILAY\system\Database\MySQLi\Connection.php:327
Stack trace:
#0 C:\xampp\htdocs\ITE311-MALILAY\system\Database\MySQLi\Connection.php(327): mysqli->query('SELECT `course_...', 0)
#1 C:\xampp\htdocs\ITE311-MALILAY\system\Database\BaseConnection.php(729): CodeIgniter\Database\MySQLi\Connection->execute('SELECT `course_...')
#2 C:\xampp\htdocs\ITE311-MALILAY\system\Database\BaseConnection.php(646): CodeIgniter\Database\BaseConnection->simpleQuery('SELECT `course_...')
#3 C:\xampp\htdocs\ITE311-MALILAY\system\Database\BaseBuilder.php(1649): CodeIgniter\Database\BaseConnection->query('SELECT `course_...', Array, false)
#4 C:\xampp\htdocs\ITE311-MALILAY\system\Model.php(286): CodeIgniter\Database\BaseBuilder->get()
#5 C:\xampp\htdocs\ITE311-MALILAY\system\BaseModel.php(677): CodeIgniter\Model->doFindAll(0, 0)
#6 C:\xampp\htdocs\ITE311-MALILAY\app\Models\CourseTeacherModel.php(62): CodeIgniter\BaseModel->findAll()
#7 C:\xampp\htdocs\ITE311-MALILAY\app\Views\auth\dashboard.php(730): App\Models\CourseTeacherModel->getTeachersByCourse('8')
#8 C:\xampp\htdocs\ITE311-MALILAY\system\View\View.php(226): include('C:\\xampp\\htdocs...')
#9 C:\xampp\htdocs\ITE311-MALILAY\system\View\View.php(229): CodeIgniter\View\View->CodeIgniter\View\{closure}()
#10 C:\xampp\htdocs\ITE311-MALILAY\system\Common.php(1167): CodeIgniter\View\View->render('auth/dashboard', Array, true)
#11 C:\xampp\htdocs\ITE311-MALILAY\app\Controllers\Auth.php(647): view('auth/dashboard', Array)
#12 C:\xampp\htdocs\ITE311-MALILAY\system\CodeIgniter.php(933): App\Controllers\Auth->dashboard()
#13 C:\xampp\htdocs\ITE311-MALILAY\system\CodeIgniter.php(507): CodeIgniter\CodeIgniter->runController(Object(App\Controllers\Auth))
#14 C:\xampp\htdocs\ITE311-MALILAY\system\CodeIgniter.php(354): CodeIgniter\CodeIgniter->handleRequest(NULL, Object(Config\Cache), false)
#15 C:\xampp\htdocs\ITE311-MALILAY\system\Boot.php(363): CodeIgniter\CodeIgniter->run()
#16 C:\xampp\htdocs\ITE311-MALILAY\system\Boot.php(68): CodeIgniter\Boot::runCodeIgniter(Object(CodeIgniter\CodeIgniter))
#17 C:\xampp\htdocs\ITE311-MALILAY\index.php(88): CodeIgniter\Boot::bootWeb(Object(Config\Paths))
#18 {main}
ERROR - 2025-12-11 00:52:20 --> Error in getTeachersByCourse: Unknown column 'course_teachers.deleted_at' in 'where clause'
ERROR - 2025-12-11 00:52:20 --> mysqli_sql_exception: Unknown column 'course_teachers.deleted_at' in 'where clause' in C:\xampp\htdocs\ITE311-MALILAY\system\Database\MySQLi\Connection.php:327
Stack trace:
#0 C:\xampp\htdocs\ITE311-MALILAY\system\Database\MySQLi\Connection.php(327): mysqli->query('SELECT `course_...', 0)
#1 C:\xampp\htdocs\ITE311-MALILAY\system\Database\BaseConnection.php(729): CodeIgniter\Database\MySQLi\Connection->execute('SELECT `course_...')
#2 C:\xampp\htdocs\ITE311-MALILAY\system\Database\BaseConnection.php(646): CodeIgniter\Database\BaseConnection->simpleQuery('SELECT `course_...')
#3 C:\xampp\htdocs\ITE311-MALILAY\system\Database\BaseBuilder.php(1649): CodeIgniter\Database\BaseConnection->query('SELECT `course_...', Array, false)
#4 C:\xampp\htdocs\ITE311-MALILAY\system\Model.php(286): CodeIgniter\Database\BaseBuilder->get()
#5 C:\xampp\htdocs\ITE311-MALILAY\system\BaseModel.php(677): CodeIgniter\Model->doFindAll(0, 0)
#6 C:\xampp\htdocs\ITE311-MALILAY\app\Models\CourseTeacherModel.php(62): CodeIgniter\BaseModel->findAll()
#7 C:\xampp\htdocs\ITE311-MALILAY\app\Views\auth\dashboard.php(730): App\Models\CourseTeacherModel->getTeachersByCourse('9')
#8 C:\xampp\htdocs\ITE311-MALILAY\system\View\View.php(226): include('C:\\xampp\\htdocs...')
#9 C:\xampp\htdocs\ITE311-MALILAY\system\View\View.php(229): CodeIgniter\View\View->CodeIgniter\View\{closure}()
#10 C:\xampp\htdocs\ITE311-MALILAY\system\Common.php(1167): CodeIgniter\View\View->render('auth/dashboard', Array, true)
#11 C:\xampp\htdocs\ITE311-MALILAY\app\Controllers\Auth.php(647): view('auth/dashboard', Array)
#12 C:\xampp\htdocs\ITE311-MALILAY\system\CodeIgniter.php(933): App\Controllers\Auth->dashboard()
#13 C:\xampp\htdocs\ITE311-MALILAY\system\CodeIgniter.php(507): CodeIgniter\CodeIgniter->runController(Object(App\Controllers\Auth))
#14 C:\xampp\htdocs\ITE311-MALILAY\system\CodeIgniter.php(354): CodeIgniter\CodeIgniter->handleRequest(NULL, Object(Config\Cache), false)
#15 C:\xampp\htdocs\ITE311-MALILAY\system\Boot.php(363): CodeIgniter\CodeIgniter->run()
#16 C:\xampp\htdocs\ITE311-MALILAY\system\Boot.php(68): CodeIgniter\Boot::runCodeIgniter(Object(CodeIgniter\CodeIgniter))
#17 C:\xampp\htdocs\ITE311-MALILAY\index.php(88): CodeIgniter\Boot::bootWeb(Object(Config\Paths))
#18 {main}
ERROR - 2025-12-11 00:52:20 --> Error in getTeachersByCourse: Unknown column 'course_teachers.deleted_at' in 'where clause'
ERROR - 2025-12-11 00:52:20 --> mysqli_sql_exception: Unknown column 'course_teachers.deleted_at' in 'where clause' in C:\xampp\htdocs\ITE311-MALILAY\system\Database\MySQLi\Connection.php:327
Stack trace:
#0 C:\xampp\htdocs\ITE311-MALILAY\system\Database\MySQLi\Connection.php(327): mysqli->query('SELECT `course_...', 0)
#1 C:\xampp\htdocs\ITE311-MALILAY\system\Database\BaseConnection.php(729): CodeIgniter\Database\MySQLi\Connection->execute('SELECT `course_...')
#2 C:\xampp\htdocs\ITE311-MALILAY\system\Database\BaseConnection.php(646): CodeIgniter\Database\BaseConnection->simpleQuery('SELECT `course_...')
#3 C:\xampp\htdocs\ITE311-MALILAY\system\Database\BaseBuilder.php(1649): CodeIgniter\Database\BaseConnection->query('SELECT `course_...', Array, false)
#4 C:\xampp\htdocs\ITE311-MALILAY\system\Model.php(286): CodeIgniter\Database\BaseBuilder->get()
#5 C:\xampp\htdocs\ITE311-MALILAY\system\BaseModel.php(677): CodeIgniter\Model->doFindAll(0, 0)
#6 C:\xampp\htdocs\ITE311-MALILAY\app\Models\CourseTeacherModel.php(62): CodeIgniter\BaseModel->findAll()
#7 C:\xampp\htdocs\ITE311-MALILAY\app\Views\auth\dashboard.php(730): App\Models\CourseTeacherModel->getTeachersByCourse('10')
#8 C:\xampp\htdocs\ITE311-MALILAY\system\View\View.php(226): include('C:\\xampp\\htdocs...')
#9 C:\xampp\htdocs\ITE311-MALILAY\system\View\View.php(229): CodeIgniter\View\View->CodeIgniter\View\{closure}()
#10 C:\xampp\htdocs\ITE311-MALILAY\system\Common.php(1167): CodeIgniter\View\View->render('auth/dashboard', Array, true)
#11 C:\xampp\htdocs\ITE311-MALILAY\app\Controllers\Auth.php(647): view('auth/dashboard', Array)
#12 C:\xampp\htdocs\ITE311-MALILAY\system\CodeIgniter.php(933): App\Controllers\Auth->dashboard()
#13 C:\xampp\htdocs\ITE311-MALILAY\system\CodeIgniter.php(507): CodeIgniter\CodeIgniter->runController(Object(App\Controllers\Auth))
#14 C:\xampp\htdocs\ITE311-MALILAY\system\CodeIgniter.php(354): CodeIgniter\CodeIgniter->handleRequest(NULL, Object(Config\Cache), false)
#15 C:\xampp\htdocs\ITE311-MALILAY\system\Boot.php(363): CodeIgniter\CodeIgniter->run()
#16 C:\xampp\htdocs\ITE311-MALILAY\system\Boot.php(68): CodeIgniter\Boot::runCodeIgniter(Object(CodeIgniter\CodeIgniter))
#17 C:\xampp\htdocs\ITE311-MALILAY\index.php(88): CodeIgniter\Boot::bootWeb(Object(Config\Paths))
#18 {main}
ERROR - 2025-12-11 00:52:20 --> Error in getTeachersByCourse: Unknown column 'course_teachers.deleted_at' in 'where clause'
ERROR - 2025-12-11 00:52:20 --> mysqli_sql_exception: Unknown column 'course_teachers.deleted_at' in 'where clause' in C:\xampp\htdocs\ITE311-MALILAY\system\Database\MySQLi\Connection.php:327
Stack trace:
#0 C:\xampp\htdocs\ITE311-MALILAY\system\Database\MySQLi\Connection.php(327): mysqli->query('SELECT `course_...', 0)
#1 C:\xampp\htdocs\ITE311-MALILAY\system\Database\BaseConnection.php(729): CodeIgniter\Database\MySQLi\Connection->execute('SELECT `course_...')
#2 C:\xampp\htdocs\ITE311-MALILAY\system\Database\BaseConnection.php(646): CodeIgniter\Database\BaseConnection->simpleQuery('SELECT `course_...')
#3 C:\xampp\htdocs\ITE311-MALILAY\system\Database\BaseBuilder.php(1649): CodeIgniter\Database\BaseConnection->query('SELECT `course_...', Array, false)
#4 C:\xampp\htdocs\ITE311-MALILAY\system\Model.php(286): CodeIgniter\Database\BaseBuilder->get()
#5 C:\xampp\htdocs\ITE311-MALILAY\system\BaseModel.php(677): CodeIgniter\Model->doFindAll(0, 0)
#6 C:\xampp\htdocs\ITE311-MALILAY\app\Models\CourseTeacherModel.php(62): CodeIgniter\BaseModel->findAll()
#7 C:\xampp\htdocs\ITE311-MALILAY\app\Views\auth\dashboard.php(730): App\Models\CourseTeacherModel->getTeachersByCourse('11')
#8 C:\xampp\htdocs\ITE311-MALILAY\system\View\View.php(226): include('C:\\xampp\\htdocs...')
#9 C:\xampp\htdocs\ITE311-MALILAY\system\View\View.php(229): CodeIgniter\View\View->CodeIgniter\View\{closure}()
#10 C:\xampp\htdocs\ITE311-MALILAY\system\Common.php(1167): CodeIgniter\View\View->render('auth/dashboard', Array, true)
#11 C:\xampp\htdocs\ITE311-MALILAY\app\Controllers\Auth.php(647): view('auth/dashboard', Array)
#12 C:\xampp\htdocs\ITE311-MALILAY\system\CodeIgniter.php(933): App\Controllers\Auth->dashboard()
#13 C:\xampp\htdocs\ITE311-MALILAY\system\CodeIgniter.php(507): CodeIgniter\CodeIgniter->runController(Object(App\Controllers\Auth))
#14 C:\xampp\htdocs\ITE311-MALILAY\system\CodeIgniter.php(354): CodeIgniter\CodeIgniter->handleRequest(NULL, Object(Config\Cache), false)
#15 C:\xampp\htdocs\ITE311-MALILAY\system\Boot.php(363): CodeIgniter\CodeIgniter->run()
#16 C:\xampp\htdocs\ITE311-MALILAY\system\Boot.php(68): CodeIgniter\Boot::runCodeIgniter(Object(CodeIgniter\CodeIgniter))
#17 C:\xampp\htdocs\ITE311-MALILAY\index.php(88): CodeIgniter\Boot::bootWeb(Object(Config\Paths))
#18 {main}
ERROR - 2025-12-11 00:52:20 --> Error in getTeachersByCourse: Unknown column 'course_teachers.deleted_at' in 'where clause'
ERROR - 2025-12-11 00:52:20 --> mysqli_sql_exception: Unknown column 'course_teachers.deleted_at' in 'where clause' in C:\xampp\htdocs\ITE311-MALILAY\system\Database\MySQLi\Connection.php:327
Stack trace:
#0 C:\xampp\htdocs\ITE311-MALILAY\system\Database\MySQLi\Connection.php(327): mysqli->query('SELECT `course_...', 0)
#1 C:\xampp\htdocs\ITE311-MALILAY\system\Database\BaseConnection.php(729): CodeIgniter\Database\MySQLi\Connection->execute('SELECT `course_...')
#2 C:\xampp\htdocs\ITE311-MALILAY\system\Database\BaseConnection.php(646): CodeIgniter\Database\BaseConnection->simpleQuery('SELECT `course_...')
#3 C:\xampp\htdocs\ITE311-MALILAY\system\Database\BaseBuilder.php(1649): CodeIgniter\Database\BaseConnection->query('SELECT `course_...', Array, false)
#4 C:\xampp\htdocs\ITE311-MALILAY\system\Model.php(286): CodeIgniter\Database\BaseBuilder->get()
#5 C:\xampp\htdocs\ITE311-MALILAY\system\BaseModel.php(677): CodeIgniter\Model->doFindAll(0, 0)
#6 C:\xampp\htdocs\ITE311-MALILAY\app\Models\CourseTeacherModel.php(62): CodeIgniter\BaseModel->findAll()
#7 C:\xampp\htdocs\ITE311-MALILAY\app\Views\auth\dashboard.php(730): App\Models\CourseTeacherModel->getTeachersByCourse('12')
#8 C:\xampp\htdocs\ITE311-MALILAY\system\View\View.php(226): include('C:\\xampp\\htdocs...')
#9 C:\xampp\htdocs\ITE311-MALILAY\system\View\View.php(229): CodeIgniter\View\View->CodeIgniter\View\{closure}()
#10 C:\xampp\htdocs\ITE311-MALILAY\system\Common.php(1167): CodeIgniter\View\View->render('auth/dashboard', Array, true)
#11 C:\xampp\htdocs\ITE311-MALILAY\app\Controllers\Auth.php(647): view('auth/dashboard', Array)
#12 C:\xampp\htdocs\ITE311-MALILAY\system\CodeIgniter.php(933): App\Controllers\Auth->dashboard()
#13 C:\xampp\htdocs\ITE311-MALILAY\system\CodeIgniter.php(507): CodeIgniter\CodeIgniter->runController(Object(App\Controllers\Auth))
#14 C:\xampp\htdocs\ITE311-MALILAY\system\CodeIgniter.php(354): CodeIgniter\CodeIgniter->handleRequest(NULL, Object(Config\Cache), false)
#15 C:\xampp\htdocs\ITE311-MALILAY\system\Boot.php(363): CodeIgniter\CodeIgniter->run()
#16 C:\xampp\htdocs\ITE311-MALILAY\system\Boot.php(68): CodeIgniter\Boot::runCodeIgniter(Object(CodeIgniter\CodeIgniter))
#17 C:\xampp\htdocs\ITE311-MALILAY\index.php(88): CodeIgniter\Boot::bootWeb(Object(Config\Paths))
#18 {main}
ERROR - 2025-12-11 00:52:20 --> Error in getTeachersByCourse: Unknown column 'course_teachers.deleted_at' in 'where clause'
ERROR - 2025-12-11 00:52:21 --> mysqli_sql_exception: Unknown column 'course_teachers.deleted_at' in 'where clause' in C:\xampp\htdocs\ITE311-MALILAY\system\Database\MySQLi\Connection.php:327
Stack trace:
#0 C:\xampp\htdocs\ITE311-MALILAY\system\Database\MySQLi\Connection.php(327): mysqli->query('SELECT `course_...', 0)
#1 C:\xampp\htdocs\ITE311-MALILAY\system\Database\BaseConnection.php(729): CodeIgniter\Database\MySQLi\Connection->execute('SELECT `course_...')
#2 C:\xampp\htdocs\ITE311-MALILAY\system\Database\BaseConnection.php(646): CodeIgniter\Database\BaseConnection->simpleQuery('SELECT `course_...')
#3 C:\xampp\htdocs\ITE311-MALILAY\system\Database\BaseBuilder.php(1649): CodeIgniter\Database\BaseConnection->query('SELECT `course_...', Array, false)
#4 C:\xampp\htdocs\ITE311-MALILAY\system\Model.php(286): CodeIgniter\Database\BaseBuilder->get()
#5 C:\xampp\htdocs\ITE311-MALILAY\system\BaseModel.php(677): CodeIgniter\Model->doFindAll(0, 0)
#6 C:\xampp\htdocs\ITE311-MALILAY\app\Models\CourseTeacherModel.php(62): CodeIgniter\BaseModel->findAll()
#7 C:\xampp\htdocs\ITE311-MALILAY\app\Views\auth\dashboard.php(730): App\Models\CourseTeacherModel->getTeachersByCourse('8')
#8 C:\xampp\htdocs\ITE311-MALILAY\system\View\View.php(226): include('C:\\xampp\\htdocs...')
#9 C:\xampp\htdocs\ITE311-MALILAY\system\View\View.php(229): CodeIgniter\View\View->CodeIgniter\View\{closure}()
#10 C:\xampp\htdocs\ITE311-MALILAY\system\Common.php(1167): CodeIgniter\View\View->render('auth/dashboard', Array, true)
#11 C:\xampp\htdocs\ITE311-MALILAY\app\Controllers\Auth.php(647): view('auth/dashboard', Array)
#12 C:\xampp\htdocs\ITE311-MALILAY\system\CodeIgniter.php(933): App\Controllers\Auth->dashboard()
#13 C:\xampp\htdocs\ITE311-MALILAY\system\CodeIgniter.php(507): CodeIgniter\CodeIgniter->runController(Object(App\Controllers\Auth))
#14 C:\xampp\htdocs\ITE311-MALILAY\system\CodeIgniter.php(354): CodeIgniter\CodeIgniter->handleRequest(NULL, Object(Config\Cache), false)
#15 C:\xampp\htdocs\ITE311-MALILAY\system\Boot.php(363): CodeIgniter\CodeIgniter->run()
#16 C:\xampp\htdocs\ITE311-MALILAY\system\Boot.php(68): CodeIgniter\Boot::runCodeIgniter(Object(CodeIgniter\CodeIgniter))
#17 C:\xampp\htdocs\ITE311-MALILAY\index.php(88): CodeIgniter\Boot::bootWeb(Object(Config\Paths))
#18 {main}
ERROR - 2025-12-11 00:52:21 --> Error in getTeachersByCourse: Unknown column 'course_teachers.deleted_at' in 'where clause'
ERROR - 2025-12-11 00:52:21 --> mysqli_sql_exception: Unknown column 'course_teachers.deleted_at' in 'where clause' in C:\xampp\htdocs\ITE311-MALILAY\system\Database\MySQLi\Connection.php:327
Stack trace:
#0 C:\xampp\htdocs\ITE311-MALILAY\system\Database\MySQLi\Connection.php(327): mysqli->query('SELECT `course_...', 0)
#1 C:\xampp\htdocs\ITE311-MALILAY\system\Database\BaseConnection.php(729): CodeIgniter\Database\MySQLi\Connection->execute('SELECT `course_...')
#2 C:\xampp\htdocs\ITE311-MALILAY\system\Database\BaseConnection.php(646): CodeIgniter\Database\BaseConnection->simpleQuery('SELECT `course_...')
#3 C:\xampp\htdocs\ITE311-MALILAY\system\Database\BaseBuilder.php(1649): CodeIgniter\Database\BaseConnection->query('SELECT `course_...', Array, false)
#4 C:\xampp\htdocs\ITE311-MALILAY\system\Model.php(286): CodeIgniter\Database\BaseBuilder->get()
#5 C:\xampp\htdocs\ITE311-MALILAY\system\BaseModel.php(677): CodeIgniter\Model->doFindAll(0, 0)
#6 C:\xampp\htdocs\ITE311-MALILAY\app\Models\CourseTeacherModel.php(62): CodeIgniter\BaseModel->findAll()
#7 C:\xampp\htdocs\ITE311-MALILAY\app\Views\auth\dashboard.php(730): App\Models\CourseTeacherModel->getTeachersByCourse('9')
#8 C:\xampp\htdocs\ITE311-MALILAY\system\View\View.php(226): include('C:\\xampp\\htdocs...')
#9 C:\xampp\htdocs\ITE311-MALILAY\system\View\View.php(229): CodeIgniter\View\View->CodeIgniter\View\{closure}()
#10 C:\xampp\htdocs\ITE311-MALILAY\system\Common.php(1167): CodeIgniter\View\View->render('auth/dashboard', Array, true)
#11 C:\xampp\htdocs\ITE311-MALILAY\app\Controllers\Auth.php(647): view('auth/dashboard', Array)
#12 C:\xampp\htdocs\ITE311-MALILAY\system\CodeIgniter.php(933): App\Controllers\Auth->dashboard()
#13 C:\xampp\htdocs\ITE311-MALILAY\system\CodeIgniter.php(507): CodeIgniter\CodeIgniter->runController(Object(App\Controllers\Auth))
#14 C:\xampp\htdocs\ITE311-MALILAY\system\CodeIgniter.php(354): CodeIgniter\CodeIgniter->handleRequest(NULL, Object(Config\Cache), false)
#15 C:\xampp\htdocs\ITE311-MALILAY\system\Boot.php(363): CodeIgniter\CodeIgniter->run()
#16 C:\xampp\htdocs\ITE311-MALILAY\system\Boot.php(68): CodeIgniter\Boot::runCodeIgniter(Object(CodeIgniter\CodeIgniter))
#17 C:\xampp\htdocs\ITE311-MALILAY\index.php(88): CodeIgniter\Boot::bootWeb(Object(Config\Paths))
#18 {main}
ERROR - 2025-12-11 00:52:21 --> Error in getTeachersByCourse: Unknown column 'course_teachers.deleted_at' in 'where clause'
ERROR - 2025-12-11 00:52:21 --> mysqli_sql_exception: Unknown column 'course_teachers.deleted_at' in 'where clause' in C:\xampp\htdocs\ITE311-MALILAY\system\Database\MySQLi\Connection.php:327
Stack trace:
#0 C:\xampp\htdocs\ITE311-MALILAY\system\Database\MySQLi\Connection.php(327): mysqli->query('SELECT `course_...', 0)
#1 C:\xampp\htdocs\ITE311-MALILAY\system\Database\BaseConnection.php(729): CodeIgniter\Database\MySQLi\Connection->execute('SELECT `course_...')
#2 C:\xampp\htdocs\ITE311-MALILAY\system\Database\BaseConnection.php(646): CodeIgniter\Database\BaseConnection->simpleQuery('SELECT `course_...')
#3 C:\xampp\htdocs\ITE311-MALILAY\system\Database\BaseBuilder.php(1649): CodeIgniter\Database\BaseConnection->query('SELECT `course_...', Array, false)
#4 C:\xampp\htdocs\ITE311-MALILAY\system\Model.php(286): CodeIgniter\Database\BaseBuilder->get()
#5 C:\xampp\htdocs\ITE311-MALILAY\system\BaseModel.php(677): CodeIgniter\Model->doFindAll(0, 0)
#6 C:\xampp\htdocs\ITE311-MALILAY\app\Models\CourseTeacherModel.php(62): CodeIgniter\BaseModel->findAll()
#7 C:\xampp\htdocs\ITE311-MALILAY\app\Views\auth\dashboard.php(730): App\Models\CourseTeacherModel->getTeachersByCourse('10')
#8 C:\xampp\htdocs\ITE311-MALILAY\system\View\View.php(226): include('C:\\xampp\\htdocs...')
#9 C:\xampp\htdocs\ITE311-MALILAY\system\View\View.php(229): CodeIgniter\View\View->CodeIgniter\View\{closure}()
#10 C:\xampp\htdocs\ITE311-MALILAY\system\Common.php(1167): CodeIgniter\View\View->render('auth/dashboard', Array, true)
#11 C:\xampp\htdocs\ITE311-MALILAY\app\Controllers\Auth.php(647): view('auth/dashboard', Array)
#12 C:\xampp\htdocs\ITE311-MALILAY\system\CodeIgniter.php(933): App\Controllers\Auth->dashboard()
#13 C:\xampp\htdocs\ITE311-MALILAY\system\CodeIgniter.php(507): CodeIgniter\CodeIgniter->runController(Object(App\Controllers\Auth))
#14 C:\xampp\htdocs\ITE311-MALILAY\system\CodeIgniter.php(354): CodeIgniter\CodeIgniter->handleRequest(NULL, Object(Config\Cache), false)
#15 C:\xampp\htdocs\ITE311-MALILAY\system\Boot.php(363): CodeIgniter\CodeIgniter->run()
#16 C:\xampp\htdocs\ITE311-MALILAY\system\Boot.php(68): CodeIgniter\Boot::runCodeIgniter(Object(CodeIgniter\CodeIgniter))
#17 C:\xampp\htdocs\ITE311-MALILAY\index.php(88): CodeIgniter\Boot::bootWeb(Object(Config\Paths))
#18 {main}
ERROR - 2025-12-11 00:52:21 --> Error in getTeachersByCourse: Unknown column 'course_teachers.deleted_at' in 'where clause'
ERROR - 2025-12-11 00:52:21 --> mysqli_sql_exception: Unknown column 'course_teachers.deleted_at' in 'where clause' in C:\xampp\htdocs\ITE311-MALILAY\system\Database\MySQLi\Connection.php:327
Stack trace:
#0 C:\xampp\htdocs\ITE311-MALILAY\system\Database\MySQLi\Connection.php(327): mysqli->query('SELECT `course_...', 0)
#1 C:\xampp\htdocs\ITE311-MALILAY\system\Database\BaseConnection.php(729): CodeIgniter\Database\MySQLi\Connection->execute('SELECT `course_...')
#2 C:\xampp\htdocs\ITE311-MALILAY\system\Database\BaseConnection.php(646): CodeIgniter\Database\BaseConnection->simpleQuery('SELECT `course_...')
#3 C:\xampp\htdocs\ITE311-MALILAY\system\Database\BaseBuilder.php(1649): CodeIgniter\Database\BaseConnection->query('SELECT `course_...', Array, false)
#4 C:\xampp\htdocs\ITE311-MALILAY\system\Model.php(286): CodeIgniter\Database\BaseBuilder->get()
#5 C:\xampp\htdocs\ITE311-MALILAY\system\BaseModel.php(677): CodeIgniter\Model->doFindAll(0, 0)
#6 C:\xampp\htdocs\ITE311-MALILAY\app\Models\CourseTeacherModel.php(62): CodeIgniter\BaseModel->findAll()
#7 C:\xampp\htdocs\ITE311-MALILAY\app\Views\auth\dashboard.php(730): App\Models\CourseTeacherModel->getTeachersByCourse('11')
#8 C:\xampp\htdocs\ITE311-MALILAY\system\View\View.php(226): include('C:\\xampp\\htdocs...')
#9 C:\xampp\htdocs\ITE311-MALILAY\system\View\View.php(229): CodeIgniter\View\View->CodeIgniter\View\{closure}()
#10 C:\xampp\htdocs\ITE311-MALILAY\system\Common.php(1167): CodeIgniter\View\View->render('auth/dashboard', Array, true)
#11 C:\xampp\htdocs\ITE311-MALILAY\app\Controllers\Auth.php(647): view('auth/dashboard', Array)
#12 C:\xampp\htdocs\ITE311-MALILAY\system\CodeIgniter.php(933): App\Controllers\Auth->dashboard()
#13 C:\xampp\htdocs\ITE311-MALILAY\system\CodeIgniter.php(507): CodeIgniter\CodeIgniter->runController(Object(App\Controllers\Auth))
#14 C:\xampp\htdocs\ITE311-MALILAY\system\CodeIgniter.php(354): CodeIgniter\CodeIgniter->handleRequest(NULL, Object(Config\Cache), false)
#15 C:\xampp\htdocs\ITE311-MALILAY\system\Boot.php(363): CodeIgniter\CodeIgniter->run()
#16 C:\xampp\htdocs\ITE311-MALILAY\system\Boot.php(68): CodeIgniter\Boot::runCodeIgniter(Object(CodeIgniter\CodeIgniter))
#17 C:\xampp\htdocs\ITE311-MALILAY\index.php(88): CodeIgniter\Boot::bootWeb(Object(Config\Paths))
#18 {main}
ERROR - 2025-12-11 00:52:21 --> Error in getTeachersByCourse: Unknown column 'course_teachers.deleted_at' in 'where clause'
ERROR - 2025-12-11 00:52:21 --> mysqli_sql_exception: Unknown column 'course_teachers.deleted_at' in 'where clause' in C:\xampp\htdocs\ITE311-MALILAY\system\Database\MySQLi\Connection.php:327
Stack trace:
#0 C:\xampp\htdocs\ITE311-MALILAY\system\Database\MySQLi\Connection.php(327): mysqli->query('SELECT `course_...', 0)
#1 C:\xampp\htdocs\ITE311-MALILAY\system\Database\BaseConnection.php(729): CodeIgniter\Database\MySQLi\Connection->execute('SELECT `course_...')
#2 C:\xampp\htdocs\ITE311-MALILAY\system\Database\BaseConnection.php(646): CodeIgniter\Database\BaseConnection->simpleQuery('SELECT `course_...')
#3 C:\xampp\htdocs\ITE311-MALILAY\system\Database\BaseBuilder.php(1649): CodeIgniter\Database\BaseConnection->query('SELECT `course_...', Array, false)
#4 C:\xampp\htdocs\ITE311-MALILAY\system\Model.php(286): CodeIgniter\Database\BaseBuilder->get()
#5 C:\xampp\htdocs\ITE311-MALILAY\system\BaseModel.php(677): CodeIgniter\Model->doFindAll(0, 0)
#6 C:\xampp\htdocs\ITE311-MALILAY\app\Models\CourseTeacherModel.php(62): CodeIgniter\BaseModel->findAll()
#7 C:\xampp\htdocs\ITE311-MALILAY\app\Views\auth\dashboard.php(730): App\Models\CourseTeacherModel->getTeachersByCourse('12')
#8 C:\xampp\htdocs\ITE311-MALILAY\system\View\View.php(226): include('C:\\xampp\\htdocs...')
#9 C:\xampp\htdocs\ITE311-MALILAY\system\View\View.php(229): CodeIgniter\View\View->CodeIgniter\View\{closure}()
#10 C:\xampp\htdocs\ITE311-MALILAY\system\Common.php(1167): CodeIgniter\View\View->render('auth/dashboard', Array, true)
#11 C:\xampp\htdocs\ITE311-MALILAY\app\Controllers\Auth.php(647): view('auth/dashboard', Array)
#12 C:\xampp\htdocs\ITE311-MALILAY\system\CodeIgniter.php(933): App\Controllers\Auth->dashboard()
#13 C:\xampp\htdocs\ITE311-MALILAY\system\CodeIgniter.php(507): CodeIgniter\CodeIgniter->runController(Object(App\Controllers\Auth))
#14 C:\xampp\htdocs\ITE311-MALILAY\system\CodeIgniter.php(354): CodeIgniter\CodeIgniter->handleRequest(NULL, Object(Config\Cache), false)
#15 C:\xampp\htdocs\ITE311-MALILAY\system\Boot.php(363): CodeIgniter\CodeIgniter->run()
#16 C:\xampp\htdocs\ITE311-MALILAY\system\Boot.php(68): CodeIgniter\Boot::runCodeIgniter(Object(CodeIgniter\CodeIgniter))
#17 C:\xampp\htdocs\ITE311-MALILAY\index.php(88): CodeIgniter\Boot::bootWeb(Object(Config\Paths))
#18 {main}
ERROR - 2025-12-11 00:52:21 --> Error in getTeachersByCourse: Unknown column 'course_teachers.deleted_at' in 'where clause'
ERROR - 2025-12-11 00:52:45 --> mysqli_sql_exception: Unknown column 'course_teachers.deleted_at' in 'where clause' in C:\xampp\htdocs\ITE311-MALILAY\system\Database\MySQLi\Connection.php:327
Stack trace:
#0 C:\xampp\htdocs\ITE311-MALILAY\system\Database\MySQLi\Connection.php(327): mysqli->query('SELECT `course_...', 0)
#1 C:\xampp\htdocs\ITE311-MALILAY\system\Database\BaseConnection.php(729): CodeIgniter\Database\MySQLi\Connection->execute('SELECT `course_...')
#2 C:\xampp\htdocs\ITE311-MALILAY\system\Database\BaseConnection.php(646): CodeIgniter\Database\BaseConnection->simpleQuery('SELECT `course_...')
#3 C:\xampp\htdocs\ITE311-MALILAY\system\Database\BaseBuilder.php(1649): CodeIgniter\Database\BaseConnection->query('SELECT `course_...', Array, false)
#4 C:\xampp\htdocs\ITE311-MALILAY\system\Model.php(286): CodeIgniter\Database\BaseBuilder->get()
#5 C:\xampp\htdocs\ITE311-MALILAY\system\BaseModel.php(677): CodeIgniter\Model->doFindAll(0, 0)
#6 C:\xampp\htdocs\ITE311-MALILAY\app\Models\CourseTeacherModel.php(62): CodeIgniter\BaseModel->findAll()
#7 C:\xampp\htdocs\ITE311-MALILAY\app\Views\auth\dashboard.php(730): App\Models\CourseTeacherModel->getTeachersByCourse('8')
#8 C:\xampp\htdocs\ITE311-MALILAY\system\View\View.php(226): include('C:\\xampp\\htdocs...')
#9 C:\xampp\htdocs\ITE311-MALILAY\system\View\View.php(229): CodeIgniter\View\View->CodeIgniter\View\{closure}()
#10 C:\xampp\htdocs\ITE311-MALILAY\system\Common.php(1167): CodeIgniter\View\View->render('auth/dashboard', Array, true)
#11 C:\xampp\htdocs\ITE311-MALILAY\app\Controllers\Auth.php(647): view('auth/dashboard', Array)
#12 C:\xampp\htdocs\ITE311-MALILAY\system\CodeIgniter.php(933): App\Controllers\Auth->dashboard()
#13 C:\xampp\htdocs\ITE311-MALILAY\system\CodeIgniter.php(507): CodeIgniter\CodeIgniter->runController(Object(App\Controllers\Auth))
#14 C:\xampp\htdocs\ITE311-MALILAY\system\CodeIgniter.php(354): CodeIgniter\CodeIgniter->handleRequest(NULL, Object(Config\Cache), false)
#15 C:\xampp\htdocs\ITE311-MALILAY\system\Boot.php(363): CodeIgniter\CodeIgniter->run()
#16 C:\xampp\htdocs\ITE311-MALILAY\system\Boot.php(68): CodeIgniter\Boot::runCodeIgniter(Object(CodeIgniter\CodeIgniter))
#17 C:\xampp\htdocs\ITE311-MALILAY\index.php(88): CodeIgniter\Boot::bootWeb(Object(Config\Paths))
#18 {main}
ERROR - 2025-12-11 00:52:45 --> Error in getTeachersByCourse: Unknown column 'course_teachers.deleted_at' in 'where clause'
ERROR - 2025-12-11 00:52:45 --> mysqli_sql_exception: Unknown column 'course_teachers.deleted_at' in 'where clause' in C:\xampp\htdocs\ITE311-MALILAY\system\Database\MySQLi\Connection.php:327
Stack trace:
#0 C:\xampp\htdocs\ITE311-MALILAY\system\Database\MySQLi\Connection.php(327): mysqli->query('SELECT `course_...', 0)
#1 C:\xampp\htdocs\ITE311-MALILAY\system\Database\BaseConnection.php(729): CodeIgniter\Database\MySQLi\Connection->execute('SELECT `course_...')
#2 C:\xampp\htdocs\ITE311-MALILAY\system\Database\BaseConnection.php(646): CodeIgniter\Database\BaseConnection->simpleQuery('SELECT `course_...')
#3 C:\xampp\htdocs\ITE311-MALILAY\system\Database\BaseBuilder.php(1649): CodeIgniter\Database\BaseConnection->query('SELECT `course_...', Array, false)
#4 C:\xampp\htdocs\ITE311-MALILAY\system\Model.php(286): CodeIgniter\Database\BaseBuilder->get()
#5 C:\xampp\htdocs\ITE311-MALILAY\system\BaseModel.php(677): CodeIgniter\Model->doFindAll(0, 0)
#6 C:\xampp\htdocs\ITE311-MALILAY\app\Models\CourseTeacherModel.php(62): CodeIgniter\BaseModel->findAll()
#7 C:\xampp\htdocs\ITE311-MALILAY\app\Views\auth\dashboard.php(730): App\Models\CourseTeacherModel->getTeachersByCourse('9')
#8 C:\xampp\htdocs\ITE311-MALILAY\system\View\View.php(226): include('C:\\xampp\\htdocs...')
#9 C:\xampp\htdocs\ITE311-MALILAY\system\View\View.php(229): CodeIgniter\View\View->CodeIgniter\View\{closure}()
#10 C:\xampp\htdocs\ITE311-MALILAY\system\Common.php(1167): CodeIgniter\View\View->render('auth/dashboard', Array, true)
#11 C:\xampp\htdocs\ITE311-MALILAY\app\Controllers\Auth.php(647): view('auth/dashboard', Array)
#12 C:\xampp\htdocs\ITE311-MALILAY\system\CodeIgniter.php(933): App\Controllers\Auth->dashboard()
#13 C:\xampp\htdocs\ITE311-MALILAY\system\CodeIgniter.php(507): CodeIgniter\CodeIgniter->runController(Object(App\Controllers\Auth))
#14 C:\xampp\htdocs\ITE311-MALILAY\system\CodeIgniter.php(354): CodeIgniter\CodeIgniter->handleRequest(NULL, Object(Config\Cache), false)
#15 C:\xampp\htdocs\ITE311-MALILAY\system\Boot.php(363): CodeIgniter\CodeIgniter->run()
#16 C:\xampp\htdocs\ITE311-MALILAY\system\Boot.php(68): CodeIgniter\Boot::runCodeIgniter(Object(CodeIgniter\CodeIgniter))
#17 C:\xampp\htdocs\ITE311-MALILAY\index.php(88): CodeIgniter\Boot::bootWeb(Object(Config\Paths))
#18 {main}
ERROR - 2025-12-11 00:52:45 --> Error in getTeachersByCourse: Unknown column 'course_teachers.deleted_at' in 'where clause'
ERROR - 2025-12-11 00:52:45 --> mysqli_sql_exception: Unknown column 'course_teachers.deleted_at' in 'where clause' in C:\xampp\htdocs\ITE311-MALILAY\system\Database\MySQLi\Connection.php:327
Stack trace:
#0 C:\xampp\htdocs\ITE311-MALILAY\system\Database\MySQLi\Connection.php(327): mysqli->query('SELECT `course_...', 0)
#1 C:\xampp\htdocs\ITE311-MALILAY\system\Database\BaseConnection.php(729): CodeIgniter\Database\MySQLi\Connection->execute('SELECT `course_...')
#2 C:\xampp\htdocs\ITE311-MALILAY\system\Database\BaseConnection.php(646): CodeIgniter\Database\BaseConnection->simpleQuery('SELECT `course_...')
#3 C:\xampp\htdocs\ITE311-MALILAY\system\Database\BaseBuilder.php(1649): CodeIgniter\Database\BaseConnection->query('SELECT `course_...', Array, false)
#4 C:\xampp\htdocs\ITE311-MALILAY\system\Model.php(286): CodeIgniter\Database\BaseBuilder->get()
#5 C:\xampp\htdocs\ITE311-MALILAY\system\BaseModel.php(677): CodeIgniter\Model->doFindAll(0, 0)
#6 C:\xampp\htdocs\ITE311-MALILAY\app\Models\CourseTeacherModel.php(62): CodeIgniter\BaseModel->findAll()
#7 C:\xampp\htdocs\ITE311-MALILAY\app\Views\auth\dashboard.php(730): App\Models\CourseTeacherModel->getTeachersByCourse('10')
#8 C:\xampp\htdocs\ITE311-MALILAY\system\View\View.php(226): include('C:\\xampp\\htdocs...')
#9 C:\xampp\htdocs\ITE311-MALILAY\system\View\View.php(229): CodeIgniter\View\View->CodeIgniter\View\{closure}()
#10 C:\xampp\htdocs\ITE311-MALILAY\system\Common.php(1167): CodeIgniter\View\View->render('auth/dashboard', Array, true)
#11 C:\xampp\htdocs\ITE311-MALILAY\app\Controllers\Auth.php(647): view('auth/dashboard', Array)
#12 C:\xampp\htdocs\ITE311-MALILAY\system\CodeIgniter.php(933): App\Controllers\Auth->dashboard()
#13 C:\xampp\htdocs\ITE311-MALILAY\system\CodeIgniter.php(507): CodeIgniter\CodeIgniter->runController(Object(App\Controllers\Auth))
#14 C:\xampp\htdocs\ITE311-MALILAY\system\CodeIgniter.php(354): CodeIgniter\CodeIgniter->handleRequest(NULL, Object(Config\Cache), false)
#15 C:\xampp\htdocs\ITE311-MALILAY\system\Boot.php(363): CodeIgniter\CodeIgniter->run()
#16 C:\xampp\htdocs\ITE311-MALILAY\system\Boot.php(68): CodeIgniter\Boot::runCodeIgniter(Object(CodeIgniter\CodeIgniter))
#17 C:\xampp\htdocs\ITE311-MALILAY\index.php(88): CodeIgniter\Boot::bootWeb(Object(Config\Paths))
#18 {main}
ERROR - 2025-12-11 00:52:45 --> Error in getTeachersByCourse: Unknown column 'course_teachers.deleted_at' in 'where clause'
ERROR - 2025-12-11 00:52:45 --> mysqli_sql_exception: Unknown column 'course_teachers.deleted_at' in 'where clause' in C:\xampp\htdocs\ITE311-MALILAY\system\Database\MySQLi\Connection.php:327
Stack trace:
#0 C:\xampp\htdocs\ITE311-MALILAY\system\Database\MySQLi\Connection.php(327): mysqli->query('SELECT `course_...', 0)
#1 C:\xampp\htdocs\ITE311-MALILAY\system\Database\BaseConnection.php(729): CodeIgniter\Database\MySQLi\Connection->execute('SELECT `course_...')
#2 C:\xampp\htdocs\ITE311-MALILAY\system\Database\BaseConnection.php(646): CodeIgniter\Database\BaseConnection->simpleQuery('SELECT `course_...')
#3 C:\xampp\htdocs\ITE311-MALILAY\system\Database\BaseBuilder.php(1649): CodeIgniter\Database\BaseConnection->query('SELECT `course_...', Array, false)
#4 C:\xampp\htdocs\ITE311-MALILAY\system\Model.php(286): CodeIgniter\Database\BaseBuilder->get()
#5 C:\xampp\htdocs\ITE311-MALILAY\system\BaseModel.php(677): CodeIgniter\Model->doFindAll(0, 0)
#6 C:\xampp\htdocs\ITE311-MALILAY\app\Models\CourseTeacherModel.php(62): CodeIgniter\BaseModel->findAll()
#7 C:\xampp\htdocs\ITE311-MALILAY\app\Views\auth\dashboard.php(730): App\Models\CourseTeacherModel->getTeachersByCourse('11')
#8 C:\xampp\htdocs\ITE311-MALILAY\system\View\View.php(226): include('C:\\xampp\\htdocs...')
#9 C:\xampp\htdocs\ITE311-MALILAY\system\View\View.php(229): CodeIgniter\View\View->CodeIgniter\View\{closure}()
#10 C:\xampp\htdocs\ITE311-MALILAY\system\Common.php(1167): CodeIgniter\View\View->render('auth/dashboard', Array, true)
#11 C:\xampp\htdocs\ITE311-MALILAY\app\Controllers\Auth.php(647): view('auth/dashboard', Array)
#12 C:\xampp\htdocs\ITE311-MALILAY\system\CodeIgniter.php(933): App\Controllers\Auth->dashboard()
#13 C:\xampp\htdocs\ITE311-MALILAY\system\CodeIgniter.php(507): CodeIgniter\CodeIgniter->runController(Object(App\Controllers\Auth))
#14 C:\xampp\htdocs\ITE311-MALILAY\system\CodeIgniter.php(354): CodeIgniter\CodeIgniter->handleRequest(NULL, Object(Config\Cache), false)
#15 C:\xampp\htdocs\ITE311-MALILAY\system\Boot.php(363): CodeIgniter\CodeIgniter->run()
#16 C:\xampp\htdocs\ITE311-MALILAY\system\Boot.php(68): CodeIgniter\Boot::runCodeIgniter(Object(CodeIgniter\CodeIgniter))
#17 C:\xampp\htdocs\ITE311-MALILAY\index.php(88): CodeIgniter\Boot::bootWeb(Object(Config\Paths))
#18 {main}
ERROR - 2025-12-11 00:52:45 --> Error in getTeachersByCourse: Unknown column 'course_teachers.deleted_at' in 'where clause'
ERROR - 2025-12-11 00:52:45 --> mysqli_sql_exception: Unknown column 'course_teachers.deleted_at' in 'where clause' in C:\xampp\htdocs\ITE311-MALILAY\system\Database\MySQLi\Connection.php:327
Stack trace:
#0 C:\xampp\htdocs\ITE311-MALILAY\system\Database\MySQLi\Connection.php(327): mysqli->query('SELECT `course_...', 0)
#1 C:\xampp\htdocs\ITE311-MALILAY\system\Database\BaseConnection.php(729): CodeIgniter\Database\MySQLi\Connection->execute('SELECT `course_...')
#2 C:\xampp\htdocs\ITE311-MALILAY\system\Database\BaseConnection.php(646): CodeIgniter\Database\BaseConnection->simpleQuery('SELECT `course_...')
#3 C:\xampp\htdocs\ITE311-MALILAY\system\Database\BaseBuilder.php(1649): CodeIgniter\Database\BaseConnection->query('SELECT `course_...', Array, false)
#4 C:\xampp\htdocs\ITE311-MALILAY\system\Model.php(286): CodeIgniter\Database\BaseBuilder->get()
#5 C:\xampp\htdocs\ITE311-MALILAY\system\BaseModel.php(677): CodeIgniter\Model->doFindAll(0, 0)
#6 C:\xampp\htdocs\ITE311-MALILAY\app\Models\CourseTeacherModel.php(62): CodeIgniter\BaseModel->findAll()
#7 C:\xampp\htdocs\ITE311-MALILAY\app\Views\auth\dashboard.php(730): App\Models\CourseTeacherModel->getTeachersByCourse('12')
#8 C:\xampp\htdocs\ITE311-MALILAY\system\View\View.php(226): include('C:\\xampp\\htdocs...')
#9 C:\xampp\htdocs\ITE311-MALILAY\system\View\View.php(229): CodeIgniter\View\View->CodeIgniter\View\{closure}()
#10 C:\xampp\htdocs\ITE311-MALILAY\system\Common.php(1167): CodeIgniter\View\View->render('auth/dashboard', Array, true)
#11 C:\xampp\htdocs\ITE311-MALILAY\app\Controllers\Auth.php(647): view('auth/dashboard', Array)
#12 C:\xampp\htdocs\ITE311-MALILAY\system\CodeIgniter.php(933): App\Controllers\Auth->dashboard()
#13 C:\xampp\htdocs\ITE311-MALILAY\system\CodeIgniter.php(507): CodeIgniter\CodeIgniter->runController(Object(App\Controllers\Auth))
#14 C:\xampp\htdocs\ITE311-MALILAY\system\CodeIgniter.php(354): CodeIgniter\CodeIgniter->handleRequest(NULL, Object(Config\Cache), false)
#15 C:\xampp\htdocs\ITE311-MALILAY\system\Boot.php(363): CodeIgniter\CodeIgniter->run()
#16 C:\xampp\htdocs\ITE311-MALILAY\system\Boot.php(68): CodeIgniter\Boot::runCodeIgniter(Object(CodeIgniter\CodeIgniter))
#17 C:\xampp\htdocs\ITE311-MALILAY\index.php(88): CodeIgniter\Boot::bootWeb(Object(Config\Paths))
#18 {main}
ERROR - 2025-12-11 00:52:45 --> Error in getTeachersByCourse: Unknown column 'course_teachers.deleted_at' in 'where clause'
ERROR - 2025-12-11 00:52:48 --> mysqli_sql_exception: Unknown column 'course_teachers.deleted_at' in 'where clause' in C:\xampp\htdocs\ITE311-MALILAY\system\Database\MySQLi\Connection.php:327
Stack trace:
#0 C:\xampp\htdocs\ITE311-MALILAY\system\Database\MySQLi\Connection.php(327): mysqli->query('SELECT `course_...', 0)
#1 C:\xampp\htdocs\ITE311-MALILAY\system\Database\BaseConnection.php(729): CodeIgniter\Database\MySQLi\Connection->execute('SELECT `course_...')
#2 C:\xampp\htdocs\ITE311-MALILAY\system\Database\BaseConnection.php(646): CodeIgniter\Database\BaseConnection->simpleQuery('SELECT `course_...')
#3 C:\xampp\htdocs\ITE311-MALILAY\system\Database\BaseBuilder.php(1649): CodeIgniter\Database\BaseConnection->query('SELECT `course_...', Array, false)
#4 C:\xampp\htdocs\ITE311-MALILAY\system\Model.php(286): CodeIgniter\Database\BaseBuilder->get()
#5 C:\xampp\htdocs\ITE311-MALILAY\system\BaseModel.php(677): CodeIgniter\Model->doFindAll(0, 0)
#6 C:\xampp\htdocs\ITE311-MALILAY\app\Models\CourseTeacherModel.php(62): CodeIgniter\BaseModel->findAll()
#7 C:\xampp\htdocs\ITE311-MALILAY\app\Controllers\Admin.php(1567): App\Models\CourseTeacherModel->getTeachersByCourse('8')
#8 C:\xampp\htdocs\ITE311-MALILAY\system\CodeIgniter.php(933): App\Controllers\Admin->getCourseTeachers('8')
#9 C:\xampp\htdocs\ITE311-MALILAY\system\CodeIgniter.php(507): CodeIgniter\CodeIgniter->runController(Object(App\Controllers\Admin))
#10 C:\xampp\htdocs\ITE311-MALILAY\system\CodeIgniter.php(354): CodeIgniter\CodeIgniter->handleRequest(NULL, Object(Config\Cache), false)
#11 C:\xampp\htdocs\ITE311-MALILAY\system\Boot.php(363): CodeIgniter\CodeIgniter->run()
#12 C:\xampp\htdocs\ITE311-MALILAY\system\Boot.php(68): CodeIgniter\Boot::runCodeIgniter(Object(CodeIgniter\CodeIgniter))
#13 C:\xampp\htdocs\ITE311-MALILAY\index.php(88): CodeIgniter\Boot::bootWeb(Object(Config\Paths))
#14 {main}
ERROR - 2025-12-11 00:52:48 --> Error in getTeachersByCourse: Unknown column 'course_teachers.deleted_at' in 'where clause'
CRITICAL - 2025-12-11 00:52:48 --> TypeError: array_merge(): Argument #1 must be of type array, string given
[Method: GET, Route: admin/courses/8/teachers]
in SYSTEMPATH\Database\BaseBuilder.php on line 1506.
 1 SYSTEMPATH\Database\BaseBuilder.php(1506): array_merge('
ORDER BY `course_teachers`.`is_primary` DESC, `users`.`name` ASC', [...])
 2 SYSTEMPATH\Model.php(925): CodeIgniter\Database\BaseBuilder->orderBy('course_teachers.deleted_at', ' DESC')
 3 APPPATH\Controllers\Admin.php(1582): CodeIgniter\Model->__call('orderBy', [...])
 4 SYSTEMPATH\CodeIgniter.php(933): App\Controllers\Admin->getCourseTeachers('8')
 5 SYSTEMPATH\CodeIgniter.php(507): CodeIgniter\CodeIgniter->runController(Object(App\Controllers\Admin))
 6 SYSTEMPATH\CodeIgniter.php(354): CodeIgniter\CodeIgniter->handleRequest(null, Object(Config\Cache), false)
 7 SYSTEMPATH\Boot.php(363): CodeIgniter\CodeIgniter->run()
 8 SYSTEMPATH\Boot.php(68): CodeIgniter\Boot::runCodeIgniter(Object(CodeIgniter\CodeIgniter))
 9 FCPATH\index.php(88): CodeIgniter\Boot::bootWeb(Object(Config\Paths))
ERROR - 2025-12-11 00:55:41 --> mysqli_sql_exception: Unknown column 'course_teachers.deleted_at' in 'where clause' in C:\xampp\htdocs\ITE311-MALILAY\system\Database\MySQLi\Connection.php:327
Stack trace:
#0 C:\xampp\htdocs\ITE311-MALILAY\system\Database\MySQLi\Connection.php(327): mysqli->query('SELECT `course_...', 0)
#1 C:\xampp\htdocs\ITE311-MALILAY\system\Database\BaseConnection.php(729): CodeIgniter\Database\MySQLi\Connection->execute('SELECT `course_...')
#2 C:\xampp\htdocs\ITE311-MALILAY\system\Database\BaseConnection.php(646): CodeIgniter\Database\BaseConnection->simpleQuery('SELECT `course_...')
#3 C:\xampp\htdocs\ITE311-MALILAY\system\Database\BaseBuilder.php(1649): CodeIgniter\Database\BaseConnection->query('SELECT `course_...', Array, false)
#4 C:\xampp\htdocs\ITE311-MALILAY\system\Model.php(286): CodeIgniter\Database\BaseBuilder->get()
#5 C:\xampp\htdocs\ITE311-MALILAY\system\BaseModel.php(677): CodeIgniter\Model->doFindAll(0, 0)
#6 C:\xampp\htdocs\ITE311-MALILAY\app\Models\CourseTeacherModel.php(62): CodeIgniter\BaseModel->findAll()
#7 C:\xampp\htdocs\ITE311-MALILAY\app\Views\auth\dashboard.php(730): App\Models\CourseTeacherModel->getTeachersByCourse('8')
#8 C:\xampp\htdocs\ITE311-MALILAY\system\View\View.php(226): include('C:\\xampp\\htdocs...')
#9 C:\xampp\htdocs\ITE311-MALILAY\system\View\View.php(229): CodeIgniter\View\View->CodeIgniter\View\{closure}()
#10 C:\xampp\htdocs\ITE311-MALILAY\system\Common.php(1167): CodeIgniter\View\View->render('auth/dashboard', Array, true)
#11 C:\xampp\htdocs\ITE311-MALILAY\app\Controllers\Auth.php(647): view('auth/dashboard', Array)
#12 C:\xampp\htdocs\ITE311-MALILAY\system\CodeIgniter.php(933): App\Controllers\Auth->dashboard()
#13 C:\xampp\htdocs\ITE311-MALILAY\system\CodeIgniter.php(507): CodeIgniter\CodeIgniter->runController(Object(App\Controllers\Auth))
#14 C:\xampp\htdocs\ITE311-MALILAY\system\CodeIgniter.php(354): CodeIgniter\CodeIgniter->handleRequest(NULL, Object(Config\Cache), false)
#15 C:\xampp\htdocs\ITE311-MALILAY\system\Boot.php(363): CodeIgniter\CodeIgniter->run()
#16 C:\xampp\htdocs\ITE311-MALILAY\system\Boot.php(68): CodeIgniter\Boot::runCodeIgniter(Object(CodeIgniter\CodeIgniter))
#17 C:\xampp\htdocs\ITE311-MALILAY\index.php(88): CodeIgniter\Boot::bootWeb(Object(Config\Paths))
#18 {main}
ERROR - 2025-12-11 00:55:41 --> Error in getTeachersByCourse: Unknown column 'course_teachers.deleted_at' in 'where clause'
ERROR - 2025-12-11 00:55:41 --> mysqli_sql_exception: Unknown column 'course_teachers.deleted_at' in 'where clause' in C:\xampp\htdocs\ITE311-MALILAY\system\Database\MySQLi\Connection.php:327
Stack trace:
#0 C:\xampp\htdocs\ITE311-MALILAY\system\Database\MySQLi\Connection.php(327): mysqli->query('SELECT `course_...', 0)
#1 C:\xampp\htdocs\ITE311-MALILAY\system\Database\BaseConnection.php(729): CodeIgniter\Database\MySQLi\Connection->execute('SELECT `course_...')
#2 C:\xampp\htdocs\ITE311-MALILAY\system\Database\BaseConnection.php(646): CodeIgniter\Database\BaseConnection->simpleQuery('SELECT `course_...')
#3 C:\xampp\htdocs\ITE311-MALILAY\system\Database\BaseBuilder.php(1649): CodeIgniter\Database\BaseConnection->query('SELECT `course_...', Array, false)
#4 C:\xampp\htdocs\ITE311-MALILAY\system\Model.php(286): CodeIgniter\Database\BaseBuilder->get()
#5 C:\xampp\htdocs\ITE311-MALILAY\system\BaseModel.php(677): CodeIgniter\Model->doFindAll(0, 0)
#6 C:\xampp\htdocs\ITE311-MALILAY\app\Models\CourseTeacherModel.php(62): CodeIgniter\BaseModel->findAll()
#7 C:\xampp\htdocs\ITE311-MALILAY\app\Views\auth\dashboard.php(730): App\Models\CourseTeacherModel->getTeachersByCourse('9')
#8 C:\xampp\htdocs\ITE311-MALILAY\system\View\View.php(226): include('C:\\xampp\\htdocs...')
#9 C:\xampp\htdocs\ITE311-MALILAY\system\View\View.php(229): CodeIgniter\View\View->CodeIgniter\View\{closure}()
#10 C:\xampp\htdocs\ITE311-MALILAY\system\Common.php(1167): CodeIgniter\View\View->render('auth/dashboard', Array, true)
#11 C:\xampp\htdocs\ITE311-MALILAY\app\Controllers\Auth.php(647): view('auth/dashboard', Array)
#12 C:\xampp\htdocs\ITE311-MALILAY\system\CodeIgniter.php(933): App\Controllers\Auth->dashboard()
#13 C:\xampp\htdocs\ITE311-MALILAY\system\CodeIgniter.php(507): CodeIgniter\CodeIgniter->runController(Object(App\Controllers\Auth))
#14 C:\xampp\htdocs\ITE311-MALILAY\system\CodeIgniter.php(354): CodeIgniter\CodeIgniter->handleRequest(NULL, Object(Config\Cache), false)
#15 C:\xampp\htdocs\ITE311-MALILAY\system\Boot.php(363): CodeIgniter\CodeIgniter->run()
#16 C:\xampp\htdocs\ITE311-MALILAY\system\Boot.php(68): CodeIgniter\Boot::runCodeIgniter(Object(CodeIgniter\CodeIgniter))
#17 C:\xampp\htdocs\ITE311-MALILAY\index.php(88): CodeIgniter\Boot::bootWeb(Object(Config\Paths))
#18 {main}
ERROR - 2025-12-11 00:55:41 --> Error in getTeachersByCourse: Unknown column 'course_teachers.deleted_at' in 'where clause'
ERROR - 2025-12-11 00:55:41 --> mysqli_sql_exception: Unknown column 'course_teachers.deleted_at' in 'where clause' in C:\xampp\htdocs\ITE311-MALILAY\system\Database\MySQLi\Connection.php:327
Stack trace:
#0 C:\xampp\htdocs\ITE311-MALILAY\system\Database\MySQLi\Connection.php(327): mysqli->query('SELECT `course_...', 0)
#1 C:\xampp\htdocs\ITE311-MALILAY\system\Database\BaseConnection.php(729): CodeIgniter\Database\MySQLi\Connection->execute('SELECT `course_...')
#2 C:\xampp\htdocs\ITE311-MALILAY\system\Database\BaseConnection.php(646): CodeIgniter\Database\BaseConnection->simpleQuery('SELECT `course_...')
#3 C:\xampp\htdocs\ITE311-MALILAY\system\Database\BaseBuilder.php(1649): CodeIgniter\Database\BaseConnection->query('SELECT `course_...', Array, false)
#4 C:\xampp\htdocs\ITE311-MALILAY\system\Model.php(286): CodeIgniter\Database\BaseBuilder->get()
#5 C:\xampp\htdocs\ITE311-MALILAY\system\BaseModel.php(677): CodeIgniter\Model->doFindAll(0, 0)
#6 C:\xampp\htdocs\ITE311-MALILAY\app\Models\CourseTeacherModel.php(62): CodeIgniter\BaseModel->findAll()
#7 C:\xampp\htdocs\ITE311-MALILAY\app\Views\auth\dashboard.php(730): App\Models\CourseTeacherModel->getTeachersByCourse('10')
#8 C:\xampp\htdocs\ITE311-MALILAY\system\View\View.php(226): include('C:\\xampp\\htdocs...')
#9 C:\xampp\htdocs\ITE311-MALILAY\system\View\View.php(229): CodeIgniter\View\View->CodeIgniter\View\{closure}()
#10 C:\xampp\htdocs\ITE311-MALILAY\system\Common.php(1167): CodeIgniter\View\View->render('auth/dashboard', Array, true)
#11 C:\xampp\htdocs\ITE311-MALILAY\app\Controllers\Auth.php(647): view('auth/dashboard', Array)
#12 C:\xampp\htdocs\ITE311-MALILAY\system\CodeIgniter.php(933): App\Controllers\Auth->dashboard()
#13 C:\xampp\htdocs\ITE311-MALILAY\system\CodeIgniter.php(507): CodeIgniter\CodeIgniter->runController(Object(App\Controllers\Auth))
#14 C:\xampp\htdocs\ITE311-MALILAY\system\CodeIgniter.php(354): CodeIgniter\CodeIgniter->handleRequest(NULL, Object(Config\Cache), false)
#15 C:\xampp\htdocs\ITE311-MALILAY\system\Boot.php(363): CodeIgniter\CodeIgniter->run()
#16 C:\xampp\htdocs\ITE311-MALILAY\system\Boot.php(68): CodeIgniter\Boot::runCodeIgniter(Object(CodeIgniter\CodeIgniter))
#17 C:\xampp\htdocs\ITE311-MALILAY\index.php(88): CodeIgniter\Boot::bootWeb(Object(Config\Paths))
#18 {main}
ERROR - 2025-12-11 00:55:41 --> Error in getTeachersByCourse: Unknown column 'course_teachers.deleted_at' in 'where clause'
ERROR - 2025-12-11 00:55:41 --> mysqli_sql_exception: Unknown column 'course_teachers.deleted_at' in 'where clause' in C:\xampp\htdocs\ITE311-MALILAY\system\Database\MySQLi\Connection.php:327
Stack trace:
#0 C:\xampp\htdocs\ITE311-MALILAY\system\Database\MySQLi\Connection.php(327): mysqli->query('SELECT `course_...', 0)
#1 C:\xampp\htdocs\ITE311-MALILAY\system\Database\BaseConnection.php(729): CodeIgniter\Database\MySQLi\Connection->execute('SELECT `course_...')
#2 C:\xampp\htdocs\ITE311-MALILAY\system\Database\BaseConnection.php(646): CodeIgniter\Database\BaseConnection->simpleQuery('SELECT `course_...')
#3 C:\xampp\htdocs\ITE311-MALILAY\system\Database\BaseBuilder.php(1649): CodeIgniter\Database\BaseConnection->query('SELECT `course_...', Array, false)
#4 C:\xampp\htdocs\ITE311-MALILAY\system\Model.php(286): CodeIgniter\Database\BaseBuilder->get()
#5 C:\xampp\htdocs\ITE311-MALILAY\system\BaseModel.php(677): CodeIgniter\Model->doFindAll(0, 0)
#6 C:\xampp\htdocs\ITE311-MALILAY\app\Models\CourseTeacherModel.php(62): CodeIgniter\BaseModel->findAll()
#7 C:\xampp\htdocs\ITE311-MALILAY\app\Views\auth\dashboard.php(730): App\Models\CourseTeacherModel->getTeachersByCourse('11')
#8 C:\xampp\htdocs\ITE311-MALILAY\system\View\View.php(226): include('C:\\xampp\\htdocs...')
#9 C:\xampp\htdocs\ITE311-MALILAY\system\View\View.php(229): CodeIgniter\View\View->CodeIgniter\View\{closure}()
#10 C:\xampp\htdocs\ITE311-MALILAY\system\Common.php(1167): CodeIgniter\View\View->render('auth/dashboard', Array, true)
#11 C:\xampp\htdocs\ITE311-MALILAY\app\Controllers\Auth.php(647): view('auth/dashboard', Array)
#12 C:\xampp\htdocs\ITE311-MALILAY\system\CodeIgniter.php(933): App\Controllers\Auth->dashboard()
#13 C:\xampp\htdocs\ITE311-MALILAY\system\CodeIgniter.php(507): CodeIgniter\CodeIgniter->runController(Object(App\Controllers\Auth))
#14 C:\xampp\htdocs\ITE311-MALILAY\system\CodeIgniter.php(354): CodeIgniter\CodeIgniter->handleRequest(NULL, Object(Config\Cache), false)
#15 C:\xampp\htdocs\ITE311-MALILAY\system\Boot.php(363): CodeIgniter\CodeIgniter->run()
#16 C:\xampp\htdocs\ITE311-MALILAY\system\Boot.php(68): CodeIgniter\Boot::runCodeIgniter(Object(CodeIgniter\CodeIgniter))
#17 C:\xampp\htdocs\ITE311-MALILAY\index.php(88): CodeIgniter\Boot::bootWeb(Object(Config\Paths))
#18 {main}
ERROR - 2025-12-11 00:55:41 --> Error in getTeachersByCourse: Unknown column 'course_teachers.deleted_at' in 'where clause'
ERROR - 2025-12-11 00:55:41 --> mysqli_sql_exception: Unknown column 'course_teachers.deleted_at' in 'where clause' in C:\xampp\htdocs\ITE311-MALILAY\system\Database\MySQLi\Connection.php:327
Stack trace:
#0 C:\xampp\htdocs\ITE311-MALILAY\system\Database\MySQLi\Connection.php(327): mysqli->query('SELECT `course_...', 0)
#1 C:\xampp\htdocs\ITE311-MALILAY\system\Database\BaseConnection.php(729): CodeIgniter\Database\MySQLi\Connection->execute('SELECT `course_...')
#2 C:\xampp\htdocs\ITE311-MALILAY\system\Database\BaseConnection.php(646): CodeIgniter\Database\BaseConnection->simpleQuery('SELECT `course_...')
#3 C:\xampp\htdocs\ITE311-MALILAY\system\Database\BaseBuilder.php(1649): CodeIgniter\Database\BaseConnection->query('SELECT `course_...', Array, false)
#4 C:\xampp\htdocs\ITE311-MALILAY\system\Model.php(286): CodeIgniter\Database\BaseBuilder->get()
#5 C:\xampp\htdocs\ITE311-MALILAY\system\BaseModel.php(677): CodeIgniter\Model->doFindAll(0, 0)
#6 C:\xampp\htdocs\ITE311-MALILAY\app\Models\CourseTeacherModel.php(62): CodeIgniter\BaseModel->findAll()
#7 C:\xampp\htdocs\ITE311-MALILAY\app\Views\auth\dashboard.php(730): App\Models\CourseTeacherModel->getTeachersByCourse('12')
#8 C:\xampp\htdocs\ITE311-MALILAY\system\View\View.php(226): include('C:\\xampp\\htdocs...')
#9 C:\xampp\htdocs\ITE311-MALILAY\system\View\View.php(229): CodeIgniter\View\View->CodeIgniter\View\{closure}()
#10 C:\xampp\htdocs\ITE311-MALILAY\system\Common.php(1167): CodeIgniter\View\View->render('auth/dashboard', Array, true)
#11 C:\xampp\htdocs\ITE311-MALILAY\app\Controllers\Auth.php(647): view('auth/dashboard', Array)
#12 C:\xampp\htdocs\ITE311-MALILAY\system\CodeIgniter.php(933): App\Controllers\Auth->dashboard()
#13 C:\xampp\htdocs\ITE311-MALILAY\system\CodeIgniter.php(507): CodeIgniter\CodeIgniter->runController(Object(App\Controllers\Auth))
#14 C:\xampp\htdocs\ITE311-MALILAY\system\CodeIgniter.php(354): CodeIgniter\CodeIgniter->handleRequest(NULL, Object(Config\Cache), false)
#15 C:\xampp\htdocs\ITE311-MALILAY\system\Boot.php(363): CodeIgniter\CodeIgniter->run()
#16 C:\xampp\htdocs\ITE311-MALILAY\system\Boot.php(68): CodeIgniter\Boot::runCodeIgniter(Object(CodeIgniter\CodeIgniter))
#17 C:\xampp\htdocs\ITE311-MALILAY\index.php(88): CodeIgniter\Boot::bootWeb(Object(Config\Paths))
#18 {main}
ERROR - 2025-12-11 00:55:41 --> Error in getTeachersByCourse: Unknown column 'course_teachers.deleted_at' in 'where clause'
ERROR - 2025-12-11 00:55:43 --> mysqli_sql_exception: Unknown column 'course_teachers.deleted_at' in 'where clause' in C:\xampp\htdocs\ITE311-MALILAY\system\Database\MySQLi\Connection.php:327
Stack trace:
#0 C:\xampp\htdocs\ITE311-MALILAY\system\Database\MySQLi\Connection.php(327): mysqli->query('SELECT `course_...', 0)
#1 C:\xampp\htdocs\ITE311-MALILAY\system\Database\BaseConnection.php(729): CodeIgniter\Database\MySQLi\Connection->execute('SELECT `course_...')
#2 C:\xampp\htdocs\ITE311-MALILAY\system\Database\BaseConnection.php(646): CodeIgniter\Database\BaseConnection->simpleQuery('SELECT `course_...')
#3 C:\xampp\htdocs\ITE311-MALILAY\system\Database\BaseBuilder.php(1649): CodeIgniter\Database\BaseConnection->query('SELECT `course_...', Array, false)
#4 C:\xampp\htdocs\ITE311-MALILAY\system\Model.php(286): CodeIgniter\Database\BaseBuilder->get()
#5 C:\xampp\htdocs\ITE311-MALILAY\system\BaseModel.php(677): CodeIgniter\Model->doFindAll(0, 0)
#6 C:\xampp\htdocs\ITE311-MALILAY\app\Models\CourseTeacherModel.php(62): CodeIgniter\BaseModel->findAll()
#7 C:\xampp\htdocs\ITE311-MALILAY\app\Views\auth\dashboard.php(730): App\Models\CourseTeacherModel->getTeachersByCourse('8')
#8 C:\xampp\htdocs\ITE311-MALILAY\system\View\View.php(226): include('C:\\xampp\\htdocs...')
#9 C:\xampp\htdocs\ITE311-MALILAY\system\View\View.php(229): CodeIgniter\View\View->CodeIgniter\View\{closure}()
#10 C:\xampp\htdocs\ITE311-MALILAY\system\Common.php(1167): CodeIgniter\View\View->render('auth/dashboard', Array, true)
#11 C:\xampp\htdocs\ITE311-MALILAY\app\Controllers\Auth.php(647): view('auth/dashboard', Array)
#12 C:\xampp\htdocs\ITE311-MALILAY\system\CodeIgniter.php(933): App\Controllers\Auth->dashboard()
#13 C:\xampp\htdocs\ITE311-MALILAY\system\CodeIgniter.php(507): CodeIgniter\CodeIgniter->runController(Object(App\Controllers\Auth))
#14 C:\xampp\htdocs\ITE311-MALILAY\system\CodeIgniter.php(354): CodeIgniter\CodeIgniter->handleRequest(NULL, Object(Config\Cache), false)
#15 C:\xampp\htdocs\ITE311-MALILAY\system\Boot.php(363): CodeIgniter\CodeIgniter->run()
#16 C:\xampp\htdocs\ITE311-MALILAY\system\Boot.php(68): CodeIgniter\Boot::runCodeIgniter(Object(CodeIgniter\CodeIgniter))
#17 C:\xampp\htdocs\ITE311-MALILAY\index.php(88): CodeIgniter\Boot::bootWeb(Object(Config\Paths))
#18 {main}
ERROR - 2025-12-11 00:55:43 --> Error in getTeachersByCourse: Unknown column 'course_teachers.deleted_at' in 'where clause'
ERROR - 2025-12-11 00:55:43 --> mysqli_sql_exception: Unknown column 'course_teachers.deleted_at' in 'where clause' in C:\xampp\htdocs\ITE311-MALILAY\system\Database\MySQLi\Connection.php:327
Stack trace:
#0 C:\xampp\htdocs\ITE311-MALILAY\system\Database\MySQLi\Connection.php(327): mysqli->query('SELECT `course_...', 0)
#1 C:\xampp\htdocs\ITE311-MALILAY\system\Database\BaseConnection.php(729): CodeIgniter\Database\MySQLi\Connection->execute('SELECT `course_...')
#2 C:\xampp\htdocs\ITE311-MALILAY\system\Database\BaseConnection.php(646): CodeIgniter\Database\BaseConnection->simpleQuery('SELECT `course_...')
#3 C:\xampp\htdocs\ITE311-MALILAY\system\Database\BaseBuilder.php(1649): CodeIgniter\Database\BaseConnection->query('SELECT `course_...', Array, false)
#4 C:\xampp\htdocs\ITE311-MALILAY\system\Model.php(286): CodeIgniter\Database\BaseBuilder->get()
#5 C:\xampp\htdocs\ITE311-MALILAY\system\BaseModel.php(677): CodeIgniter\Model->doFindAll(0, 0)
#6 C:\xampp\htdocs\ITE311-MALILAY\app\Models\CourseTeacherModel.php(62): CodeIgniter\BaseModel->findAll()
#7 C:\xampp\htdocs\ITE311-MALILAY\app\Views\auth\dashboard.php(730): App\Models\CourseTeacherModel->getTeachersByCourse('9')
#8 C:\xampp\htdocs\ITE311-MALILAY\system\View\View.php(226): include('C:\\xampp\\htdocs...')
#9 C:\xampp\htdocs\ITE311-MALILAY\system\View\View.php(229): CodeIgniter\View\View->CodeIgniter\View\{closure}()
#10 C:\xampp\htdocs\ITE311-MALILAY\system\Common.php(1167): CodeIgniter\View\View->render('auth/dashboard', Array, true)
#11 C:\xampp\htdocs\ITE311-MALILAY\app\Controllers\Auth.php(647): view('auth/dashboard', Array)
#12 C:\xampp\htdocs\ITE311-MALILAY\system\CodeIgniter.php(933): App\Controllers\Auth->dashboard()
#13 C:\xampp\htdocs\ITE311-MALILAY\system\CodeIgniter.php(507): CodeIgniter\CodeIgniter->runController(Object(App\Controllers\Auth))
#14 C:\xampp\htdocs\ITE311-MALILAY\system\CodeIgniter.php(354): CodeIgniter\CodeIgniter->handleRequest(NULL, Object(Config\Cache), false)
#15 C:\xampp\htdocs\ITE311-MALILAY\system\Boot.php(363): CodeIgniter\CodeIgniter->run()
#16 C:\xampp\htdocs\ITE311-MALILAY\system\Boot.php(68): CodeIgniter\Boot::runCodeIgniter(Object(CodeIgniter\CodeIgniter))
#17 C:\xampp\htdocs\ITE311-MALILAY\index.php(88): CodeIgniter\Boot::bootWeb(Object(Config\Paths))
#18 {main}
ERROR - 2025-12-11 00:55:43 --> Error in getTeachersByCourse: Unknown column 'course_teachers.deleted_at' in 'where clause'
ERROR - 2025-12-11 00:55:43 --> mysqli_sql_exception: Unknown column 'course_teachers.deleted_at' in 'where clause' in C:\xampp\htdocs\ITE311-MALILAY\system\Database\MySQLi\Connection.php:327
Stack trace:
#0 C:\xampp\htdocs\ITE311-MALILAY\system\Database\MySQLi\Connection.php(327): mysqli->query('SELECT `course_...', 0)
#1 C:\xampp\htdocs\ITE311-MALILAY\system\Database\BaseConnection.php(729): CodeIgniter\Database\MySQLi\Connection->execute('SELECT `course_...')
#2 C:\xampp\htdocs\ITE311-MALILAY\system\Database\BaseConnection.php(646): CodeIgniter\Database\BaseConnection->simpleQuery('SELECT `course_...')
#3 C:\xampp\htdocs\ITE311-MALILAY\system\Database\BaseBuilder.php(1649): CodeIgniter\Database\BaseConnection->query('SELECT `course_...', Array, false)
#4 C:\xampp\htdocs\ITE311-MALILAY\system\Model.php(286): CodeIgniter\Database\BaseBuilder->get()
#5 C:\xampp\htdocs\ITE311-MALILAY\system\BaseModel.php(677): CodeIgniter\Model->doFindAll(0, 0)
#6 C:\xampp\htdocs\ITE311-MALILAY\app\Models\CourseTeacherModel.php(62): CodeIgniter\BaseModel->findAll()
#7 C:\xampp\htdocs\ITE311-MALILAY\app\Views\auth\dashboard.php(730): App\Models\CourseTeacherModel->getTeachersByCourse('10')
#8 C:\xampp\htdocs\ITE311-MALILAY\system\View\View.php(226): include('C:\\xampp\\htdocs...')
#9 C:\xampp\htdocs\ITE311-MALILAY\system\View\View.php(229): CodeIgniter\View\View->CodeIgniter\View\{closure}()
#10 C:\xampp\htdocs\ITE311-MALILAY\system\Common.php(1167): CodeIgniter\View\View->render('auth/dashboard', Array, true)
#11 C:\xampp\htdocs\ITE311-MALILAY\app\Controllers\Auth.php(647): view('auth/dashboard', Array)
#12 C:\xampp\htdocs\ITE311-MALILAY\system\CodeIgniter.php(933): App\Controllers\Auth->dashboard()
#13 C:\xampp\htdocs\ITE311-MALILAY\system\CodeIgniter.php(507): CodeIgniter\CodeIgniter->runController(Object(App\Controllers\Auth))
#14 C:\xampp\htdocs\ITE311-MALILAY\system\CodeIgniter.php(354): CodeIgniter\CodeIgniter->handleRequest(NULL, Object(Config\Cache), false)
#15 C:\xampp\htdocs\ITE311-MALILAY\system\Boot.php(363): CodeIgniter\CodeIgniter->run()
#16 C:\xampp\htdocs\ITE311-MALILAY\system\Boot.php(68): CodeIgniter\Boot::runCodeIgniter(Object(CodeIgniter\CodeIgniter))
#17 C:\xampp\htdocs\ITE311-MALILAY\index.php(88): CodeIgniter\Boot::bootWeb(Object(Config\Paths))
#18 {main}
ERROR - 2025-12-11 00:55:43 --> Error in getTeachersByCourse: Unknown column 'course_teachers.deleted_at' in 'where clause'
ERROR - 2025-12-11 00:55:43 --> mysqli_sql_exception: Unknown column 'course_teachers.deleted_at' in 'where clause' in C:\xampp\htdocs\ITE311-MALILAY\system\Database\MySQLi\Connection.php:327
Stack trace:
#0 C:\xampp\htdocs\ITE311-MALILAY\system\Database\MySQLi\Connection.php(327): mysqli->query('SELECT `course_...', 0)
#1 C:\xampp\htdocs\ITE311-MALILAY\system\Database\BaseConnection.php(729): CodeIgniter\Database\MySQLi\Connection->execute('SELECT `course_...')
#2 C:\xampp\htdocs\ITE311-MALILAY\system\Database\BaseConnection.php(646): CodeIgniter\Database\BaseConnection->simpleQuery('SELECT `course_...')
#3 C:\xampp\htdocs\ITE311-MALILAY\system\Database\BaseBuilder.php(1649): CodeIgniter\Database\BaseConnection->query('SELECT `course_...', Array, false)
#4 C:\xampp\htdocs\ITE311-MALILAY\system\Model.php(286): CodeIgniter\Database\BaseBuilder->get()
#5 C:\xampp\htdocs\ITE311-MALILAY\system\BaseModel.php(677): CodeIgniter\Model->doFindAll(0, 0)
#6 C:\xampp\htdocs\ITE311-MALILAY\app\Models\CourseTeacherModel.php(62): CodeIgniter\BaseModel->findAll()
#7 C:\xampp\htdocs\ITE311-MALILAY\app\Views\auth\dashboard.php(730): App\Models\CourseTeacherModel->getTeachersByCourse('11')
#8 C:\xampp\htdocs\ITE311-MALILAY\system\View\View.php(226): include('C:\\xampp\\htdocs...')
#9 C:\xampp\htdocs\ITE311-MALILAY\system\View\View.php(229): CodeIgniter\View\View->CodeIgniter\View\{closure}()
#10 C:\xampp\htdocs\ITE311-MALILAY\system\Common.php(1167): CodeIgniter\View\View->render('auth/dashboard', Array, true)
#11 C:\xampp\htdocs\ITE311-MALILAY\app\Controllers\Auth.php(647): view('auth/dashboard', Array)
#12 C:\xampp\htdocs\ITE311-MALILAY\system\CodeIgniter.php(933): App\Controllers\Auth->dashboard()
#13 C:\xampp\htdocs\ITE311-MALILAY\system\CodeIgniter.php(507): CodeIgniter\CodeIgniter->runController(Object(App\Controllers\Auth))
#14 C:\xampp\htdocs\ITE311-MALILAY\system\CodeIgniter.php(354): CodeIgniter\CodeIgniter->handleRequest(NULL, Object(Config\Cache), false)
#15 C:\xampp\htdocs\ITE311-MALILAY\system\Boot.php(363): CodeIgniter\CodeIgniter->run()
#16 C:\xampp\htdocs\ITE311-MALILAY\system\Boot.php(68): CodeIgniter\Boot::runCodeIgniter(Object(CodeIgniter\CodeIgniter))
#17 C:\xampp\htdocs\ITE311-MALILAY\index.php(88): CodeIgniter\Boot::bootWeb(Object(Config\Paths))
#18 {main}
ERROR - 2025-12-11 00:55:43 --> Error in getTeachersByCourse: Unknown column 'course_teachers.deleted_at' in 'where clause'
ERROR - 2025-12-11 00:55:43 --> mysqli_sql_exception: Unknown column 'course_teachers.deleted_at' in 'where clause' in C:\xampp\htdocs\ITE311-MALILAY\system\Database\MySQLi\Connection.php:327
Stack trace:
#0 C:\xampp\htdocs\ITE311-MALILAY\system\Database\MySQLi\Connection.php(327): mysqli->query('SELECT `course_...', 0)
#1 C:\xampp\htdocs\ITE311-MALILAY\system\Database\BaseConnection.php(729): CodeIgniter\Database\MySQLi\Connection->execute('SELECT `course_...')
#2 C:\xampp\htdocs\ITE311-MALILAY\system\Database\BaseConnection.php(646): CodeIgniter\Database\BaseConnection->simpleQuery('SELECT `course_...')
#3 C:\xampp\htdocs\ITE311-MALILAY\system\Database\BaseBuilder.php(1649): CodeIgniter\Database\BaseConnection->query('SELECT `course_...', Array, false)
#4 C:\xampp\htdocs\ITE311-MALILAY\system\Model.php(286): CodeIgniter\Database\BaseBuilder->get()
#5 C:\xampp\htdocs\ITE311-MALILAY\system\BaseModel.php(677): CodeIgniter\Model->doFindAll(0, 0)
#6 C:\xampp\htdocs\ITE311-MALILAY\app\Models\CourseTeacherModel.php(62): CodeIgniter\BaseModel->findAll()
#7 C:\xampp\htdocs\ITE311-MALILAY\app\Views\auth\dashboard.php(730): App\Models\CourseTeacherModel->getTeachersByCourse('12')
#8 C:\xampp\htdocs\ITE311-MALILAY\system\View\View.php(226): include('C:\\xampp\\htdocs...')
#9 C:\xampp\htdocs\ITE311-MALILAY\system\View\View.php(229): CodeIgniter\View\View->CodeIgniter\View\{closure}()
#10 C:\xampp\htdocs\ITE311-MALILAY\system\Common.php(1167): CodeIgniter\View\View->render('auth/dashboard', Array, true)
#11 C:\xampp\htdocs\ITE311-MALILAY\app\Controllers\Auth.php(647): view('auth/dashboard', Array)
#12 C:\xampp\htdocs\ITE311-MALILAY\system\CodeIgniter.php(933): App\Controllers\Auth->dashboard()
#13 C:\xampp\htdocs\ITE311-MALILAY\system\CodeIgniter.php(507): CodeIgniter\CodeIgniter->runController(Object(App\Controllers\Auth))
#14 C:\xampp\htdocs\ITE311-MALILAY\system\CodeIgniter.php(354): CodeIgniter\CodeIgniter->handleRequest(NULL, Object(Config\Cache), false)
#15 C:\xampp\htdocs\ITE311-MALILAY\system\Boot.php(363): CodeIgniter\CodeIgniter->run()
#16 C:\xampp\htdocs\ITE311-MALILAY\system\Boot.php(68): CodeIgniter\Boot::runCodeIgniter(Object(CodeIgniter\CodeIgniter))
#17 C:\xampp\htdocs\ITE311-MALILAY\index.php(88): CodeIgniter\Boot::bootWeb(Object(Config\Paths))
#18 {main}
ERROR - 2025-12-11 00:55:43 --> Error in getTeachersByCourse: Unknown column 'course_teachers.deleted_at' in 'where clause'
ERROR - 2025-12-11 00:57:05 --> mysqli_sql_exception: Unknown column 'course_teachers.deleted_at' in 'where clause' in C:\xampp\htdocs\ITE311-MALILAY\system\Database\MySQLi\Connection.php:327
Stack trace:
#0 C:\xampp\htdocs\ITE311-MALILAY\system\Database\MySQLi\Connection.php(327): mysqli->query('SELECT `course_...', 0)
#1 C:\xampp\htdocs\ITE311-MALILAY\system\Database\BaseConnection.php(729): CodeIgniter\Database\MySQLi\Connection->execute('SELECT `course_...')
#2 C:\xampp\htdocs\ITE311-MALILAY\system\Database\BaseConnection.php(646): CodeIgniter\Database\BaseConnection->simpleQuery('SELECT `course_...')
#3 C:\xampp\htdocs\ITE311-MALILAY\system\Database\BaseBuilder.php(1649): CodeIgniter\Database\BaseConnection->query('SELECT `course_...', Array, false)
#4 C:\xampp\htdocs\ITE311-MALILAY\system\Model.php(286): CodeIgniter\Database\BaseBuilder->get()
#5 C:\xampp\htdocs\ITE311-MALILAY\system\BaseModel.php(677): CodeIgniter\Model->doFindAll(0, 0)
#6 C:\xampp\htdocs\ITE311-MALILAY\app\Models\CourseTeacherModel.php(62): CodeIgniter\BaseModel->findAll()
#7 C:\xampp\htdocs\ITE311-MALILAY\app\Views\auth\dashboard.php(730): App\Models\CourseTeacherModel->getTeachersByCourse('8')
#8 C:\xampp\htdocs\ITE311-MALILAY\system\View\View.php(226): include('C:\\xampp\\htdocs...')
#9 C:\xampp\htdocs\ITE311-MALILAY\system\View\View.php(229): CodeIgniter\View\View->CodeIgniter\View\{closure}()
#10 C:\xampp\htdocs\ITE311-MALILAY\system\Common.php(1167): CodeIgniter\View\View->render('auth/dashboard', Array, true)
#11 C:\xampp\htdocs\ITE311-MALILAY\app\Controllers\Auth.php(647): view('auth/dashboard', Array)
#12 C:\xampp\htdocs\ITE311-MALILAY\system\CodeIgniter.php(933): App\Controllers\Auth->dashboard()
#13 C:\xampp\htdocs\ITE311-MALILAY\system\CodeIgniter.php(507): CodeIgniter\CodeIgniter->runController(Object(App\Controllers\Auth))
#14 C:\xampp\htdocs\ITE311-MALILAY\system\CodeIgniter.php(354): CodeIgniter\CodeIgniter->handleRequest(NULL, Object(Config\Cache), false)
#15 C:\xampp\htdocs\ITE311-MALILAY\system\Boot.php(363): CodeIgniter\CodeIgniter->run()
#16 C:\xampp\htdocs\ITE311-MALILAY\system\Boot.php(68): CodeIgniter\Boot::runCodeIgniter(Object(CodeIgniter\CodeIgniter))
#17 C:\xampp\htdocs\ITE311-MALILAY\index.php(88): CodeIgniter\Boot::bootWeb(Object(Config\Paths))
#18 {main}
ERROR - 2025-12-11 00:57:05 --> Error in getTeachersByCourse: Unknown column 'course_teachers.deleted_at' in 'where clause'
ERROR - 2025-12-11 00:57:05 --> mysqli_sql_exception: Unknown column 'course_teachers.deleted_at' in 'where clause' in C:\xampp\htdocs\ITE311-MALILAY\system\Database\MySQLi\Connection.php:327
Stack trace:
#0 C:\xampp\htdocs\ITE311-MALILAY\system\Database\MySQLi\Connection.php(327): mysqli->query('SELECT `course_...', 0)
#1 C:\xampp\htdocs\ITE311-MALILAY\system\Database\BaseConnection.php(729): CodeIgniter\Database\MySQLi\Connection->execute('SELECT `course_...')
#2 C:\xampp\htdocs\ITE311-MALILAY\system\Database\BaseConnection.php(646): CodeIgniter\Database\BaseConnection->simpleQuery('SELECT `course_...')
#3 C:\xampp\htdocs\ITE311-MALILAY\system\Database\BaseBuilder.php(1649): CodeIgniter\Database\BaseConnection->query('SELECT `course_...', Array, false)
#4 C:\xampp\htdocs\ITE311-MALILAY\system\Model.php(286): CodeIgniter\Database\BaseBuilder->get()
#5 C:\xampp\htdocs\ITE311-MALILAY\system\BaseModel.php(677): CodeIgniter\Model->doFindAll(0, 0)
#6 C:\xampp\htdocs\ITE311-MALILAY\app\Models\CourseTeacherModel.php(62): CodeIgniter\BaseModel->findAll()
#7 C:\xampp\htdocs\ITE311-MALILAY\app\Views\auth\dashboard.php(730): App\Models\CourseTeacherModel->getTeachersByCourse('9')
#8 C:\xampp\htdocs\ITE311-MALILAY\system\View\View.php(226): include('C:\\xampp\\htdocs...')
#9 C:\xampp\htdocs\ITE311-MALILAY\system\View\View.php(229): CodeIgniter\View\View->CodeIgniter\View\{closure}()
#10 C:\xampp\htdocs\ITE311-MALILAY\system\Common.php(1167): CodeIgniter\View\View->render('auth/dashboard', Array, true)
#11 C:\xampp\htdocs\ITE311-MALILAY\app\Controllers\Auth.php(647): view('auth/dashboard', Array)
#12 C:\xampp\htdocs\ITE311-MALILAY\system\CodeIgniter.php(933): App\Controllers\Auth->dashboard()
#13 C:\xampp\htdocs\ITE311-MALILAY\system\CodeIgniter.php(507): CodeIgniter\CodeIgniter->runController(Object(App\Controllers\Auth))
#14 C:\xampp\htdocs\ITE311-MALILAY\system\CodeIgniter.php(354): CodeIgniter\CodeIgniter->handleRequest(NULL, Object(Config\Cache), false)
#15 C:\xampp\htdocs\ITE311-MALILAY\system\Boot.php(363): CodeIgniter\CodeIgniter->run()
#16 C:\xampp\htdocs\ITE311-MALILAY\system\Boot.php(68): CodeIgniter\Boot::runCodeIgniter(Object(CodeIgniter\CodeIgniter))
#17 C:\xampp\htdocs\ITE311-MALILAY\index.php(88): CodeIgniter\Boot::bootWeb(Object(Config\Paths))
#18 {main}
ERROR - 2025-12-11 00:57:05 --> Error in getTeachersByCourse: Unknown column 'course_teachers.deleted_at' in 'where clause'
ERROR - 2025-12-11 00:57:05 --> mysqli_sql_exception: Unknown column 'course_teachers.deleted_at' in 'where clause' in C:\xampp\htdocs\ITE311-MALILAY\system\Database\MySQLi\Connection.php:327
Stack trace:
#0 C:\xampp\htdocs\ITE311-MALILAY\system\Database\MySQLi\Connection.php(327): mysqli->query('SELECT `course_...', 0)
#1 C:\xampp\htdocs\ITE311-MALILAY\system\Database\BaseConnection.php(729): CodeIgniter\Database\MySQLi\Connection->execute('SELECT `course_...')
#2 C:\xampp\htdocs\ITE311-MALILAY\system\Database\BaseConnection.php(646): CodeIgniter\Database\BaseConnection->simpleQuery('SELECT `course_...')
#3 C:\xampp\htdocs\ITE311-MALILAY\system\Database\BaseBuilder.php(1649): CodeIgniter\Database\BaseConnection->query('SELECT `course_...', Array, false)
#4 C:\xampp\htdocs\ITE311-MALILAY\system\Model.php(286): CodeIgniter\Database\BaseBuilder->get()
#5 C:\xampp\htdocs\ITE311-MALILAY\system\BaseModel.php(677): CodeIgniter\Model->doFindAll(0, 0)
#6 C:\xampp\htdocs\ITE311-MALILAY\app\Models\CourseTeacherModel.php(62): CodeIgniter\BaseModel->findAll()
#7 C:\xampp\htdocs\ITE311-MALILAY\app\Views\auth\dashboard.php(730): App\Models\CourseTeacherModel->getTeachersByCourse('10')
#8 C:\xampp\htdocs\ITE311-MALILAY\system\View\View.php(226): include('C:\\xampp\\htdocs...')
#9 C:\xampp\htdocs\ITE311-MALILAY\system\View\View.php(229): CodeIgniter\View\View->CodeIgniter\View\{closure}()
#10 C:\xampp\htdocs\ITE311-MALILAY\system\Common.php(1167): CodeIgniter\View\View->render('auth/dashboard', Array, true)
#11 C:\xampp\htdocs\ITE311-MALILAY\app\Controllers\Auth.php(647): view('auth/dashboard', Array)
#12 C:\xampp\htdocs\ITE311-MALILAY\system\CodeIgniter.php(933): App\Controllers\Auth->dashboard()
#13 C:\xampp\htdocs\ITE311-MALILAY\system\CodeIgniter.php(507): CodeIgniter\CodeIgniter->runController(Object(App\Controllers\Auth))
#14 C:\xampp\htdocs\ITE311-MALILAY\system\CodeIgniter.php(354): CodeIgniter\CodeIgniter->handleRequest(NULL, Object(Config\Cache), false)
#15 C:\xampp\htdocs\ITE311-MALILAY\system\Boot.php(363): CodeIgniter\CodeIgniter->run()
#16 C:\xampp\htdocs\ITE311-MALILAY\system\Boot.php(68): CodeIgniter\Boot::runCodeIgniter(Object(CodeIgniter\CodeIgniter))
#17 C:\xampp\htdocs\ITE311-MALILAY\index.php(88): CodeIgniter\Boot::bootWeb(Object(Config\Paths))
#18 {main}
ERROR - 2025-12-11 00:57:05 --> Error in getTeachersByCourse: Unknown column 'course_teachers.deleted_at' in 'where clause'
ERROR - 2025-12-11 00:57:05 --> mysqli_sql_exception: Unknown column 'course_teachers.deleted_at' in 'where clause' in C:\xampp\htdocs\ITE311-MALILAY\system\Database\MySQLi\Connection.php:327
Stack trace:
#0 C:\xampp\htdocs\ITE311-MALILAY\system\Database\MySQLi\Connection.php(327): mysqli->query('SELECT `course_...', 0)
#1 C:\xampp\htdocs\ITE311-MALILAY\system\Database\BaseConnection.php(729): CodeIgniter\Database\MySQLi\Connection->execute('SELECT `course_...')
#2 C:\xampp\htdocs\ITE311-MALILAY\system\Database\BaseConnection.php(646): CodeIgniter\Database\BaseConnection->simpleQuery('SELECT `course_...')
#3 C:\xampp\htdocs\ITE311-MALILAY\system\Database\BaseBuilder.php(1649): CodeIgniter\Database\BaseConnection->query('SELECT `course_...', Array, false)
#4 C:\xampp\htdocs\ITE311-MALILAY\system\Model.php(286): CodeIgniter\Database\BaseBuilder->get()
#5 C:\xampp\htdocs\ITE311-MALILAY\system\BaseModel.php(677): CodeIgniter\Model->doFindAll(0, 0)
#6 C:\xampp\htdocs\ITE311-MALILAY\app\Models\CourseTeacherModel.php(62): CodeIgniter\BaseModel->findAll()
#7 C:\xampp\htdocs\ITE311-MALILAY\app\Views\auth\dashboard.php(730): App\Models\CourseTeacherModel->getTeachersByCourse('11')
#8 C:\xampp\htdocs\ITE311-MALILAY\system\View\View.php(226): include('C:\\xampp\\htdocs...')
#9 C:\xampp\htdocs\ITE311-MALILAY\system\View\View.php(229): CodeIgniter\View\View->CodeIgniter\View\{closure}()
#10 C:\xampp\htdocs\ITE311-MALILAY\system\Common.php(1167): CodeIgniter\View\View->render('auth/dashboard', Array, true)
#11 C:\xampp\htdocs\ITE311-MALILAY\app\Controllers\Auth.php(647): view('auth/dashboard', Array)
#12 C:\xampp\htdocs\ITE311-MALILAY\system\CodeIgniter.php(933): App\Controllers\Auth->dashboard()
#13 C:\xampp\htdocs\ITE311-MALILAY\system\CodeIgniter.php(507): CodeIgniter\CodeIgniter->runController(Object(App\Controllers\Auth))
#14 C:\xampp\htdocs\ITE311-MALILAY\system\CodeIgniter.php(354): CodeIgniter\CodeIgniter->handleRequest(NULL, Object(Config\Cache), false)
#15 C:\xampp\htdocs\ITE311-MALILAY\system\Boot.php(363): CodeIgniter\CodeIgniter->run()
#16 C:\xampp\htdocs\ITE311-MALILAY\system\Boot.php(68): CodeIgniter\Boot::runCodeIgniter(Object(CodeIgniter\CodeIgniter))
#17 C:\xampp\htdocs\ITE311-MALILAY\index.php(88): CodeIgniter\Boot::bootWeb(Object(Config\Paths))
#18 {main}
ERROR - 2025-12-11 00:57:05 --> Error in getTeachersByCourse: Unknown column 'course_teachers.deleted_at' in 'where clause'
ERROR - 2025-12-11 00:57:05 --> mysqli_sql_exception: Unknown column 'course_teachers.deleted_at' in 'where clause' in C:\xampp\htdocs\ITE311-MALILAY\system\Database\MySQLi\Connection.php:327
Stack trace:
#0 C:\xampp\htdocs\ITE311-MALILAY\system\Database\MySQLi\Connection.php(327): mysqli->query('SELECT `course_...', 0)
#1 C:\xampp\htdocs\ITE311-MALILAY\system\Database\BaseConnection.php(729): CodeIgniter\Database\MySQLi\Connection->execute('SELECT `course_...')
#2 C:\xampp\htdocs\ITE311-MALILAY\system\Database\BaseConnection.php(646): CodeIgniter\Database\BaseConnection->simpleQuery('SELECT `course_...')
#3 C:\xampp\htdocs\ITE311-MALILAY\system\Database\BaseBuilder.php(1649): CodeIgniter\Database\BaseConnection->query('SELECT `course_...', Array, false)
#4 C:\xampp\htdocs\ITE311-MALILAY\system\Model.php(286): CodeIgniter\Database\BaseBuilder->get()
#5 C:\xampp\htdocs\ITE311-MALILAY\system\BaseModel.php(677): CodeIgniter\Model->doFindAll(0, 0)
#6 C:\xampp\htdocs\ITE311-MALILAY\app\Models\CourseTeacherModel.php(62): CodeIgniter\BaseModel->findAll()
#7 C:\xampp\htdocs\ITE311-MALILAY\app\Views\auth\dashboard.php(730): App\Models\CourseTeacherModel->getTeachersByCourse('12')
#8 C:\xampp\htdocs\ITE311-MALILAY\system\View\View.php(226): include('C:\\xampp\\htdocs...')
#9 C:\xampp\htdocs\ITE311-MALILAY\system\View\View.php(229): CodeIgniter\View\View->CodeIgniter\View\{closure}()
#10 C:\xampp\htdocs\ITE311-MALILAY\system\Common.php(1167): CodeIgniter\View\View->render('auth/dashboard', Array, true)
#11 C:\xampp\htdocs\ITE311-MALILAY\app\Controllers\Auth.php(647): view('auth/dashboard', Array)
#12 C:\xampp\htdocs\ITE311-MALILAY\system\CodeIgniter.php(933): App\Controllers\Auth->dashboard()
#13 C:\xampp\htdocs\ITE311-MALILAY\system\CodeIgniter.php(507): CodeIgniter\CodeIgniter->runController(Object(App\Controllers\Auth))
#14 C:\xampp\htdocs\ITE311-MALILAY\system\CodeIgniter.php(354): CodeIgniter\CodeIgniter->handleRequest(NULL, Object(Config\Cache), false)
#15 C:\xampp\htdocs\ITE311-MALILAY\system\Boot.php(363): CodeIgniter\CodeIgniter->run()
#16 C:\xampp\htdocs\ITE311-MALILAY\system\Boot.php(68): CodeIgniter\Boot::runCodeIgniter(Object(CodeIgniter\CodeIgniter))
#17 C:\xampp\htdocs\ITE311-MALILAY\index.php(88): CodeIgniter\Boot::bootWeb(Object(Config\Paths))
#18 {main}
ERROR - 2025-12-11 00:57:05 --> Error in getTeachersByCourse: Unknown column 'course_teachers.deleted_at' in 'where clause'
CRITICAL - 2025-12-11 01:17:41 --> Error: Call to a member function initialize() on null
[Method: POST, Route: teacher/course/9/upload]
in APPPATH\Controllers\Materials.php on line 124.
 1 APPPATH\Controllers\Materials.php(32): App\Controllers\Materials->handleFileUpload('9')
 2 SYSTEMPATH\CodeIgniter.php(933): App\Controllers\Materials->upload('9')
 3 SYSTEMPATH\CodeIgniter.php(507): CodeIgniter\CodeIgniter->runController(Object(App\Controllers\Materials))
 4 SYSTEMPATH\CodeIgniter.php(354): CodeIgniter\CodeIgniter->handleRequest(null, Object(Config\Cache), false)
 5 SYSTEMPATH\Boot.php(363): CodeIgniter\CodeIgniter->run()
 6 SYSTEMPATH\Boot.php(68): CodeIgniter\Boot::runCodeIgniter(Object(CodeIgniter\CodeIgniter))
 7 FCPATH\index.php(88): CodeIgniter\Boot::bootWeb(Object(Config\Paths))
