ERROR - 2025-12-10 13:33:28 --> mysqli_sql_exception: Cannot add or update a child row: a foreign key constraint fails (`lms_malilay`.`lessons`, CONSTRAINT `lessons_course_id_foreign` FOREIGN KEY (`course_id`) REFERENCES `courses` (`id`) ON DELETE CASCADE ON UPDATE CASCADE) in C:\xampp\htdocs\ITE311-MALILAY\system\Database\MySQLi\Connection.php:327
Stack trace:
#0 C:\xampp\htdocs\ITE311-MALILAY\system\Database\MySQLi\Connection.php(327): mysqli->query('INSERT INTO `le...', 0)
#1 C:\xampp\htdocs\ITE311-MALILAY\system\Database\BaseConnection.php(729): CodeIgniter\Database\MySQLi\Connection->execute('INSERT INTO `le...')
#2 C:\xampp\htdocs\ITE311-MALILAY\system\Database\BaseConnection.php(646): CodeIgniter\Database\BaseConnection->simpleQuery('INSERT INTO `le...')
#3 C:\xampp\htdocs\ITE311-MALILAY\system\Database\BaseBuilder.php(1841): CodeIgniter\Database\BaseConnection->query('INSERT INTO `le...', NULL, false)
#4 C:\xampp\htdocs\ITE311-MALILAY\system\Database\BaseBuilder.php(2230): CodeIgniter\Database\BaseBuilder->batchExecute('_insertBatch', 100)
#5 C:\xampp\htdocs\ITE311-MALILAY\app\Database\Seeds\LessonSeeder.php(49): CodeIgniter\Database\BaseBuilder->insertBatch(Array)
#6 C:\xampp\htdocs\ITE311-MALILAY\system\Database\Seeder.php(149): App\Database\Seeds\LessonSeeder->run()
#7 C:\xampp\htdocs\ITE311-MALILAY\system\Commands\Database\Seed.php(79): CodeIgniter\Database\Seeder->call('App\\Database\\Se...')
#8 C:\xampp\htdocs\ITE311-MALILAY\system\CLI\Commands.php(74): CodeIgniter\Commands\Database\Seed->run(Array)
#9 C:\xampp\htdocs\ITE311-MALILAY\system\CLI\Console.php(47): CodeIgniter\CLI\Commands->run('db:seed', Array)
#10 C:\xampp\htdocs\ITE311-MALILAY\system\Boot.php(388): CodeIgniter\CLI\Console->run()
#11 C:\xampp\htdocs\ITE311-MALILAY\system\Boot.php(133): CodeIgniter\Boot::runCommand(Object(CodeIgniter\CLI\Console))
#12 C:\xampp\htdocs\ITE311-MALILAY\spark(87): CodeIgniter\Boot::bootSpark(Object(Config\Paths))
#13 {main}
ERROR - 2025-12-10 13:33:44 --> mysqli_sql_exception: Cannot add or update a child row: a foreign key constraint fails (`lms_malilay`.`submissions`, CONSTRAINT `submissions_quiz_id_foreign` FOREIGN KEY (`quiz_id`) REFERENCES `quizzes` (`id`) ON DELETE CASCADE ON UPDATE CASCADE) in C:\xampp\htdocs\ITE311-MALILAY\system\Database\MySQLi\Connection.php:327
Stack trace:
#0 C:\xampp\htdocs\ITE311-MALILAY\system\Database\MySQLi\Connection.php(327): mysqli->query('INSERT INTO `su...', 0)
#1 C:\xampp\htdocs\ITE311-MALILAY\system\Database\BaseConnection.php(729): CodeIgniter\Database\MySQLi\Connection->execute('INSERT INTO `su...')
#2 C:\xampp\htdocs\ITE311-MALILAY\system\Database\BaseConnection.php(646): CodeIgniter\Database\BaseConnection->simpleQuery('INSERT INTO `su...')
#3 C:\xampp\htdocs\ITE311-MALILAY\system\Database\BaseBuilder.php(1841): CodeIgniter\Database\BaseConnection->query('INSERT INTO `su...', NULL, false)
#4 C:\xampp\htdocs\ITE311-MALILAY\system\Database\BaseBuilder.php(2230): CodeIgniter\Database\BaseBuilder->batchExecute('_insertBatch', 100)
#5 C:\xampp\htdocs\ITE311-MALILAY\app\Database\Seeds\SubmissionSeeder.php(30): CodeIgniter\Database\BaseBuilder->insertBatch(Array)
#6 C:\xampp\htdocs\ITE311-MALILAY\system\Database\Seeder.php(149): App\Database\Seeds\SubmissionSeeder->run()
#7 C:\xampp\htdocs\ITE311-MALILAY\system\Commands\Database\Seed.php(79): CodeIgniter\Database\Seeder->call('App\\Database\\Se...')
#8 C:\xampp\htdocs\ITE311-MALILAY\system\CLI\Commands.php(74): CodeIgniter\Commands\Database\Seed->run(Array)
#9 C:\xampp\htdocs\ITE311-MALILAY\system\CLI\Console.php(47): CodeIgniter\CLI\Commands->run('db:seed', Array)
#10 C:\xampp\htdocs\ITE311-MALILAY\system\Boot.php(388): CodeIgniter\CLI\Console->run()
#11 C:\xampp\htdocs\ITE311-MALILAY\system\Boot.php(133): CodeIgniter\Boot::runCommand(Object(CodeIgniter\CLI\Console))
#12 C:\xampp\htdocs\ITE311-MALILAY\spark(87): CodeIgniter\Boot::bootSpark(Object(Config\Paths))
#13 {main}
ERROR - 2025-12-10 13:35:32 --> mysqli_sql_exception: Cannot add or update a child row: a foreign key constraint fails (`lms_malilay`.`submissions`, CONSTRAINT `submissions_quiz_id_foreign` FOREIGN KEY (`quiz_id`) REFERENCES `quizzes` (`id`) ON DELETE CASCADE ON UPDATE CASCADE) in C:\xampp\htdocs\ITE311-MALILAY\system\Database\MySQLi\Connection.php:327
Stack trace:
#0 C:\xampp\htdocs\ITE311-MALILAY\system\Database\MySQLi\Connection.php(327): mysqli->query('INSERT INTO `su...', 0)
#1 C:\xampp\htdocs\ITE311-MALILAY\system\Database\BaseConnection.php(729): CodeIgniter\Database\MySQLi\Connection->execute('INSERT INTO `su...')
#2 C:\xampp\htdocs\ITE311-MALILAY\system\Database\BaseConnection.php(646): CodeIgniter\Database\BaseConnection->simpleQuery('INSERT INTO `su...')
#3 C:\xampp\htdocs\ITE311-MALILAY\system\Database\BaseBuilder.php(1841): CodeIgniter\Database\BaseConnection->query('INSERT INTO `su...', NULL, false)
#4 C:\xampp\htdocs\ITE311-MALILAY\system\Database\BaseBuilder.php(2230): CodeIgniter\Database\BaseBuilder->batchExecute('_insertBatch', 100)
#5 C:\xampp\htdocs\ITE311-MALILAY\app\Database\Seeds\SubmissionSeeder.php(30): CodeIgniter\Database\BaseBuilder->insertBatch(Array)
#6 C:\xampp\htdocs\ITE311-MALILAY\system\Database\Seeder.php(149): App\Database\Seeds\SubmissionSeeder->run()
#7 C:\xampp\htdocs\ITE311-MALILAY\system\Commands\Database\Seed.php(79): CodeIgniter\Database\Seeder->call('App\\Database\\Se...')
#8 C:\xampp\htdocs\ITE311-MALILAY\system\CLI\Commands.php(74): CodeIgniter\Commands\Database\Seed->run(Array)
#9 C:\xampp\htdocs\ITE311-MALILAY\system\CLI\Console.php(47): CodeIgniter\CLI\Commands->run('db:seed', Array)
#10 C:\xampp\htdocs\ITE311-MALILAY\system\Boot.php(388): CodeIgniter\CLI\Console->run()
#11 C:\xampp\htdocs\ITE311-MALILAY\system\Boot.php(133): CodeIgniter\Boot::runCommand(Object(CodeIgniter\CLI\Console))
#12 C:\xampp\htdocs\ITE311-MALILAY\spark(87): CodeIgniter\Boot::bootSpark(Object(Config\Paths))
#13 {main}
ERROR - 2025-12-10 17:51:15 --> mysqli_sql_exception: Unknown column 'courses.deleted_at' in 'where clause' in C:\xampp\htdocs\ITE311-MALILAY\system\Database\MySQLi\Connection.php:327
Stack trace:
#0 C:\xampp\htdocs\ITE311-MALILAY\system\Database\MySQLi\Connection.php(327): mysqli->query('SELECT *\nFROM `...', 0)
#1 C:\xampp\htdocs\ITE311-MALILAY\system\Database\BaseConnection.php(729): CodeIgniter\Database\MySQLi\Connection->execute('SELECT *\nFROM `...')
#2 C:\xampp\htdocs\ITE311-MALILAY\system\Database\BaseConnection.php(646): CodeIgniter\Database\BaseConnection->simpleQuery('SELECT *\nFROM `...')
#3 C:\xampp\htdocs\ITE311-MALILAY\system\Database\BaseBuilder.php(1649): CodeIgniter\Database\BaseConnection->query('SELECT *\nFROM `...', Array, false)
#4 C:\xampp\htdocs\ITE311-MALILAY\system\Model.php(286): CodeIgniter\Database\BaseBuilder->get()
#5 C:\xampp\htdocs\ITE311-MALILAY\system\BaseModel.php(677): CodeIgniter\Model->doFindAll(0, 0)
#6 C:\xampp\htdocs\ITE311-MALILAY\app\Controllers\Auth.php(351): CodeIgniter\BaseModel->findAll()
#7 C:\xampp\htdocs\ITE311-MALILAY\system\CodeIgniter.php(933): App\Controllers\Auth->dashboard()
#8 C:\xampp\htdocs\ITE311-MALILAY\system\CodeIgniter.php(507): CodeIgniter\CodeIgniter->runController(Object(App\Controllers\Auth))
#9 C:\xampp\htdocs\ITE311-MALILAY\system\CodeIgniter.php(354): CodeIgniter\CodeIgniter->handleRequest(NULL, Object(Config\Cache), false)
#10 C:\xampp\htdocs\ITE311-MALILAY\system\Boot.php(363): CodeIgniter\CodeIgniter->run()
#11 C:\xampp\htdocs\ITE311-MALILAY\system\Boot.php(68): CodeIgniter\Boot::runCodeIgniter(Object(CodeIgniter\CodeIgniter))
#12 C:\xampp\htdocs\ITE311-MALILAY\index.php(87): CodeIgniter\Boot::bootWeb(Object(Config\Paths))
#13 {main}
CRITICAL - 2025-12-10 17:51:15 --> CodeIgniter\Database\Exceptions\DatabaseException: Unknown column 'courses.deleted_at' in 'where clause'
[Method: GET, Route: dashboard]
in SYSTEMPATH\Database\BaseConnection.php on line 684.
 1 SYSTEMPATH\Database\BaseBuilder.php(1649): CodeIgniter\Database\BaseConnection->query('SELECT *
FROM `courses`
WHERE `courses`.`deleted_at` IS NULL
ORDER BY `title` ASC', [], false)
 2 SYSTEMPATH\Model.php(286): CodeIgniter\Database\BaseBuilder->get()
 3 SYSTEMPATH\BaseModel.php(677): CodeIgniter\Model->doFindAll(0, 0)
 4 APPPATH\Controllers\Auth.php(351): CodeIgniter\BaseModel->findAll()
 5 SYSTEMPATH\CodeIgniter.php(933): App\Controllers\Auth->dashboard()
 6 SYSTEMPATH\CodeIgniter.php(507): CodeIgniter\CodeIgniter->runController(Object(App\Controllers\Auth))
 7 SYSTEMPATH\CodeIgniter.php(354): CodeIgniter\CodeIgniter->handleRequest(null, Object(Config\Cache), false)
 8 SYSTEMPATH\Boot.php(363): CodeIgniter\CodeIgniter->run()
 9 SYSTEMPATH\Boot.php(68): CodeIgniter\Boot::runCodeIgniter(Object(CodeIgniter\CodeIgniter))
10 FCPATH\index.php(87): CodeIgniter\Boot::bootWeb(Object(Config\Paths))
CRITICAL - 2025-12-10 17:51:15 --> [Caused by] CodeIgniter\Database\Exceptions\DatabaseException: Unknown column 'courses.deleted_at' in 'where clause'
in SYSTEMPATH\Database\MySQLi\Connection.php on line 332.
 1 SYSTEMPATH\Database\BaseConnection.php(729): CodeIgniter\Database\MySQLi\Connection->execute('SELECT *
FROM `courses`
WHERE `courses`.`deleted_at` IS NULL
ORDER BY `title` ASC')
 2 SYSTEMPATH\Database\BaseConnection.php(646): CodeIgniter\Database\BaseConnection->simpleQuery('SELECT *
FROM `courses`
WHERE `courses`.`deleted_at` IS NULL
ORDER BY `title` ASC')
 3 SYSTEMPATH\Database\BaseBuilder.php(1649): CodeIgniter\Database\BaseConnection->query('SELECT *
FROM `courses`
WHERE `courses`.`deleted_at` IS NULL
ORDER BY `title` ASC', [], false)
 4 SYSTEMPATH\Model.php(286): CodeIgniter\Database\BaseBuilder->get()
 5 SYSTEMPATH\BaseModel.php(677): CodeIgniter\Model->doFindAll(0, 0)
 6 APPPATH\Controllers\Auth.php(351): CodeIgniter\BaseModel->findAll()
 7 SYSTEMPATH\CodeIgniter.php(933): App\Controllers\Auth->dashboard()
 8 SYSTEMPATH\CodeIgniter.php(507): CodeIgniter\CodeIgniter->runController(Object(App\Controllers\Auth))
 9 SYSTEMPATH\CodeIgniter.php(354): CodeIgniter\CodeIgniter->handleRequest(null, Object(Config\Cache), false)
10 SYSTEMPATH\Boot.php(363): CodeIgniter\CodeIgniter->run()
11 SYSTEMPATH\Boot.php(68): CodeIgniter\Boot::runCodeIgniter(Object(CodeIgniter\CodeIgniter))
12 FCPATH\index.php(87): CodeIgniter\Boot::bootWeb(Object(Config\Paths))
CRITICAL - 2025-12-10 17:51:15 --> [Caused by] mysqli_sql_exception: Unknown column 'courses.deleted_at' in 'where clause'
in SYSTEMPATH\Database\MySQLi\Connection.php on line 327.
 1 SYSTEMPATH\Database\MySQLi\Connection.php(327): mysqli->query('SELECT *
FROM `courses`
WHERE `courses`.`deleted_at` IS NULL
ORDER BY `title` ASC', 0)
 2 SYSTEMPATH\Database\BaseConnection.php(729): CodeIgniter\Database\MySQLi\Connection->execute('SELECT *
FROM `courses`
WHERE `courses`.`deleted_at` IS NULL
ORDER BY `title` ASC')
 3 SYSTEMPATH\Database\BaseConnection.php(646): CodeIgniter\Database\BaseConnection->simpleQuery('SELECT *
FROM `courses`
WHERE `courses`.`deleted_at` IS NULL
ORDER BY `title` ASC')
 4 SYSTEMPATH\Database\BaseBuilder.php(1649): CodeIgniter\Database\BaseConnection->query('SELECT *
FROM `courses`
WHERE `courses`.`deleted_at` IS NULL
ORDER BY `title` ASC', [], false)
 5 SYSTEMPATH\Model.php(286): CodeIgniter\Database\BaseBuilder->get()
 6 SYSTEMPATH\BaseModel.php(677): CodeIgniter\Model->doFindAll(0, 0)
 7 APPPATH\Controllers\Auth.php(351): CodeIgniter\BaseModel->findAll()
 8 SYSTEMPATH\CodeIgniter.php(933): App\Controllers\Auth->dashboard()
 9 SYSTEMPATH\CodeIgniter.php(507): CodeIgniter\CodeIgniter->runController(Object(App\Controllers\Auth))
10 SYSTEMPATH\CodeIgniter.php(354): CodeIgniter\CodeIgniter->handleRequest(null, Object(Config\Cache), false)
11 SYSTEMPATH\Boot.php(363): CodeIgniter\CodeIgniter->run()
12 SYSTEMPATH\Boot.php(68): CodeIgniter\Boot::runCodeIgniter(Object(CodeIgniter\CodeIgniter))
13 FCPATH\index.php(87): CodeIgniter\Boot::bootWeb(Object(Config\Paths))
ERROR - 2025-12-10 17:51:17 --> mysqli_sql_exception: Unknown column 'courses.deleted_at' in 'where clause' in C:\xampp\htdocs\ITE311-MALILAY\system\Database\MySQLi\Connection.php:327
Stack trace:
#0 C:\xampp\htdocs\ITE311-MALILAY\system\Database\MySQLi\Connection.php(327): mysqli->query('SELECT *\nFROM `...', 0)
#1 C:\xampp\htdocs\ITE311-MALILAY\system\Database\BaseConnection.php(729): CodeIgniter\Database\MySQLi\Connection->execute('SELECT *\nFROM `...')
#2 C:\xampp\htdocs\ITE311-MALILAY\system\Database\BaseConnection.php(646): CodeIgniter\Database\BaseConnection->simpleQuery('SELECT *\nFROM `...')
#3 C:\xampp\htdocs\ITE311-MALILAY\system\Database\BaseBuilder.php(1649): CodeIgniter\Database\BaseConnection->query('SELECT *\nFROM `...', Array, false)
#4 C:\xampp\htdocs\ITE311-MALILAY\system\Model.php(286): CodeIgniter\Database\BaseBuilder->get()
#5 C:\xampp\htdocs\ITE311-MALILAY\system\BaseModel.php(677): CodeIgniter\Model->doFindAll(0, 0)
#6 C:\xampp\htdocs\ITE311-MALILAY\app\Controllers\Auth.php(351): CodeIgniter\BaseModel->findAll()
#7 C:\xampp\htdocs\ITE311-MALILAY\system\CodeIgniter.php(933): App\Controllers\Auth->dashboard()
#8 C:\xampp\htdocs\ITE311-MALILAY\system\CodeIgniter.php(507): CodeIgniter\CodeIgniter->runController(Object(App\Controllers\Auth))
#9 C:\xampp\htdocs\ITE311-MALILAY\system\CodeIgniter.php(354): CodeIgniter\CodeIgniter->handleRequest(NULL, Object(Config\Cache), false)
#10 C:\xampp\htdocs\ITE311-MALILAY\system\Boot.php(363): CodeIgniter\CodeIgniter->run()
#11 C:\xampp\htdocs\ITE311-MALILAY\system\Boot.php(68): CodeIgniter\Boot::runCodeIgniter(Object(CodeIgniter\CodeIgniter))
#12 C:\xampp\htdocs\ITE311-MALILAY\index.php(87): CodeIgniter\Boot::bootWeb(Object(Config\Paths))
#13 {main}
CRITICAL - 2025-12-10 17:51:17 --> CodeIgniter\Database\Exceptions\DatabaseException: Unknown column 'courses.deleted_at' in 'where clause'
[Method: GET, Route: dashboard]
in SYSTEMPATH\Database\BaseConnection.php on line 684.
 1 SYSTEMPATH\Database\BaseBuilder.php(1649): CodeIgniter\Database\BaseConnection->query('SELECT *
FROM `courses`
WHERE `courses`.`deleted_at` IS NULL
ORDER BY `title` ASC', [], false)
 2 SYSTEMPATH\Model.php(286): CodeIgniter\Database\BaseBuilder->get()
 3 SYSTEMPATH\BaseModel.php(677): CodeIgniter\Model->doFindAll(0, 0)
 4 APPPATH\Controllers\Auth.php(351): CodeIgniter\BaseModel->findAll()
 5 SYSTEMPATH\CodeIgniter.php(933): App\Controllers\Auth->dashboard()
 6 SYSTEMPATH\CodeIgniter.php(507): CodeIgniter\CodeIgniter->runController(Object(App\Controllers\Auth))
 7 SYSTEMPATH\CodeIgniter.php(354): CodeIgniter\CodeIgniter->handleRequest(null, Object(Config\Cache), false)
 8 SYSTEMPATH\Boot.php(363): CodeIgniter\CodeIgniter->run()
 9 SYSTEMPATH\Boot.php(68): CodeIgniter\Boot::runCodeIgniter(Object(CodeIgniter\CodeIgniter))
10 FCPATH\index.php(87): CodeIgniter\Boot::bootWeb(Object(Config\Paths))
CRITICAL - 2025-12-10 17:51:17 --> [Caused by] CodeIgniter\Database\Exceptions\DatabaseException: Unknown column 'courses.deleted_at' in 'where clause'
in SYSTEMPATH\Database\MySQLi\Connection.php on line 332.
 1 SYSTEMPATH\Database\BaseConnection.php(729): CodeIgniter\Database\MySQLi\Connection->execute('SELECT *
FROM `courses`
WHERE `courses`.`deleted_at` IS NULL
ORDER BY `title` ASC')
 2 SYSTEMPATH\Database\BaseConnection.php(646): CodeIgniter\Database\BaseConnection->simpleQuery('SELECT *
FROM `courses`
WHERE `courses`.`deleted_at` IS NULL
ORDER BY `title` ASC')
 3 SYSTEMPATH\Database\BaseBuilder.php(1649): CodeIgniter\Database\BaseConnection->query('SELECT *
FROM `courses`
WHERE `courses`.`deleted_at` IS NULL
ORDER BY `title` ASC', [], false)
 4 SYSTEMPATH\Model.php(286): CodeIgniter\Database\BaseBuilder->get()
 5 SYSTEMPATH\BaseModel.php(677): CodeIgniter\Model->doFindAll(0, 0)
 6 APPPATH\Controllers\Auth.php(351): CodeIgniter\BaseModel->findAll()
 7 SYSTEMPATH\CodeIgniter.php(933): App\Controllers\Auth->dashboard()
 8 SYSTEMPATH\CodeIgniter.php(507): CodeIgniter\CodeIgniter->runController(Object(App\Controllers\Auth))
 9 SYSTEMPATH\CodeIgniter.php(354): CodeIgniter\CodeIgniter->handleRequest(null, Object(Config\Cache), false)
10 SYSTEMPATH\Boot.php(363): CodeIgniter\CodeIgniter->run()
11 SYSTEMPATH\Boot.php(68): CodeIgniter\Boot::runCodeIgniter(Object(CodeIgniter\CodeIgniter))
12 FCPATH\index.php(87): CodeIgniter\Boot::bootWeb(Object(Config\Paths))
CRITICAL - 2025-12-10 17:51:17 --> [Caused by] mysqli_sql_exception: Unknown column 'courses.deleted_at' in 'where clause'
in SYSTEMPATH\Database\MySQLi\Connection.php on line 327.
 1 SYSTEMPATH\Database\MySQLi\Connection.php(327): mysqli->query('SELECT *
FROM `courses`
WHERE `courses`.`deleted_at` IS NULL
ORDER BY `title` ASC', 0)
 2 SYSTEMPATH\Database\BaseConnection.php(729): CodeIgniter\Database\MySQLi\Connection->execute('SELECT *
FROM `courses`
WHERE `courses`.`deleted_at` IS NULL
ORDER BY `title` ASC')
 3 SYSTEMPATH\Database\BaseConnection.php(646): CodeIgniter\Database\BaseConnection->simpleQuery('SELECT *
FROM `courses`
WHERE `courses`.`deleted_at` IS NULL
ORDER BY `title` ASC')
 4 SYSTEMPATH\Database\BaseBuilder.php(1649): CodeIgniter\Database\BaseConnection->query('SELECT *
FROM `courses`
WHERE `courses`.`deleted_at` IS NULL
ORDER BY `title` ASC', [], false)
 5 SYSTEMPATH\Model.php(286): CodeIgniter\Database\BaseBuilder->get()
 6 SYSTEMPATH\BaseModel.php(677): CodeIgniter\Model->doFindAll(0, 0)
 7 APPPATH\Controllers\Auth.php(351): CodeIgniter\BaseModel->findAll()
 8 SYSTEMPATH\CodeIgniter.php(933): App\Controllers\Auth->dashboard()
 9 SYSTEMPATH\CodeIgniter.php(507): CodeIgniter\CodeIgniter->runController(Object(App\Controllers\Auth))
10 SYSTEMPATH\CodeIgniter.php(354): CodeIgniter\CodeIgniter->handleRequest(null, Object(Config\Cache), false)
11 SYSTEMPATH\Boot.php(363): CodeIgniter\CodeIgniter->run()
12 SYSTEMPATH\Boot.php(68): CodeIgniter\Boot::runCodeIgniter(Object(CodeIgniter\CodeIgniter))
13 FCPATH\index.php(87): CodeIgniter\Boot::bootWeb(Object(Config\Paths))
ERROR - 2025-12-10 17:51:47 --> mysqli_sql_exception: Unknown column 'courses.deleted_at' in 'where clause' in C:\xampp\htdocs\ITE311-MALILAY\system\Database\MySQLi\Connection.php:327
Stack trace:
#0 C:\xampp\htdocs\ITE311-MALILAY\system\Database\MySQLi\Connection.php(327): mysqli->query('SELECT *\nFROM `...', 0)
#1 C:\xampp\htdocs\ITE311-MALILAY\system\Database\BaseConnection.php(729): CodeIgniter\Database\MySQLi\Connection->execute('SELECT *\nFROM `...')
#2 C:\xampp\htdocs\ITE311-MALILAY\system\Database\BaseConnection.php(646): CodeIgniter\Database\BaseConnection->simpleQuery('SELECT *\nFROM `...')
#3 C:\xampp\htdocs\ITE311-MALILAY\system\Database\BaseBuilder.php(1649): CodeIgniter\Database\BaseConnection->query('SELECT *\nFROM `...', Array, false)
#4 C:\xampp\htdocs\ITE311-MALILAY\system\Model.php(286): CodeIgniter\Database\BaseBuilder->get()
#5 C:\xampp\htdocs\ITE311-MALILAY\system\BaseModel.php(677): CodeIgniter\Model->doFindAll(0, 0)
#6 C:\xampp\htdocs\ITE311-MALILAY\app\Controllers\Auth.php(351): CodeIgniter\BaseModel->findAll()
#7 C:\xampp\htdocs\ITE311-MALILAY\system\CodeIgniter.php(933): App\Controllers\Auth->dashboard()
#8 C:\xampp\htdocs\ITE311-MALILAY\system\CodeIgniter.php(507): CodeIgniter\CodeIgniter->runController(Object(App\Controllers\Auth))
#9 C:\xampp\htdocs\ITE311-MALILAY\system\CodeIgniter.php(354): CodeIgniter\CodeIgniter->handleRequest(NULL, Object(Config\Cache), false)
#10 C:\xampp\htdocs\ITE311-MALILAY\system\Boot.php(363): CodeIgniter\CodeIgniter->run()
#11 C:\xampp\htdocs\ITE311-MALILAY\system\Boot.php(68): CodeIgniter\Boot::runCodeIgniter(Object(CodeIgniter\CodeIgniter))
#12 C:\xampp\htdocs\ITE311-MALILAY\index.php(87): CodeIgniter\Boot::bootWeb(Object(Config\Paths))
#13 {main}
CRITICAL - 2025-12-10 17:51:47 --> CodeIgniter\Database\Exceptions\DatabaseException: Unknown column 'courses.deleted_at' in 'where clause'
[Method: GET, Route: dashboard]
in SYSTEMPATH\Database\BaseConnection.php on line 684.
 1 SYSTEMPATH\Database\BaseBuilder.php(1649): CodeIgniter\Database\BaseConnection->query('SELECT *
FROM `courses`
WHERE `courses`.`deleted_at` IS NULL
ORDER BY `title` ASC', [], false)
 2 SYSTEMPATH\Model.php(286): CodeIgniter\Database\BaseBuilder->get()
 3 SYSTEMPATH\BaseModel.php(677): CodeIgniter\Model->doFindAll(0, 0)
 4 APPPATH\Controllers\Auth.php(351): CodeIgniter\BaseModel->findAll()
 5 SYSTEMPATH\CodeIgniter.php(933): App\Controllers\Auth->dashboard()
 6 SYSTEMPATH\CodeIgniter.php(507): CodeIgniter\CodeIgniter->runController(Object(App\Controllers\Auth))
 7 SYSTEMPATH\CodeIgniter.php(354): CodeIgniter\CodeIgniter->handleRequest(null, Object(Config\Cache), false)
 8 SYSTEMPATH\Boot.php(363): CodeIgniter\CodeIgniter->run()
 9 SYSTEMPATH\Boot.php(68): CodeIgniter\Boot::runCodeIgniter(Object(CodeIgniter\CodeIgniter))
10 FCPATH\index.php(87): CodeIgniter\Boot::bootWeb(Object(Config\Paths))
CRITICAL - 2025-12-10 17:51:47 --> [Caused by] CodeIgniter\Database\Exceptions\DatabaseException: Unknown column 'courses.deleted_at' in 'where clause'
in SYSTEMPATH\Database\MySQLi\Connection.php on line 332.
 1 SYSTEMPATH\Database\BaseConnection.php(729): CodeIgniter\Database\MySQLi\Connection->execute('SELECT *
FROM `courses`
WHERE `courses`.`deleted_at` IS NULL
ORDER BY `title` ASC')
 2 SYSTEMPATH\Database\BaseConnection.php(646): CodeIgniter\Database\BaseConnection->simpleQuery('SELECT *
FROM `courses`
WHERE `courses`.`deleted_at` IS NULL
ORDER BY `title` ASC')
 3 SYSTEMPATH\Database\BaseBuilder.php(1649): CodeIgniter\Database\BaseConnection->query('SELECT *
FROM `courses`
WHERE `courses`.`deleted_at` IS NULL
ORDER BY `title` ASC', [], false)
 4 SYSTEMPATH\Model.php(286): CodeIgniter\Database\BaseBuilder->get()
 5 SYSTEMPATH\BaseModel.php(677): CodeIgniter\Model->doFindAll(0, 0)
 6 APPPATH\Controllers\Auth.php(351): CodeIgniter\BaseModel->findAll()
 7 SYSTEMPATH\CodeIgniter.php(933): App\Controllers\Auth->dashboard()
 8 SYSTEMPATH\CodeIgniter.php(507): CodeIgniter\CodeIgniter->runController(Object(App\Controllers\Auth))
 9 SYSTEMPATH\CodeIgniter.php(354): CodeIgniter\CodeIgniter->handleRequest(null, Object(Config\Cache), false)
10 SYSTEMPATH\Boot.php(363): CodeIgniter\CodeIgniter->run()
11 SYSTEMPATH\Boot.php(68): CodeIgniter\Boot::runCodeIgniter(Object(CodeIgniter\CodeIgniter))
12 FCPATH\index.php(87): CodeIgniter\Boot::bootWeb(Object(Config\Paths))
CRITICAL - 2025-12-10 17:51:47 --> [Caused by] mysqli_sql_exception: Unknown column 'courses.deleted_at' in 'where clause'
in SYSTEMPATH\Database\MySQLi\Connection.php on line 327.
 1 SYSTEMPATH\Database\MySQLi\Connection.php(327): mysqli->query('SELECT *
FROM `courses`
WHERE `courses`.`deleted_at` IS NULL
ORDER BY `title` ASC', 0)
 2 SYSTEMPATH\Database\BaseConnection.php(729): CodeIgniter\Database\MySQLi\Connection->execute('SELECT *
FROM `courses`
WHERE `courses`.`deleted_at` IS NULL
ORDER BY `title` ASC')
 3 SYSTEMPATH\Database\BaseConnection.php(646): CodeIgniter\Database\BaseConnection->simpleQuery('SELECT *
FROM `courses`
WHERE `courses`.`deleted_at` IS NULL
ORDER BY `title` ASC')
 4 SYSTEMPATH\Database\BaseBuilder.php(1649): CodeIgniter\Database\BaseConnection->query('SELECT *
FROM `courses`
WHERE `courses`.`deleted_at` IS NULL
ORDER BY `title` ASC', [], false)
 5 SYSTEMPATH\Model.php(286): CodeIgniter\Database\BaseBuilder->get()
 6 SYSTEMPATH\BaseModel.php(677): CodeIgniter\Model->doFindAll(0, 0)
 7 APPPATH\Controllers\Auth.php(351): CodeIgniter\BaseModel->findAll()
 8 SYSTEMPATH\CodeIgniter.php(933): App\Controllers\Auth->dashboard()
 9 SYSTEMPATH\CodeIgniter.php(507): CodeIgniter\CodeIgniter->runController(Object(App\Controllers\Auth))
10 SYSTEMPATH\CodeIgniter.php(354): CodeIgniter\CodeIgniter->handleRequest(null, Object(Config\Cache), false)
11 SYSTEMPATH\Boot.php(363): CodeIgniter\CodeIgniter->run()
12 SYSTEMPATH\Boot.php(68): CodeIgniter\Boot::runCodeIgniter(Object(CodeIgniter\CodeIgniter))
13 FCPATH\index.php(87): CodeIgniter\Boot::bootWeb(Object(Config\Paths))
ERROR - 2025-12-10 18:09:55 --> mysqli_sql_exception: Unknown column 'courses.deleted_at' in 'where clause' in C:\xampp\htdocs\ITE311-MALILAY\system\Database\MySQLi\Connection.php:327
Stack trace:
#0 C:\xampp\htdocs\ITE311-MALILAY\system\Database\MySQLi\Connection.php(327): mysqli->query('SELECT *\nFROM `...', 0)
#1 C:\xampp\htdocs\ITE311-MALILAY\system\Database\BaseConnection.php(729): CodeIgniter\Database\MySQLi\Connection->execute('SELECT *\nFROM `...')
#2 C:\xampp\htdocs\ITE311-MALILAY\system\Database\BaseConnection.php(646): CodeIgniter\Database\BaseConnection->simpleQuery('SELECT *\nFROM `...')
#3 C:\xampp\htdocs\ITE311-MALILAY\system\Database\BaseBuilder.php(1649): CodeIgniter\Database\BaseConnection->query('SELECT *\nFROM `...', Array, false)
#4 C:\xampp\htdocs\ITE311-MALILAY\system\Model.php(286): CodeIgniter\Database\BaseBuilder->get()
#5 C:\xampp\htdocs\ITE311-MALILAY\system\BaseModel.php(677): CodeIgniter\Model->doFindAll(0, 0)
#6 C:\xampp\htdocs\ITE311-MALILAY\app\Controllers\Auth.php(351): CodeIgniter\BaseModel->findAll()
#7 C:\xampp\htdocs\ITE311-MALILAY\system\CodeIgniter.php(933): App\Controllers\Auth->dashboard()
#8 C:\xampp\htdocs\ITE311-MALILAY\system\CodeIgniter.php(507): CodeIgniter\CodeIgniter->runController(Object(App\Controllers\Auth))
#9 C:\xampp\htdocs\ITE311-MALILAY\system\CodeIgniter.php(354): CodeIgniter\CodeIgniter->handleRequest(NULL, Object(Config\Cache), false)
#10 C:\xampp\htdocs\ITE311-MALILAY\system\Boot.php(363): CodeIgniter\CodeIgniter->run()
#11 C:\xampp\htdocs\ITE311-MALILAY\system\Boot.php(68): CodeIgniter\Boot::runCodeIgniter(Object(CodeIgniter\CodeIgniter))
#12 C:\xampp\htdocs\ITE311-MALILAY\index.php(87): CodeIgniter\Boot::bootWeb(Object(Config\Paths))
#13 {main}
CRITICAL - 2025-12-10 18:09:55 --> CodeIgniter\Database\Exceptions\DatabaseException: Unknown column 'courses.deleted_at' in 'where clause'
[Method: GET, Route: dashboard]
in SYSTEMPATH\Database\BaseConnection.php on line 684.
 1 SYSTEMPATH\Database\BaseBuilder.php(1649): CodeIgniter\Database\BaseConnection->query('SELECT *
FROM `courses`
WHERE `courses`.`deleted_at` IS NULL
ORDER BY `title` ASC', [], false)
 2 SYSTEMPATH\Model.php(286): CodeIgniter\Database\BaseBuilder->get()
 3 SYSTEMPATH\BaseModel.php(677): CodeIgniter\Model->doFindAll(0, 0)
 4 APPPATH\Controllers\Auth.php(351): CodeIgniter\BaseModel->findAll()
 5 SYSTEMPATH\CodeIgniter.php(933): App\Controllers\Auth->dashboard()
 6 SYSTEMPATH\CodeIgniter.php(507): CodeIgniter\CodeIgniter->runController(Object(App\Controllers\Auth))
 7 SYSTEMPATH\CodeIgniter.php(354): CodeIgniter\CodeIgniter->handleRequest(null, Object(Config\Cache), false)
 8 SYSTEMPATH\Boot.php(363): CodeIgniter\CodeIgniter->run()
 9 SYSTEMPATH\Boot.php(68): CodeIgniter\Boot::runCodeIgniter(Object(CodeIgniter\CodeIgniter))
10 FCPATH\index.php(87): CodeIgniter\Boot::bootWeb(Object(Config\Paths))
CRITICAL - 2025-12-10 18:09:55 --> [Caused by] CodeIgniter\Database\Exceptions\DatabaseException: Unknown column 'courses.deleted_at' in 'where clause'
in SYSTEMPATH\Database\MySQLi\Connection.php on line 332.
 1 SYSTEMPATH\Database\BaseConnection.php(729): CodeIgniter\Database\MySQLi\Connection->execute('SELECT *
FROM `courses`
WHERE `courses`.`deleted_at` IS NULL
ORDER BY `title` ASC')
 2 SYSTEMPATH\Database\BaseConnection.php(646): CodeIgniter\Database\BaseConnection->simpleQuery('SELECT *
FROM `courses`
WHERE `courses`.`deleted_at` IS NULL
ORDER BY `title` ASC')
 3 SYSTEMPATH\Database\BaseBuilder.php(1649): CodeIgniter\Database\BaseConnection->query('SELECT *
FROM `courses`
WHERE `courses`.`deleted_at` IS NULL
ORDER BY `title` ASC', [], false)
 4 SYSTEMPATH\Model.php(286): CodeIgniter\Database\BaseBuilder->get()
 5 SYSTEMPATH\BaseModel.php(677): CodeIgniter\Model->doFindAll(0, 0)
 6 APPPATH\Controllers\Auth.php(351): CodeIgniter\BaseModel->findAll()
 7 SYSTEMPATH\CodeIgniter.php(933): App\Controllers\Auth->dashboard()
 8 SYSTEMPATH\CodeIgniter.php(507): CodeIgniter\CodeIgniter->runController(Object(App\Controllers\Auth))
 9 SYSTEMPATH\CodeIgniter.php(354): CodeIgniter\CodeIgniter->handleRequest(null, Object(Config\Cache), false)
10 SYSTEMPATH\Boot.php(363): CodeIgniter\CodeIgniter->run()
11 SYSTEMPATH\Boot.php(68): CodeIgniter\Boot::runCodeIgniter(Object(CodeIgniter\CodeIgniter))
12 FCPATH\index.php(87): CodeIgniter\Boot::bootWeb(Object(Config\Paths))
CRITICAL - 2025-12-10 18:09:55 --> [Caused by] mysqli_sql_exception: Unknown column 'courses.deleted_at' in 'where clause'
in SYSTEMPATH\Database\MySQLi\Connection.php on line 327.
 1 SYSTEMPATH\Database\MySQLi\Connection.php(327): mysqli->query('SELECT *
FROM `courses`
WHERE `courses`.`deleted_at` IS NULL
ORDER BY `title` ASC', 0)
 2 SYSTEMPATH\Database\BaseConnection.php(729): CodeIgniter\Database\MySQLi\Connection->execute('SELECT *
FROM `courses`
WHERE `courses`.`deleted_at` IS NULL
ORDER BY `title` ASC')
 3 SYSTEMPATH\Database\BaseConnection.php(646): CodeIgniter\Database\BaseConnection->simpleQuery('SELECT *
FROM `courses`
WHERE `courses`.`deleted_at` IS NULL
ORDER BY `title` ASC')
 4 SYSTEMPATH\Database\BaseBuilder.php(1649): CodeIgniter\Database\BaseConnection->query('SELECT *
FROM `courses`
WHERE `courses`.`deleted_at` IS NULL
ORDER BY `title` ASC', [], false)
 5 SYSTEMPATH\Model.php(286): CodeIgniter\Database\BaseBuilder->get()
 6 SYSTEMPATH\BaseModel.php(677): CodeIgniter\Model->doFindAll(0, 0)
 7 APPPATH\Controllers\Auth.php(351): CodeIgniter\BaseModel->findAll()
 8 SYSTEMPATH\CodeIgniter.php(933): App\Controllers\Auth->dashboard()
 9 SYSTEMPATH\CodeIgniter.php(507): CodeIgniter\CodeIgniter->runController(Object(App\Controllers\Auth))
10 SYSTEMPATH\CodeIgniter.php(354): CodeIgniter\CodeIgniter->handleRequest(null, Object(Config\Cache), false)
11 SYSTEMPATH\Boot.php(363): CodeIgniter\CodeIgniter->run()
12 SYSTEMPATH\Boot.php(68): CodeIgniter\Boot::runCodeIgniter(Object(CodeIgniter\CodeIgniter))
13 FCPATH\index.php(87): CodeIgniter\Boot::bootWeb(Object(Config\Paths))
ERROR - 2025-12-10 18:15:10 --> mysqli_sql_exception: Unknown column 'courses.deleted_at' in 'where clause' in C:\xampp\htdocs\ITE311-MALILAY\system\Database\MySQLi\Connection.php:327
Stack trace:
#0 C:\xampp\htdocs\ITE311-MALILAY\system\Database\MySQLi\Connection.php(327): mysqli->query('SELECT *\nFROM `...', 0)
#1 C:\xampp\htdocs\ITE311-MALILAY\system\Database\BaseConnection.php(729): CodeIgniter\Database\MySQLi\Connection->execute('SELECT *\nFROM `...')
#2 C:\xampp\htdocs\ITE311-MALILAY\system\Database\BaseConnection.php(646): CodeIgniter\Database\BaseConnection->simpleQuery('SELECT *\nFROM `...')
#3 C:\xampp\htdocs\ITE311-MALILAY\system\Database\BaseBuilder.php(1649): CodeIgniter\Database\BaseConnection->query('SELECT *\nFROM `...', Array, false)
#4 C:\xampp\htdocs\ITE311-MALILAY\system\Model.php(286): CodeIgniter\Database\BaseBuilder->get()
#5 C:\xampp\htdocs\ITE311-MALILAY\system\BaseModel.php(677): CodeIgniter\Model->doFindAll(0, 0)
#6 C:\xampp\htdocs\ITE311-MALILAY\app\Controllers\Auth.php(351): CodeIgniter\BaseModel->findAll()
#7 C:\xampp\htdocs\ITE311-MALILAY\system\CodeIgniter.php(933): App\Controllers\Auth->dashboard()
#8 C:\xampp\htdocs\ITE311-MALILAY\system\CodeIgniter.php(507): CodeIgniter\CodeIgniter->runController(Object(App\Controllers\Auth))
#9 C:\xampp\htdocs\ITE311-MALILAY\system\CodeIgniter.php(354): CodeIgniter\CodeIgniter->handleRequest(NULL, Object(Config\Cache), false)
#10 C:\xampp\htdocs\ITE311-MALILAY\system\Boot.php(363): CodeIgniter\CodeIgniter->run()
#11 C:\xampp\htdocs\ITE311-MALILAY\system\Boot.php(68): CodeIgniter\Boot::runCodeIgniter(Object(CodeIgniter\CodeIgniter))
#12 C:\xampp\htdocs\ITE311-MALILAY\index.php(87): CodeIgniter\Boot::bootWeb(Object(Config\Paths))
#13 {main}
CRITICAL - 2025-12-10 18:15:10 --> CodeIgniter\Database\Exceptions\DatabaseException: Unknown column 'courses.deleted_at' in 'where clause'
[Method: GET, Route: dashboard]
in SYSTEMPATH\Database\BaseConnection.php on line 684.
 1 SYSTEMPATH\Database\BaseBuilder.php(1649): CodeIgniter\Database\BaseConnection->query('SELECT *
FROM `courses`
WHERE `courses`.`deleted_at` IS NULL
ORDER BY `title` ASC', [], false)
 2 SYSTEMPATH\Model.php(286): CodeIgniter\Database\BaseBuilder->get()
 3 SYSTEMPATH\BaseModel.php(677): CodeIgniter\Model->doFindAll(0, 0)
 4 APPPATH\Controllers\Auth.php(351): CodeIgniter\BaseModel->findAll()
 5 SYSTEMPATH\CodeIgniter.php(933): App\Controllers\Auth->dashboard()
 6 SYSTEMPATH\CodeIgniter.php(507): CodeIgniter\CodeIgniter->runController(Object(App\Controllers\Auth))
 7 SYSTEMPATH\CodeIgniter.php(354): CodeIgniter\CodeIgniter->handleRequest(null, Object(Config\Cache), false)
 8 SYSTEMPATH\Boot.php(363): CodeIgniter\CodeIgniter->run()
 9 SYSTEMPATH\Boot.php(68): CodeIgniter\Boot::runCodeIgniter(Object(CodeIgniter\CodeIgniter))
10 FCPATH\index.php(87): CodeIgniter\Boot::bootWeb(Object(Config\Paths))
CRITICAL - 2025-12-10 18:15:10 --> [Caused by] CodeIgniter\Database\Exceptions\DatabaseException: Unknown column 'courses.deleted_at' in 'where clause'
in SYSTEMPATH\Database\MySQLi\Connection.php on line 332.
 1 SYSTEMPATH\Database\BaseConnection.php(729): CodeIgniter\Database\MySQLi\Connection->execute('SELECT *
FROM `courses`
WHERE `courses`.`deleted_at` IS NULL
ORDER BY `title` ASC')
 2 SYSTEMPATH\Database\BaseConnection.php(646): CodeIgniter\Database\BaseConnection->simpleQuery('SELECT *
FROM `courses`
WHERE `courses`.`deleted_at` IS NULL
ORDER BY `title` ASC')
 3 SYSTEMPATH\Database\BaseBuilder.php(1649): CodeIgniter\Database\BaseConnection->query('SELECT *
FROM `courses`
WHERE `courses`.`deleted_at` IS NULL
ORDER BY `title` ASC', [], false)
 4 SYSTEMPATH\Model.php(286): CodeIgniter\Database\BaseBuilder->get()
 5 SYSTEMPATH\BaseModel.php(677): CodeIgniter\Model->doFindAll(0, 0)
 6 APPPATH\Controllers\Auth.php(351): CodeIgniter\BaseModel->findAll()
 7 SYSTEMPATH\CodeIgniter.php(933): App\Controllers\Auth->dashboard()
 8 SYSTEMPATH\CodeIgniter.php(507): CodeIgniter\CodeIgniter->runController(Object(App\Controllers\Auth))
 9 SYSTEMPATH\CodeIgniter.php(354): CodeIgniter\CodeIgniter->handleRequest(null, Object(Config\Cache), false)
10 SYSTEMPATH\Boot.php(363): CodeIgniter\CodeIgniter->run()
11 SYSTEMPATH\Boot.php(68): CodeIgniter\Boot::runCodeIgniter(Object(CodeIgniter\CodeIgniter))
12 FCPATH\index.php(87): CodeIgniter\Boot::bootWeb(Object(Config\Paths))
CRITICAL - 2025-12-10 18:15:10 --> [Caused by] mysqli_sql_exception: Unknown column 'courses.deleted_at' in 'where clause'
in SYSTEMPATH\Database\MySQLi\Connection.php on line 327.
 1 SYSTEMPATH\Database\MySQLi\Connection.php(327): mysqli->query('SELECT *
FROM `courses`
WHERE `courses`.`deleted_at` IS NULL
ORDER BY `title` ASC', 0)
 2 SYSTEMPATH\Database\BaseConnection.php(729): CodeIgniter\Database\MySQLi\Connection->execute('SELECT *
FROM `courses`
WHERE `courses`.`deleted_at` IS NULL
ORDER BY `title` ASC')
 3 SYSTEMPATH\Database\BaseConnection.php(646): CodeIgniter\Database\BaseConnection->simpleQuery('SELECT *
FROM `courses`
WHERE `courses`.`deleted_at` IS NULL
ORDER BY `title` ASC')
 4 SYSTEMPATH\Database\BaseBuilder.php(1649): CodeIgniter\Database\BaseConnection->query('SELECT *
FROM `courses`
WHERE `courses`.`deleted_at` IS NULL
ORDER BY `title` ASC', [], false)
 5 SYSTEMPATH\Model.php(286): CodeIgniter\Database\BaseBuilder->get()
 6 SYSTEMPATH\BaseModel.php(677): CodeIgniter\Model->doFindAll(0, 0)
 7 APPPATH\Controllers\Auth.php(351): CodeIgniter\BaseModel->findAll()
 8 SYSTEMPATH\CodeIgniter.php(933): App\Controllers\Auth->dashboard()
 9 SYSTEMPATH\CodeIgniter.php(507): CodeIgniter\CodeIgniter->runController(Object(App\Controllers\Auth))
10 SYSTEMPATH\CodeIgniter.php(354): CodeIgniter\CodeIgniter->handleRequest(null, Object(Config\Cache), false)
11 SYSTEMPATH\Boot.php(363): CodeIgniter\CodeIgniter->run()
12 SYSTEMPATH\Boot.php(68): CodeIgniter\Boot::runCodeIgniter(Object(CodeIgniter\CodeIgniter))
13 FCPATH\index.php(87): CodeIgniter\Boot::bootWeb(Object(Config\Paths))
ERROR - 2025-12-10 18:15:26 --> mysqli_sql_exception: Unknown column 'courses.deleted_at' in 'where clause' in C:\xampp\htdocs\ITE311-MALILAY\system\Database\MySQLi\Connection.php:327
Stack trace:
#0 C:\xampp\htdocs\ITE311-MALILAY\system\Database\MySQLi\Connection.php(327): mysqli->query('SELECT *\nFROM `...', 0)
#1 C:\xampp\htdocs\ITE311-MALILAY\system\Database\BaseConnection.php(729): CodeIgniter\Database\MySQLi\Connection->execute('SELECT *\nFROM `...')
#2 C:\xampp\htdocs\ITE311-MALILAY\system\Database\BaseConnection.php(646): CodeIgniter\Database\BaseConnection->simpleQuery('SELECT *\nFROM `...')
#3 C:\xampp\htdocs\ITE311-MALILAY\system\Database\BaseBuilder.php(1649): CodeIgniter\Database\BaseConnection->query('SELECT *\nFROM `...', Array, false)
#4 C:\xampp\htdocs\ITE311-MALILAY\system\Model.php(286): CodeIgniter\Database\BaseBuilder->get()
#5 C:\xampp\htdocs\ITE311-MALILAY\system\BaseModel.php(677): CodeIgniter\Model->doFindAll(0, 0)
#6 C:\xampp\htdocs\ITE311-MALILAY\app\Controllers\Auth.php(351): CodeIgniter\BaseModel->findAll()
#7 C:\xampp\htdocs\ITE311-MALILAY\system\CodeIgniter.php(933): App\Controllers\Auth->dashboard()
#8 C:\xampp\htdocs\ITE311-MALILAY\system\CodeIgniter.php(507): CodeIgniter\CodeIgniter->runController(Object(App\Controllers\Auth))
#9 C:\xampp\htdocs\ITE311-MALILAY\system\CodeIgniter.php(354): CodeIgniter\CodeIgniter->handleRequest(NULL, Object(Config\Cache), false)
#10 C:\xampp\htdocs\ITE311-MALILAY\system\Boot.php(363): CodeIgniter\CodeIgniter->run()
#11 C:\xampp\htdocs\ITE311-MALILAY\system\Boot.php(68): CodeIgniter\Boot::runCodeIgniter(Object(CodeIgniter\CodeIgniter))
#12 C:\xampp\htdocs\ITE311-MALILAY\index.php(87): CodeIgniter\Boot::bootWeb(Object(Config\Paths))
#13 {main}
CRITICAL - 2025-12-10 18:15:26 --> CodeIgniter\Database\Exceptions\DatabaseException: Unknown column 'courses.deleted_at' in 'where clause'
[Method: GET, Route: dashboard]
in SYSTEMPATH\Database\BaseConnection.php on line 684.
 1 SYSTEMPATH\Database\BaseBuilder.php(1649): CodeIgniter\Database\BaseConnection->query('SELECT *
FROM `courses`
WHERE `courses`.`deleted_at` IS NULL
ORDER BY `title` ASC', [], false)
 2 SYSTEMPATH\Model.php(286): CodeIgniter\Database\BaseBuilder->get()
 3 SYSTEMPATH\BaseModel.php(677): CodeIgniter\Model->doFindAll(0, 0)
 4 APPPATH\Controllers\Auth.php(351): CodeIgniter\BaseModel->findAll()
 5 SYSTEMPATH\CodeIgniter.php(933): App\Controllers\Auth->dashboard()
 6 SYSTEMPATH\CodeIgniter.php(507): CodeIgniter\CodeIgniter->runController(Object(App\Controllers\Auth))
 7 SYSTEMPATH\CodeIgniter.php(354): CodeIgniter\CodeIgniter->handleRequest(null, Object(Config\Cache), false)
 8 SYSTEMPATH\Boot.php(363): CodeIgniter\CodeIgniter->run()
 9 SYSTEMPATH\Boot.php(68): CodeIgniter\Boot::runCodeIgniter(Object(CodeIgniter\CodeIgniter))
10 FCPATH\index.php(87): CodeIgniter\Boot::bootWeb(Object(Config\Paths))
CRITICAL - 2025-12-10 18:15:26 --> [Caused by] CodeIgniter\Database\Exceptions\DatabaseException: Unknown column 'courses.deleted_at' in 'where clause'
in SYSTEMPATH\Database\MySQLi\Connection.php on line 332.
 1 SYSTEMPATH\Database\BaseConnection.php(729): CodeIgniter\Database\MySQLi\Connection->execute('SELECT *
FROM `courses`
WHERE `courses`.`deleted_at` IS NULL
ORDER BY `title` ASC')
 2 SYSTEMPATH\Database\BaseConnection.php(646): CodeIgniter\Database\BaseConnection->simpleQuery('SELECT *
FROM `courses`
WHERE `courses`.`deleted_at` IS NULL
ORDER BY `title` ASC')
 3 SYSTEMPATH\Database\BaseBuilder.php(1649): CodeIgniter\Database\BaseConnection->query('SELECT *
FROM `courses`
WHERE `courses`.`deleted_at` IS NULL
ORDER BY `title` ASC', [], false)
 4 SYSTEMPATH\Model.php(286): CodeIgniter\Database\BaseBuilder->get()
 5 SYSTEMPATH\BaseModel.php(677): CodeIgniter\Model->doFindAll(0, 0)
 6 APPPATH\Controllers\Auth.php(351): CodeIgniter\BaseModel->findAll()
 7 SYSTEMPATH\CodeIgniter.php(933): App\Controllers\Auth->dashboard()
 8 SYSTEMPATH\CodeIgniter.php(507): CodeIgniter\CodeIgniter->runController(Object(App\Controllers\Auth))
 9 SYSTEMPATH\CodeIgniter.php(354): CodeIgniter\CodeIgniter->handleRequest(null, Object(Config\Cache), false)
10 SYSTEMPATH\Boot.php(363): CodeIgniter\CodeIgniter->run()
11 SYSTEMPATH\Boot.php(68): CodeIgniter\Boot::runCodeIgniter(Object(CodeIgniter\CodeIgniter))
12 FCPATH\index.php(87): CodeIgniter\Boot::bootWeb(Object(Config\Paths))
CRITICAL - 2025-12-10 18:15:26 --> [Caused by] mysqli_sql_exception: Unknown column 'courses.deleted_at' in 'where clause'
in SYSTEMPATH\Database\MySQLi\Connection.php on line 327.
 1 SYSTEMPATH\Database\MySQLi\Connection.php(327): mysqli->query('SELECT *
FROM `courses`
WHERE `courses`.`deleted_at` IS NULL
ORDER BY `title` ASC', 0)
 2 SYSTEMPATH\Database\BaseConnection.php(729): CodeIgniter\Database\MySQLi\Connection->execute('SELECT *
FROM `courses`
WHERE `courses`.`deleted_at` IS NULL
ORDER BY `title` ASC')
 3 SYSTEMPATH\Database\BaseConnection.php(646): CodeIgniter\Database\BaseConnection->simpleQuery('SELECT *
FROM `courses`
WHERE `courses`.`deleted_at` IS NULL
ORDER BY `title` ASC')
 4 SYSTEMPATH\Database\BaseBuilder.php(1649): CodeIgniter\Database\BaseConnection->query('SELECT *
FROM `courses`
WHERE `courses`.`deleted_at` IS NULL
ORDER BY `title` ASC', [], false)
 5 SYSTEMPATH\Model.php(286): CodeIgniter\Database\BaseBuilder->get()
 6 SYSTEMPATH\BaseModel.php(677): CodeIgniter\Model->doFindAll(0, 0)
 7 APPPATH\Controllers\Auth.php(351): CodeIgniter\BaseModel->findAll()
 8 SYSTEMPATH\CodeIgniter.php(933): App\Controllers\Auth->dashboard()
 9 SYSTEMPATH\CodeIgniter.php(507): CodeIgniter\CodeIgniter->runController(Object(App\Controllers\Auth))
10 SYSTEMPATH\CodeIgniter.php(354): CodeIgniter\CodeIgniter->handleRequest(null, Object(Config\Cache), false)
11 SYSTEMPATH\Boot.php(363): CodeIgniter\CodeIgniter->run()
12 SYSTEMPATH\Boot.php(68): CodeIgniter\Boot::runCodeIgniter(Object(CodeIgniter\CodeIgniter))
13 FCPATH\index.php(87): CodeIgniter\Boot::bootWeb(Object(Config\Paths))
ERROR - 2025-12-10 18:15:34 --> mysqli_sql_exception: Unknown column 'courses.deleted_at' in 'where clause' in C:\xampp\htdocs\ITE311-MALILAY\system\Database\MySQLi\Connection.php:327
Stack trace:
#0 C:\xampp\htdocs\ITE311-MALILAY\system\Database\MySQLi\Connection.php(327): mysqli->query('SELECT *\nFROM `...', 0)
#1 C:\xampp\htdocs\ITE311-MALILAY\system\Database\BaseConnection.php(729): CodeIgniter\Database\MySQLi\Connection->execute('SELECT *\nFROM `...')
#2 C:\xampp\htdocs\ITE311-MALILAY\system\Database\BaseConnection.php(646): CodeIgniter\Database\BaseConnection->simpleQuery('SELECT *\nFROM `...')
#3 C:\xampp\htdocs\ITE311-MALILAY\system\Database\BaseBuilder.php(1649): CodeIgniter\Database\BaseConnection->query('SELECT *\nFROM `...', Array, false)
#4 C:\xampp\htdocs\ITE311-MALILAY\system\Model.php(286): CodeIgniter\Database\BaseBuilder->get()
#5 C:\xampp\htdocs\ITE311-MALILAY\system\BaseModel.php(677): CodeIgniter\Model->doFindAll(0, 0)
#6 C:\xampp\htdocs\ITE311-MALILAY\app\Controllers\Auth.php(351): CodeIgniter\BaseModel->findAll()
#7 C:\xampp\htdocs\ITE311-MALILAY\system\CodeIgniter.php(933): App\Controllers\Auth->dashboard()
#8 C:\xampp\htdocs\ITE311-MALILAY\system\CodeIgniter.php(507): CodeIgniter\CodeIgniter->runController(Object(App\Controllers\Auth))
#9 C:\xampp\htdocs\ITE311-MALILAY\system\CodeIgniter.php(354): CodeIgniter\CodeIgniter->handleRequest(NULL, Object(Config\Cache), false)
#10 C:\xampp\htdocs\ITE311-MALILAY\system\Boot.php(363): CodeIgniter\CodeIgniter->run()
#11 C:\xampp\htdocs\ITE311-MALILAY\system\Boot.php(68): CodeIgniter\Boot::runCodeIgniter(Object(CodeIgniter\CodeIgniter))
#12 C:\xampp\htdocs\ITE311-MALILAY\index.php(87): CodeIgniter\Boot::bootWeb(Object(Config\Paths))
#13 {main}
CRITICAL - 2025-12-10 18:15:34 --> CodeIgniter\Database\Exceptions\DatabaseException: Unknown column 'courses.deleted_at' in 'where clause'
[Method: GET, Route: dashboard]
in SYSTEMPATH\Database\BaseConnection.php on line 684.
 1 SYSTEMPATH\Database\BaseBuilder.php(1649): CodeIgniter\Database\BaseConnection->query('SELECT *
FROM `courses`
WHERE `courses`.`deleted_at` IS NULL
ORDER BY `title` ASC', [], false)
 2 SYSTEMPATH\Model.php(286): CodeIgniter\Database\BaseBuilder->get()
 3 SYSTEMPATH\BaseModel.php(677): CodeIgniter\Model->doFindAll(0, 0)
 4 APPPATH\Controllers\Auth.php(351): CodeIgniter\BaseModel->findAll()
 5 SYSTEMPATH\CodeIgniter.php(933): App\Controllers\Auth->dashboard()
 6 SYSTEMPATH\CodeIgniter.php(507): CodeIgniter\CodeIgniter->runController(Object(App\Controllers\Auth))
 7 SYSTEMPATH\CodeIgniter.php(354): CodeIgniter\CodeIgniter->handleRequest(null, Object(Config\Cache), false)
 8 SYSTEMPATH\Boot.php(363): CodeIgniter\CodeIgniter->run()
 9 SYSTEMPATH\Boot.php(68): CodeIgniter\Boot::runCodeIgniter(Object(CodeIgniter\CodeIgniter))
10 FCPATH\index.php(87): CodeIgniter\Boot::bootWeb(Object(Config\Paths))
CRITICAL - 2025-12-10 18:15:34 --> [Caused by] CodeIgniter\Database\Exceptions\DatabaseException: Unknown column 'courses.deleted_at' in 'where clause'
in SYSTEMPATH\Database\MySQLi\Connection.php on line 332.
 1 SYSTEMPATH\Database\BaseConnection.php(729): CodeIgniter\Database\MySQLi\Connection->execute('SELECT *
FROM `courses`
WHERE `courses`.`deleted_at` IS NULL
ORDER BY `title` ASC')
 2 SYSTEMPATH\Database\BaseConnection.php(646): CodeIgniter\Database\BaseConnection->simpleQuery('SELECT *
FROM `courses`
WHERE `courses`.`deleted_at` IS NULL
ORDER BY `title` ASC')
 3 SYSTEMPATH\Database\BaseBuilder.php(1649): CodeIgniter\Database\BaseConnection->query('SELECT *
FROM `courses`
WHERE `courses`.`deleted_at` IS NULL
ORDER BY `title` ASC', [], false)
 4 SYSTEMPATH\Model.php(286): CodeIgniter\Database\BaseBuilder->get()
 5 SYSTEMPATH\BaseModel.php(677): CodeIgniter\Model->doFindAll(0, 0)
 6 APPPATH\Controllers\Auth.php(351): CodeIgniter\BaseModel->findAll()
 7 SYSTEMPATH\CodeIgniter.php(933): App\Controllers\Auth->dashboard()
 8 SYSTEMPATH\CodeIgniter.php(507): CodeIgniter\CodeIgniter->runController(Object(App\Controllers\Auth))
 9 SYSTEMPATH\CodeIgniter.php(354): CodeIgniter\CodeIgniter->handleRequest(null, Object(Config\Cache), false)
10 SYSTEMPATH\Boot.php(363): CodeIgniter\CodeIgniter->run()
11 SYSTEMPATH\Boot.php(68): CodeIgniter\Boot::runCodeIgniter(Object(CodeIgniter\CodeIgniter))
12 FCPATH\index.php(87): CodeIgniter\Boot::bootWeb(Object(Config\Paths))
CRITICAL - 2025-12-10 18:15:34 --> [Caused by] mysqli_sql_exception: Unknown column 'courses.deleted_at' in 'where clause'
in SYSTEMPATH\Database\MySQLi\Connection.php on line 327.
 1 SYSTEMPATH\Database\MySQLi\Connection.php(327): mysqli->query('SELECT *
FROM `courses`
WHERE `courses`.`deleted_at` IS NULL
ORDER BY `title` ASC', 0)
 2 SYSTEMPATH\Database\BaseConnection.php(729): CodeIgniter\Database\MySQLi\Connection->execute('SELECT *
FROM `courses`
WHERE `courses`.`deleted_at` IS NULL
ORDER BY `title` ASC')
 3 SYSTEMPATH\Database\BaseConnection.php(646): CodeIgniter\Database\BaseConnection->simpleQuery('SELECT *
FROM `courses`
WHERE `courses`.`deleted_at` IS NULL
ORDER BY `title` ASC')
 4 SYSTEMPATH\Database\BaseBuilder.php(1649): CodeIgniter\Database\BaseConnection->query('SELECT *
FROM `courses`
WHERE `courses`.`deleted_at` IS NULL
ORDER BY `title` ASC', [], false)
 5 SYSTEMPATH\Model.php(286): CodeIgniter\Database\BaseBuilder->get()
 6 SYSTEMPATH\BaseModel.php(677): CodeIgniter\Model->doFindAll(0, 0)
 7 APPPATH\Controllers\Auth.php(351): CodeIgniter\BaseModel->findAll()
 8 SYSTEMPATH\CodeIgniter.php(933): App\Controllers\Auth->dashboard()
 9 SYSTEMPATH\CodeIgniter.php(507): CodeIgniter\CodeIgniter->runController(Object(App\Controllers\Auth))
10 SYSTEMPATH\CodeIgniter.php(354): CodeIgniter\CodeIgniter->handleRequest(null, Object(Config\Cache), false)
11 SYSTEMPATH\Boot.php(363): CodeIgniter\CodeIgniter->run()
12 SYSTEMPATH\Boot.php(68): CodeIgniter\Boot::runCodeIgniter(Object(CodeIgniter\CodeIgniter))
13 FCPATH\index.php(87): CodeIgniter\Boot::bootWeb(Object(Config\Paths))
ERROR - 2025-12-10 18:15:39 --> mysqli_sql_exception: Unknown column 'courses.deleted_at' in 'where clause' in C:\xampp\htdocs\ITE311-MALILAY\system\Database\MySQLi\Connection.php:327
Stack trace:
#0 C:\xampp\htdocs\ITE311-MALILAY\system\Database\MySQLi\Connection.php(327): mysqli->query('SELECT *\nFROM `...', 0)
#1 C:\xampp\htdocs\ITE311-MALILAY\system\Database\BaseConnection.php(729): CodeIgniter\Database\MySQLi\Connection->execute('SELECT *\nFROM `...')
#2 C:\xampp\htdocs\ITE311-MALILAY\system\Database\BaseConnection.php(646): CodeIgniter\Database\BaseConnection->simpleQuery('SELECT *\nFROM `...')
#3 C:\xampp\htdocs\ITE311-MALILAY\system\Database\BaseBuilder.php(1649): CodeIgniter\Database\BaseConnection->query('SELECT *\nFROM `...', Array, false)
#4 C:\xampp\htdocs\ITE311-MALILAY\system\Model.php(286): CodeIgniter\Database\BaseBuilder->get()
#5 C:\xampp\htdocs\ITE311-MALILAY\system\BaseModel.php(677): CodeIgniter\Model->doFindAll(0, 0)
#6 C:\xampp\htdocs\ITE311-MALILAY\app\Controllers\Auth.php(351): CodeIgniter\BaseModel->findAll()
#7 C:\xampp\htdocs\ITE311-MALILAY\system\CodeIgniter.php(933): App\Controllers\Auth->dashboard()
#8 C:\xampp\htdocs\ITE311-MALILAY\system\CodeIgniter.php(507): CodeIgniter\CodeIgniter->runController(Object(App\Controllers\Auth))
#9 C:\xampp\htdocs\ITE311-MALILAY\system\CodeIgniter.php(354): CodeIgniter\CodeIgniter->handleRequest(NULL, Object(Config\Cache), false)
#10 C:\xampp\htdocs\ITE311-MALILAY\system\Boot.php(363): CodeIgniter\CodeIgniter->run()
#11 C:\xampp\htdocs\ITE311-MALILAY\system\Boot.php(68): CodeIgniter\Boot::runCodeIgniter(Object(CodeIgniter\CodeIgniter))
#12 C:\xampp\htdocs\ITE311-MALILAY\index.php(87): CodeIgniter\Boot::bootWeb(Object(Config\Paths))
#13 {main}
CRITICAL - 2025-12-10 18:15:39 --> CodeIgniter\Database\Exceptions\DatabaseException: Unknown column 'courses.deleted_at' in 'where clause'
[Method: GET, Route: dashboard]
in SYSTEMPATH\Database\BaseConnection.php on line 684.
 1 SYSTEMPATH\Database\BaseBuilder.php(1649): CodeIgniter\Database\BaseConnection->query('SELECT *
FROM `courses`
WHERE `courses`.`deleted_at` IS NULL
ORDER BY `title` ASC', [], false)
 2 SYSTEMPATH\Model.php(286): CodeIgniter\Database\BaseBuilder->get()
 3 SYSTEMPATH\BaseModel.php(677): CodeIgniter\Model->doFindAll(0, 0)
 4 APPPATH\Controllers\Auth.php(351): CodeIgniter\BaseModel->findAll()
 5 SYSTEMPATH\CodeIgniter.php(933): App\Controllers\Auth->dashboard()
 6 SYSTEMPATH\CodeIgniter.php(507): CodeIgniter\CodeIgniter->runController(Object(App\Controllers\Auth))
 7 SYSTEMPATH\CodeIgniter.php(354): CodeIgniter\CodeIgniter->handleRequest(null, Object(Config\Cache), false)
 8 SYSTEMPATH\Boot.php(363): CodeIgniter\CodeIgniter->run()
 9 SYSTEMPATH\Boot.php(68): CodeIgniter\Boot::runCodeIgniter(Object(CodeIgniter\CodeIgniter))
10 FCPATH\index.php(87): CodeIgniter\Boot::bootWeb(Object(Config\Paths))
CRITICAL - 2025-12-10 18:15:39 --> [Caused by] CodeIgniter\Database\Exceptions\DatabaseException: Unknown column 'courses.deleted_at' in 'where clause'
in SYSTEMPATH\Database\MySQLi\Connection.php on line 332.
 1 SYSTEMPATH\Database\BaseConnection.php(729): CodeIgniter\Database\MySQLi\Connection->execute('SELECT *
FROM `courses`
WHERE `courses`.`deleted_at` IS NULL
ORDER BY `title` ASC')
 2 SYSTEMPATH\Database\BaseConnection.php(646): CodeIgniter\Database\BaseConnection->simpleQuery('SELECT *
FROM `courses`
WHERE `courses`.`deleted_at` IS NULL
ORDER BY `title` ASC')
 3 SYSTEMPATH\Database\BaseBuilder.php(1649): CodeIgniter\Database\BaseConnection->query('SELECT *
FROM `courses`
WHERE `courses`.`deleted_at` IS NULL
ORDER BY `title` ASC', [], false)
 4 SYSTEMPATH\Model.php(286): CodeIgniter\Database\BaseBuilder->get()
 5 SYSTEMPATH\BaseModel.php(677): CodeIgniter\Model->doFindAll(0, 0)
 6 APPPATH\Controllers\Auth.php(351): CodeIgniter\BaseModel->findAll()
 7 SYSTEMPATH\CodeIgniter.php(933): App\Controllers\Auth->dashboard()
 8 SYSTEMPATH\CodeIgniter.php(507): CodeIgniter\CodeIgniter->runController(Object(App\Controllers\Auth))
 9 SYSTEMPATH\CodeIgniter.php(354): CodeIgniter\CodeIgniter->handleRequest(null, Object(Config\Cache), false)
10 SYSTEMPATH\Boot.php(363): CodeIgniter\CodeIgniter->run()
11 SYSTEMPATH\Boot.php(68): CodeIgniter\Boot::runCodeIgniter(Object(CodeIgniter\CodeIgniter))
12 FCPATH\index.php(87): CodeIgniter\Boot::bootWeb(Object(Config\Paths))
CRITICAL - 2025-12-10 18:15:39 --> [Caused by] mysqli_sql_exception: Unknown column 'courses.deleted_at' in 'where clause'
in SYSTEMPATH\Database\MySQLi\Connection.php on line 327.
 1 SYSTEMPATH\Database\MySQLi\Connection.php(327): mysqli->query('SELECT *
FROM `courses`
WHERE `courses`.`deleted_at` IS NULL
ORDER BY `title` ASC', 0)
 2 SYSTEMPATH\Database\BaseConnection.php(729): CodeIgniter\Database\MySQLi\Connection->execute('SELECT *
FROM `courses`
WHERE `courses`.`deleted_at` IS NULL
ORDER BY `title` ASC')
 3 SYSTEMPATH\Database\BaseConnection.php(646): CodeIgniter\Database\BaseConnection->simpleQuery('SELECT *
FROM `courses`
WHERE `courses`.`deleted_at` IS NULL
ORDER BY `title` ASC')
 4 SYSTEMPATH\Database\BaseBuilder.php(1649): CodeIgniter\Database\BaseConnection->query('SELECT *
FROM `courses`
WHERE `courses`.`deleted_at` IS NULL
ORDER BY `title` ASC', [], false)
 5 SYSTEMPATH\Model.php(286): CodeIgniter\Database\BaseBuilder->get()
 6 SYSTEMPATH\BaseModel.php(677): CodeIgniter\Model->doFindAll(0, 0)
 7 APPPATH\Controllers\Auth.php(351): CodeIgniter\BaseModel->findAll()
 8 SYSTEMPATH\CodeIgniter.php(933): App\Controllers\Auth->dashboard()
 9 SYSTEMPATH\CodeIgniter.php(507): CodeIgniter\CodeIgniter->runController(Object(App\Controllers\Auth))
10 SYSTEMPATH\CodeIgniter.php(354): CodeIgniter\CodeIgniter->handleRequest(null, Object(Config\Cache), false)
11 SYSTEMPATH\Boot.php(363): CodeIgniter\CodeIgniter->run()
12 SYSTEMPATH\Boot.php(68): CodeIgniter\Boot::runCodeIgniter(Object(CodeIgniter\CodeIgniter))
13 FCPATH\index.php(87): CodeIgniter\Boot::bootWeb(Object(Config\Paths))
ERROR - 2025-12-10 18:32:47 --> mysqli_sql_exception: Unknown column 'courses.deleted_at' in 'where clause' in C:\xampp\htdocs\ITE311-MALILAY\system\Database\MySQLi\Connection.php:327
Stack trace:
#0 C:\xampp\htdocs\ITE311-MALILAY\system\Database\MySQLi\Connection.php(327): mysqli->query('SELECT *\nFROM `...', 0)
#1 C:\xampp\htdocs\ITE311-MALILAY\system\Database\BaseConnection.php(729): CodeIgniter\Database\MySQLi\Connection->execute('SELECT *\nFROM `...')
#2 C:\xampp\htdocs\ITE311-MALILAY\system\Database\BaseConnection.php(646): CodeIgniter\Database\BaseConnection->simpleQuery('SELECT *\nFROM `...')
#3 C:\xampp\htdocs\ITE311-MALILAY\system\Database\BaseBuilder.php(1649): CodeIgniter\Database\BaseConnection->query('SELECT *\nFROM `...', Array, false)
#4 C:\xampp\htdocs\ITE311-MALILAY\system\Model.php(286): CodeIgniter\Database\BaseBuilder->get()
#5 C:\xampp\htdocs\ITE311-MALILAY\system\BaseModel.php(677): CodeIgniter\Model->doFindAll(0, 0)
#6 C:\xampp\htdocs\ITE311-MALILAY\app\Controllers\Auth.php(351): CodeIgniter\BaseModel->findAll()
#7 C:\xampp\htdocs\ITE311-MALILAY\system\CodeIgniter.php(933): App\Controllers\Auth->dashboard()
#8 C:\xampp\htdocs\ITE311-MALILAY\system\CodeIgniter.php(507): CodeIgniter\CodeIgniter->runController(Object(App\Controllers\Auth))
#9 C:\xampp\htdocs\ITE311-MALILAY\system\CodeIgniter.php(354): CodeIgniter\CodeIgniter->handleRequest(NULL, Object(Config\Cache), false)
#10 C:\xampp\htdocs\ITE311-MALILAY\system\Boot.php(363): CodeIgniter\CodeIgniter->run()
#11 C:\xampp\htdocs\ITE311-MALILAY\system\Boot.php(68): CodeIgniter\Boot::runCodeIgniter(Object(CodeIgniter\CodeIgniter))
#12 C:\xampp\htdocs\ITE311-MALILAY\index.php(87): CodeIgniter\Boot::bootWeb(Object(Config\Paths))
#13 {main}
CRITICAL - 2025-12-10 18:32:47 --> CodeIgniter\Database\Exceptions\DatabaseException: Unknown column 'courses.deleted_at' in 'where clause'
[Method: GET, Route: dashboard]
in SYSTEMPATH\Database\BaseConnection.php on line 684.
 1 SYSTEMPATH\Database\BaseBuilder.php(1649): CodeIgniter\Database\BaseConnection->query('SELECT *
FROM `courses`
WHERE `courses`.`deleted_at` IS NULL
ORDER BY `title` ASC', [], false)
 2 SYSTEMPATH\Model.php(286): CodeIgniter\Database\BaseBuilder->get()
 3 SYSTEMPATH\BaseModel.php(677): CodeIgniter\Model->doFindAll(0, 0)
 4 APPPATH\Controllers\Auth.php(351): CodeIgniter\BaseModel->findAll()
 5 SYSTEMPATH\CodeIgniter.php(933): App\Controllers\Auth->dashboard()
 6 SYSTEMPATH\CodeIgniter.php(507): CodeIgniter\CodeIgniter->runController(Object(App\Controllers\Auth))
 7 SYSTEMPATH\CodeIgniter.php(354): CodeIgniter\CodeIgniter->handleRequest(null, Object(Config\Cache), false)
 8 SYSTEMPATH\Boot.php(363): CodeIgniter\CodeIgniter->run()
 9 SYSTEMPATH\Boot.php(68): CodeIgniter\Boot::runCodeIgniter(Object(CodeIgniter\CodeIgniter))
10 FCPATH\index.php(87): CodeIgniter\Boot::bootWeb(Object(Config\Paths))
CRITICAL - 2025-12-10 18:32:47 --> [Caused by] CodeIgniter\Database\Exceptions\DatabaseException: Unknown column 'courses.deleted_at' in 'where clause'
in SYSTEMPATH\Database\MySQLi\Connection.php on line 332.
 1 SYSTEMPATH\Database\BaseConnection.php(729): CodeIgniter\Database\MySQLi\Connection->execute('SELECT *
FROM `courses`
WHERE `courses`.`deleted_at` IS NULL
ORDER BY `title` ASC')
 2 SYSTEMPATH\Database\BaseConnection.php(646): CodeIgniter\Database\BaseConnection->simpleQuery('SELECT *
FROM `courses`
WHERE `courses`.`deleted_at` IS NULL
ORDER BY `title` ASC')
 3 SYSTEMPATH\Database\BaseBuilder.php(1649): CodeIgniter\Database\BaseConnection->query('SELECT *
FROM `courses`
WHERE `courses`.`deleted_at` IS NULL
ORDER BY `title` ASC', [], false)
 4 SYSTEMPATH\Model.php(286): CodeIgniter\Database\BaseBuilder->get()
 5 SYSTEMPATH\BaseModel.php(677): CodeIgniter\Model->doFindAll(0, 0)
 6 APPPATH\Controllers\Auth.php(351): CodeIgniter\BaseModel->findAll()
 7 SYSTEMPATH\CodeIgniter.php(933): App\Controllers\Auth->dashboard()
 8 SYSTEMPATH\CodeIgniter.php(507): CodeIgniter\CodeIgniter->runController(Object(App\Controllers\Auth))
 9 SYSTEMPATH\CodeIgniter.php(354): CodeIgniter\CodeIgniter->handleRequest(null, Object(Config\Cache), false)
10 SYSTEMPATH\Boot.php(363): CodeIgniter\CodeIgniter->run()
11 SYSTEMPATH\Boot.php(68): CodeIgniter\Boot::runCodeIgniter(Object(CodeIgniter\CodeIgniter))
12 FCPATH\index.php(87): CodeIgniter\Boot::bootWeb(Object(Config\Paths))
CRITICAL - 2025-12-10 18:32:47 --> [Caused by] mysqli_sql_exception: Unknown column 'courses.deleted_at' in 'where clause'
in SYSTEMPATH\Database\MySQLi\Connection.php on line 327.
 1 SYSTEMPATH\Database\MySQLi\Connection.php(327): mysqli->query('SELECT *
FROM `courses`
WHERE `courses`.`deleted_at` IS NULL
ORDER BY `title` ASC', 0)
 2 SYSTEMPATH\Database\BaseConnection.php(729): CodeIgniter\Database\MySQLi\Connection->execute('SELECT *
FROM `courses`
WHERE `courses`.`deleted_at` IS NULL
ORDER BY `title` ASC')
 3 SYSTEMPATH\Database\BaseConnection.php(646): CodeIgniter\Database\BaseConnection->simpleQuery('SELECT *
FROM `courses`
WHERE `courses`.`deleted_at` IS NULL
ORDER BY `title` ASC')
 4 SYSTEMPATH\Database\BaseBuilder.php(1649): CodeIgniter\Database\BaseConnection->query('SELECT *
FROM `courses`
WHERE `courses`.`deleted_at` IS NULL
ORDER BY `title` ASC', [], false)
 5 SYSTEMPATH\Model.php(286): CodeIgniter\Database\BaseBuilder->get()
 6 SYSTEMPATH\BaseModel.php(677): CodeIgniter\Model->doFindAll(0, 0)
 7 APPPATH\Controllers\Auth.php(351): CodeIgniter\BaseModel->findAll()
 8 SYSTEMPATH\CodeIgniter.php(933): App\Controllers\Auth->dashboard()
 9 SYSTEMPATH\CodeIgniter.php(507): CodeIgniter\CodeIgniter->runController(Object(App\Controllers\Auth))
10 SYSTEMPATH\CodeIgniter.php(354): CodeIgniter\CodeIgniter->handleRequest(null, Object(Config\Cache), false)
11 SYSTEMPATH\Boot.php(363): CodeIgniter\CodeIgniter->run()
12 SYSTEMPATH\Boot.php(68): CodeIgniter\Boot::runCodeIgniter(Object(CodeIgniter\CodeIgniter))
13 FCPATH\index.php(87): CodeIgniter\Boot::bootWeb(Object(Config\Paths))
ERROR - 2025-12-10 18:32:54 --> mysqli_sql_exception: Unknown column 'courses.deleted_at' in 'where clause' in C:\xampp\htdocs\ITE311-MALILAY\system\Database\MySQLi\Connection.php:327
Stack trace:
#0 C:\xampp\htdocs\ITE311-MALILAY\system\Database\MySQLi\Connection.php(327): mysqli->query('SELECT *\nFROM `...', 0)
#1 C:\xampp\htdocs\ITE311-MALILAY\system\Database\BaseConnection.php(729): CodeIgniter\Database\MySQLi\Connection->execute('SELECT *\nFROM `...')
#2 C:\xampp\htdocs\ITE311-MALILAY\system\Database\BaseConnection.php(646): CodeIgniter\Database\BaseConnection->simpleQuery('SELECT *\nFROM `...')
#3 C:\xampp\htdocs\ITE311-MALILAY\system\Database\BaseBuilder.php(1649): CodeIgniter\Database\BaseConnection->query('SELECT *\nFROM `...', Array, false)
#4 C:\xampp\htdocs\ITE311-MALILAY\system\Model.php(286): CodeIgniter\Database\BaseBuilder->get()
#5 C:\xampp\htdocs\ITE311-MALILAY\system\BaseModel.php(677): CodeIgniter\Model->doFindAll(0, 0)
#6 C:\xampp\htdocs\ITE311-MALILAY\app\Controllers\Auth.php(351): CodeIgniter\BaseModel->findAll()
#7 C:\xampp\htdocs\ITE311-MALILAY\system\CodeIgniter.php(933): App\Controllers\Auth->dashboard()
#8 C:\xampp\htdocs\ITE311-MALILAY\system\CodeIgniter.php(507): CodeIgniter\CodeIgniter->runController(Object(App\Controllers\Auth))
#9 C:\xampp\htdocs\ITE311-MALILAY\system\CodeIgniter.php(354): CodeIgniter\CodeIgniter->handleRequest(NULL, Object(Config\Cache), false)
#10 C:\xampp\htdocs\ITE311-MALILAY\system\Boot.php(363): CodeIgniter\CodeIgniter->run()
#11 C:\xampp\htdocs\ITE311-MALILAY\system\Boot.php(68): CodeIgniter\Boot::runCodeIgniter(Object(CodeIgniter\CodeIgniter))
#12 C:\xampp\htdocs\ITE311-MALILAY\index.php(87): CodeIgniter\Boot::bootWeb(Object(Config\Paths))
#13 {main}
CRITICAL - 2025-12-10 18:32:54 --> CodeIgniter\Database\Exceptions\DatabaseException: Unknown column 'courses.deleted_at' in 'where clause'
[Method: GET, Route: dashboard]
in SYSTEMPATH\Database\BaseConnection.php on line 684.
 1 SYSTEMPATH\Database\BaseBuilder.php(1649): CodeIgniter\Database\BaseConnection->query('SELECT *
FROM `courses`
WHERE `courses`.`deleted_at` IS NULL
ORDER BY `title` ASC', [], false)
 2 SYSTEMPATH\Model.php(286): CodeIgniter\Database\BaseBuilder->get()
 3 SYSTEMPATH\BaseModel.php(677): CodeIgniter\Model->doFindAll(0, 0)
 4 APPPATH\Controllers\Auth.php(351): CodeIgniter\BaseModel->findAll()
 5 SYSTEMPATH\CodeIgniter.php(933): App\Controllers\Auth->dashboard()
 6 SYSTEMPATH\CodeIgniter.php(507): CodeIgniter\CodeIgniter->runController(Object(App\Controllers\Auth))
 7 SYSTEMPATH\CodeIgniter.php(354): CodeIgniter\CodeIgniter->handleRequest(null, Object(Config\Cache), false)
 8 SYSTEMPATH\Boot.php(363): CodeIgniter\CodeIgniter->run()
 9 SYSTEMPATH\Boot.php(68): CodeIgniter\Boot::runCodeIgniter(Object(CodeIgniter\CodeIgniter))
10 FCPATH\index.php(87): CodeIgniter\Boot::bootWeb(Object(Config\Paths))
CRITICAL - 2025-12-10 18:32:54 --> [Caused by] CodeIgniter\Database\Exceptions\DatabaseException: Unknown column 'courses.deleted_at' in 'where clause'
in SYSTEMPATH\Database\MySQLi\Connection.php on line 332.
 1 SYSTEMPATH\Database\BaseConnection.php(729): CodeIgniter\Database\MySQLi\Connection->execute('SELECT *
FROM `courses`
WHERE `courses`.`deleted_at` IS NULL
ORDER BY `title` ASC')
 2 SYSTEMPATH\Database\BaseConnection.php(646): CodeIgniter\Database\BaseConnection->simpleQuery('SELECT *
FROM `courses`
WHERE `courses`.`deleted_at` IS NULL
ORDER BY `title` ASC')
 3 SYSTEMPATH\Database\BaseBuilder.php(1649): CodeIgniter\Database\BaseConnection->query('SELECT *
FROM `courses`
WHERE `courses`.`deleted_at` IS NULL
ORDER BY `title` ASC', [], false)
 4 SYSTEMPATH\Model.php(286): CodeIgniter\Database\BaseBuilder->get()
 5 SYSTEMPATH\BaseModel.php(677): CodeIgniter\Model->doFindAll(0, 0)
 6 APPPATH\Controllers\Auth.php(351): CodeIgniter\BaseModel->findAll()
 7 SYSTEMPATH\CodeIgniter.php(933): App\Controllers\Auth->dashboard()
 8 SYSTEMPATH\CodeIgniter.php(507): CodeIgniter\CodeIgniter->runController(Object(App\Controllers\Auth))
 9 SYSTEMPATH\CodeIgniter.php(354): CodeIgniter\CodeIgniter->handleRequest(null, Object(Config\Cache), false)
10 SYSTEMPATH\Boot.php(363): CodeIgniter\CodeIgniter->run()
11 SYSTEMPATH\Boot.php(68): CodeIgniter\Boot::runCodeIgniter(Object(CodeIgniter\CodeIgniter))
12 FCPATH\index.php(87): CodeIgniter\Boot::bootWeb(Object(Config\Paths))
CRITICAL - 2025-12-10 18:32:54 --> [Caused by] mysqli_sql_exception: Unknown column 'courses.deleted_at' in 'where clause'
in SYSTEMPATH\Database\MySQLi\Connection.php on line 327.
 1 SYSTEMPATH\Database\MySQLi\Connection.php(327): mysqli->query('SELECT *
FROM `courses`
WHERE `courses`.`deleted_at` IS NULL
ORDER BY `title` ASC', 0)
 2 SYSTEMPATH\Database\BaseConnection.php(729): CodeIgniter\Database\MySQLi\Connection->execute('SELECT *
FROM `courses`
WHERE `courses`.`deleted_at` IS NULL
ORDER BY `title` ASC')
 3 SYSTEMPATH\Database\BaseConnection.php(646): CodeIgniter\Database\BaseConnection->simpleQuery('SELECT *
FROM `courses`
WHERE `courses`.`deleted_at` IS NULL
ORDER BY `title` ASC')
 4 SYSTEMPATH\Database\BaseBuilder.php(1649): CodeIgniter\Database\BaseConnection->query('SELECT *
FROM `courses`
WHERE `courses`.`deleted_at` IS NULL
ORDER BY `title` ASC', [], false)
 5 SYSTEMPATH\Model.php(286): CodeIgniter\Database\BaseBuilder->get()
 6 SYSTEMPATH\BaseModel.php(677): CodeIgniter\Model->doFindAll(0, 0)
 7 APPPATH\Controllers\Auth.php(351): CodeIgniter\BaseModel->findAll()
 8 SYSTEMPATH\CodeIgniter.php(933): App\Controllers\Auth->dashboard()
 9 SYSTEMPATH\CodeIgniter.php(507): CodeIgniter\CodeIgniter->runController(Object(App\Controllers\Auth))
10 SYSTEMPATH\CodeIgniter.php(354): CodeIgniter\CodeIgniter->handleRequest(null, Object(Config\Cache), false)
11 SYSTEMPATH\Boot.php(363): CodeIgniter\CodeIgniter->run()
12 SYSTEMPATH\Boot.php(68): CodeIgniter\Boot::runCodeIgniter(Object(CodeIgniter\CodeIgniter))
13 FCPATH\index.php(87): CodeIgniter\Boot::bootWeb(Object(Config\Paths))
ERROR - 2025-12-10 18:42:33 --> mysqli_sql_exception: Duplicate entry '' for key 'control_number' in F:\xammp\htdocs\ITE311-MALILAY\system\Database\MySQLi\Connection.php:327
Stack trace:
#0 F:\xammp\htdocs\ITE311-MALILAY\system\Database\MySQLi\Connection.php(327): mysqli->query('INSERT INTO `co...', 0)
#1 F:\xammp\htdocs\ITE311-MALILAY\system\Database\BaseConnection.php(729): CodeIgniter\Database\MySQLi\Connection->execute('INSERT INTO `co...')
#2 F:\xammp\htdocs\ITE311-MALILAY\system\Database\BaseConnection.php(646): CodeIgniter\Database\BaseConnection->simpleQuery('INSERT INTO `co...')
#3 F:\xammp\htdocs\ITE311-MALILAY\system\Database\BaseBuilder.php(1841): CodeIgniter\Database\BaseConnection->query('INSERT INTO `co...', NULL, false)
#4 F:\xammp\htdocs\ITE311-MALILAY\system\Database\BaseBuilder.php(2230): CodeIgniter\Database\BaseBuilder->batchExecute('_insertBatch', 100)
#5 F:\xammp\htdocs\ITE311-MALILAY\app\Database\Seeds\CourseSeeder.php(57): CodeIgniter\Database\BaseBuilder->insertBatch(Array)
#6 F:\xammp\htdocs\ITE311-MALILAY\system\Database\Seeder.php(149): App\Database\Seeds\CourseSeeder->run()
#7 F:\xammp\htdocs\ITE311-MALILAY\system\Commands\Database\Seed.php(79): CodeIgniter\Database\Seeder->call('App\\Database\\Se...')
#8 F:\xammp\htdocs\ITE311-MALILAY\system\CLI\Commands.php(74): CodeIgniter\Commands\Database\Seed->run(Array)
#9 F:\xammp\htdocs\ITE311-MALILAY\system\CLI\Console.php(47): CodeIgniter\CLI\Commands->run('db:seed', Array)
#10 F:\xammp\htdocs\ITE311-MALILAY\system\Boot.php(388): CodeIgniter\CLI\Console->run()
#11 F:\xammp\htdocs\ITE311-MALILAY\system\Boot.php(133): CodeIgniter\Boot::runCommand(Object(CodeIgniter\CLI\Console))
#12 F:\xammp\htdocs\ITE311-MALILAY\spark(87): CodeIgniter\Boot::bootSpark(Object(Config\Paths))
#13 {main}
ERROR - 2025-12-10 18:42:59 --> mysqli_sql_exception: Cannot add or update a child row: a foreign key constraint fails (`lms_malilay`.`lessons`, CONSTRAINT `lessons_course_id_foreign` FOREIGN KEY (`course_id`) REFERENCES `courses` (`id`) ON DELETE CASCADE ON UPDATE CASCADE) in F:\xammp\htdocs\ITE311-MALILAY\system\Database\MySQLi\Connection.php:327
Stack trace:
#0 F:\xammp\htdocs\ITE311-MALILAY\system\Database\MySQLi\Connection.php(327): mysqli->query('INSERT INTO `le...', 0)
#1 F:\xammp\htdocs\ITE311-MALILAY\system\Database\BaseConnection.php(729): CodeIgniter\Database\MySQLi\Connection->execute('INSERT INTO `le...')
#2 F:\xammp\htdocs\ITE311-MALILAY\system\Database\BaseConnection.php(646): CodeIgniter\Database\BaseConnection->simpleQuery('INSERT INTO `le...')
#3 F:\xammp\htdocs\ITE311-MALILAY\system\Database\BaseBuilder.php(1841): CodeIgniter\Database\BaseConnection->query('INSERT INTO `le...', NULL, false)
#4 F:\xammp\htdocs\ITE311-MALILAY\system\Database\BaseBuilder.php(2230): CodeIgniter\Database\BaseBuilder->batchExecute('_insertBatch', 100)
#5 F:\xammp\htdocs\ITE311-MALILAY\app\Database\Seeds\LessonSeeder.php(49): CodeIgniter\Database\BaseBuilder->insertBatch(Array)
#6 F:\xammp\htdocs\ITE311-MALILAY\system\Database\Seeder.php(149): App\Database\Seeds\LessonSeeder->run()
#7 F:\xammp\htdocs\ITE311-MALILAY\system\Commands\Database\Seed.php(79): CodeIgniter\Database\Seeder->call('App\\Database\\Se...')
#8 F:\xammp\htdocs\ITE311-MALILAY\system\CLI\Commands.php(74): CodeIgniter\Commands\Database\Seed->run(Array)
#9 F:\xammp\htdocs\ITE311-MALILAY\system\CLI\Console.php(47): CodeIgniter\CLI\Commands->run('db:seed', Array)
#10 F:\xammp\htdocs\ITE311-MALILAY\system\Boot.php(388): CodeIgniter\CLI\Console->run()
#11 F:\xammp\htdocs\ITE311-MALILAY\system\Boot.php(133): CodeIgniter\Boot::runCommand(Object(CodeIgniter\CLI\Console))
#12 F:\xammp\htdocs\ITE311-MALILAY\spark(87): CodeIgniter\Boot::bootSpark(Object(Config\Paths))
#13 {main}
ERROR - 2025-12-10 18:43:15 --> mysqli_sql_exception: Cannot add or update a child row: a foreign key constraint fails (`lms_malilay`.`submissions`, CONSTRAINT `submissions_quiz_id_foreign` FOREIGN KEY (`quiz_id`) REFERENCES `quizzes` (`id`) ON DELETE CASCADE ON UPDATE CASCADE) in F:\xammp\htdocs\ITE311-MALILAY\system\Database\MySQLi\Connection.php:327
Stack trace:
#0 F:\xammp\htdocs\ITE311-MALILAY\system\Database\MySQLi\Connection.php(327): mysqli->query('INSERT INTO `su...', 0)
#1 F:\xammp\htdocs\ITE311-MALILAY\system\Database\BaseConnection.php(729): CodeIgniter\Database\MySQLi\Connection->execute('INSERT INTO `su...')
#2 F:\xammp\htdocs\ITE311-MALILAY\system\Database\BaseConnection.php(646): CodeIgniter\Database\BaseConnection->simpleQuery('INSERT INTO `su...')
#3 F:\xammp\htdocs\ITE311-MALILAY\system\Database\BaseBuilder.php(1841): CodeIgniter\Database\BaseConnection->query('INSERT INTO `su...', NULL, false)
#4 F:\xammp\htdocs\ITE311-MALILAY\system\Database\BaseBuilder.php(2230): CodeIgniter\Database\BaseBuilder->batchExecute('_insertBatch', 100)
#5 F:\xammp\htdocs\ITE311-MALILAY\app\Database\Seeds\SubmissionSeeder.php(30): CodeIgniter\Database\BaseBuilder->insertBatch(Array)
#6 F:\xammp\htdocs\ITE311-MALILAY\system\Database\Seeder.php(149): App\Database\Seeds\SubmissionSeeder->run()
#7 F:\xammp\htdocs\ITE311-MALILAY\system\Commands\Database\Seed.php(79): CodeIgniter\Database\Seeder->call('App\\Database\\Se...')
#8 F:\xammp\htdocs\ITE311-MALILAY\system\CLI\Commands.php(74): CodeIgniter\Commands\Database\Seed->run(Array)
#9 F:\xammp\htdocs\ITE311-MALILAY\system\CLI\Console.php(47): CodeIgniter\CLI\Commands->run('db:seed', Array)
#10 F:\xammp\htdocs\ITE311-MALILAY\system\Boot.php(388): CodeIgniter\CLI\Console->run()
#11 F:\xammp\htdocs\ITE311-MALILAY\system\Boot.php(133): CodeIgniter\Boot::runCommand(Object(CodeIgniter\CLI\Console))
#12 F:\xammp\htdocs\ITE311-MALILAY\spark(87): CodeIgniter\Boot::bootSpark(Object(Config\Paths))
#13 {main}
ERROR - 2025-12-10 19:33:22 --> mysqli_sql_exception: Unknown column 'e.status' in 'field list' in F:\xammp\htdocs\ITE311-MALILAY\system\Database\MySQLi\Connection.php:327
Stack trace:
#0 F:\xammp\htdocs\ITE311-MALILAY\system\Database\MySQLi\Connection.php(327): mysqli->query('\r\n             ...', 0)
#1 F:\xammp\htdocs\ITE311-MALILAY\system\Database\BaseConnection.php(729): CodeIgniter\Database\MySQLi\Connection->execute('\r\n             ...')
#2 F:\xammp\htdocs\ITE311-MALILAY\system\Database\BaseConnection.php(646): CodeIgniter\Database\BaseConnection->simpleQuery('\r\n             ...')
#3 F:\xammp\htdocs\ITE311-MALILAY\app\Controllers\Auth.php(508): CodeIgniter\Database\BaseConnection->query('\r\n             ...', Array)
#4 F:\xammp\htdocs\ITE311-MALILAY\system\CodeIgniter.php(933): App\Controllers\Auth->dashboard()
#5 F:\xammp\htdocs\ITE311-MALILAY\system\CodeIgniter.php(507): CodeIgniter\CodeIgniter->runController(Object(App\Controllers\Auth))
#6 F:\xammp\htdocs\ITE311-MALILAY\system\CodeIgniter.php(354): CodeIgniter\CodeIgniter->handleRequest(NULL, Object(Config\Cache), false)
#7 F:\xammp\htdocs\ITE311-MALILAY\system\Boot.php(363): CodeIgniter\CodeIgniter->run()
#8 F:\xammp\htdocs\ITE311-MALILAY\system\Boot.php(68): CodeIgniter\Boot::runCodeIgniter(Object(CodeIgniter\CodeIgniter))
#9 F:\xammp\htdocs\ITE311-MALILAY\index.php(87): CodeIgniter\Boot::bootWeb(Object(Config\Paths))
#10 {main}
CRITICAL - 2025-12-10 19:33:22 --> CodeIgniter\Database\Exceptions\DatabaseException: Unknown column 'e.status' in 'field list'
[Method: GET, Route: dashboard]
in SYSTEMPATH\Database\BaseConnection.php on line 684.
 1 APPPATH\Controllers\Auth.php(508): CodeIgniter\Database\BaseConnection->query('
                            SELECT e.id as enrollment_id, e.course_id, e.user_id, e.enrollment_date, e.status, e.approved_at, e.approved_by, e.rejected_at, e.rejected_by, e.rejection_reason, e.created_at, e.updated_at, u.id as user_id, u.name, u.email
                            FROM enrollments e
                            JOIN users u ON u.id = e.user_id
                            WHERE e.course_id = ? AND u.role = \'student\' AND e.status = \'approved\'
                            ORDER BY e.created_at DESC
                        ', [...])
 2 SYSTEMPATH\CodeIgniter.php(933): App\Controllers\Auth->dashboard()
 3 SYSTEMPATH\CodeIgniter.php(507): CodeIgniter\CodeIgniter->runController(Object(App\Controllers\Auth))
 4 SYSTEMPATH\CodeIgniter.php(354): CodeIgniter\CodeIgniter->handleRequest(null, Object(Config\Cache), false)
 5 SYSTEMPATH\Boot.php(363): CodeIgniter\CodeIgniter->run()
 6 SYSTEMPATH\Boot.php(68): CodeIgniter\Boot::runCodeIgniter(Object(CodeIgniter\CodeIgniter))
 7 FCPATH\index.php(87): CodeIgniter\Boot::bootWeb(Object(Config\Paths))
CRITICAL - 2025-12-10 19:33:22 --> [Caused by] CodeIgniter\Database\Exceptions\DatabaseException: Unknown column 'e.status' in 'field list'
in SYSTEMPATH\Database\MySQLi\Connection.php on line 332.
 1 SYSTEMPATH\Database\BaseConnection.php(729): CodeIgniter\Database\MySQLi\Connection->execute('
                            SELECT e.id as enrollment_id, e.course_id, e.user_id, e.enrollment_date, e.status, e.approved_at, e.approved_by, e.rejected_at, e.rejected_by, e.rejection_reason, e.created_at, e.updated_at, u.id as user_id, u.name, u.email
                            FROM enrollments e
                            JOIN users u ON u.id = e.user_id
                            WHERE e.course_id = \'7\' AND u.role = \'student\' AND e.status = \'approved\'
                            ORDER BY e.created_at DESC
                        ')
 2 SYSTEMPATH\Database\BaseConnection.php(646): CodeIgniter\Database\BaseConnection->simpleQuery('
                            SELECT e.id as enrollment_id, e.course_id, e.user_id, e.enrollment_date, e.status, e.approved_at, e.approved_by, e.rejected_at, e.rejected_by, e.rejection_reason, e.created_at, e.updated_at, u.id as user_id, u.name, u.email
                            FROM enrollments e
                            JOIN users u ON u.id = e.user_id
                            WHERE e.course_id = \'7\' AND u.role = \'student\' AND e.status = \'approved\'
                            ORDER BY e.created_at DESC
                        ')
 3 APPPATH\Controllers\Auth.php(508): CodeIgniter\Database\BaseConnection->query('
                            SELECT e.id as enrollment_id, e.course_id, e.user_id, e.enrollment_date, e.status, e.approved_at, e.approved_by, e.rejected_at, e.rejected_by, e.rejection_reason, e.created_at, e.updated_at, u.id as user_id, u.name, u.email
                            FROM enrollments e
                            JOIN users u ON u.id = e.user_id
                            WHERE e.course_id = ? AND u.role = \'student\' AND e.status = \'approved\'
                            ORDER BY e.created_at DESC
                        ', [...])
 4 SYSTEMPATH\CodeIgniter.php(933): App\Controllers\Auth->dashboard()
 5 SYSTEMPATH\CodeIgniter.php(507): CodeIgniter\CodeIgniter->runController(Object(App\Controllers\Auth))
 6 SYSTEMPATH\CodeIgniter.php(354): CodeIgniter\CodeIgniter->handleRequest(null, Object(Config\Cache), false)
 7 SYSTEMPATH\Boot.php(363): CodeIgniter\CodeIgniter->run()
 8 SYSTEMPATH\Boot.php(68): CodeIgniter\Boot::runCodeIgniter(Object(CodeIgniter\CodeIgniter))
 9 FCPATH\index.php(87): CodeIgniter\Boot::bootWeb(Object(Config\Paths))
CRITICAL - 2025-12-10 19:33:22 --> [Caused by] mysqli_sql_exception: Unknown column 'e.status' in 'field list'
in SYSTEMPATH\Database\MySQLi\Connection.php on line 327.
 1 SYSTEMPATH\Database\MySQLi\Connection.php(327): mysqli->query('
                            SELECT e.id as enrollment_id, e.course_id, e.user_id, e.enrollment_date, e.status, e.approved_at, e.approved_by, e.rejected_at, e.rejected_by, e.rejection_reason, e.created_at, e.updated_at, u.id as user_id, u.name, u.email
                            FROM enrollments e
                            JOIN users u ON u.id = e.user_id
                            WHERE e.course_id = \'7\' AND u.role = \'student\' AND e.status = \'approved\'
                            ORDER BY e.created_at DESC
                        ', 0)
 2 SYSTEMPATH\Database\BaseConnection.php(729): CodeIgniter\Database\MySQLi\Connection->execute('
                            SELECT e.id as enrollment_id, e.course_id, e.user_id, e.enrollment_date, e.status, e.approved_at, e.approved_by, e.rejected_at, e.rejected_by, e.rejection_reason, e.created_at, e.updated_at, u.id as user_id, u.name, u.email
                            FROM enrollments e
                            JOIN users u ON u.id = e.user_id
                            WHERE e.course_id = \'7\' AND u.role = \'student\' AND e.status = \'approved\'
                            ORDER BY e.created_at DESC
                        ')
 3 SYSTEMPATH\Database\BaseConnection.php(646): CodeIgniter\Database\BaseConnection->simpleQuery('
                            SELECT e.id as enrollment_id, e.course_id, e.user_id, e.enrollment_date, e.status, e.approved_at, e.approved_by, e.rejected_at, e.rejected_by, e.rejection_reason, e.created_at, e.updated_at, u.id as user_id, u.name, u.email
                            FROM enrollments e
                            JOIN users u ON u.id = e.user_id
                            WHERE e.course_id = \'7\' AND u.role = \'student\' AND e.status = \'approved\'
                            ORDER BY e.created_at DESC
                        ')
 4 APPPATH\Controllers\Auth.php(508): CodeIgniter\Database\BaseConnection->query('
                            SELECT e.id as enrollment_id, e.course_id, e.user_id, e.enrollment_date, e.status, e.approved_at, e.approved_by, e.rejected_at, e.rejected_by, e.rejection_reason, e.created_at, e.updated_at, u.id as user_id, u.name, u.email
                            FROM enrollments e
                            JOIN users u ON u.id = e.user_id
                            WHERE e.course_id = ? AND u.role = \'student\' AND e.status = \'approved\'
                            ORDER BY e.created_at DESC
                        ', [...])
 5 SYSTEMPATH\CodeIgniter.php(933): App\Controllers\Auth->dashboard()
 6 SYSTEMPATH\CodeIgniter.php(507): CodeIgniter\CodeIgniter->runController(Object(App\Controllers\Auth))
 7 SYSTEMPATH\CodeIgniter.php(354): CodeIgniter\CodeIgniter->handleRequest(null, Object(Config\Cache), false)
 8 SYSTEMPATH\Boot.php(363): CodeIgniter\CodeIgniter->run()
 9 SYSTEMPATH\Boot.php(68): CodeIgniter\Boot::runCodeIgniter(Object(CodeIgniter\CodeIgniter))
10 FCPATH\index.php(87): CodeIgniter\Boot::bootWeb(Object(Config\Paths))
ERROR - 2025-12-10 19:33:44 --> mysqli_sql_exception: Unknown column 'e.status' in 'field list' in F:\xammp\htdocs\ITE311-MALILAY\system\Database\MySQLi\Connection.php:327
Stack trace:
#0 F:\xammp\htdocs\ITE311-MALILAY\system\Database\MySQLi\Connection.php(327): mysqli->query('\r\n             ...', 0)
#1 F:\xammp\htdocs\ITE311-MALILAY\system\Database\BaseConnection.php(729): CodeIgniter\Database\MySQLi\Connection->execute('\r\n             ...')
#2 F:\xammp\htdocs\ITE311-MALILAY\system\Database\BaseConnection.php(646): CodeIgniter\Database\BaseConnection->simpleQuery('\r\n             ...')
#3 F:\xammp\htdocs\ITE311-MALILAY\app\Controllers\Auth.php(508): CodeIgniter\Database\BaseConnection->query('\r\n             ...', Array)
#4 F:\xammp\htdocs\ITE311-MALILAY\system\CodeIgniter.php(933): App\Controllers\Auth->dashboard()
#5 F:\xammp\htdocs\ITE311-MALILAY\system\CodeIgniter.php(507): CodeIgniter\CodeIgniter->runController(Object(App\Controllers\Auth))
#6 F:\xammp\htdocs\ITE311-MALILAY\system\CodeIgniter.php(354): CodeIgniter\CodeIgniter->handleRequest(NULL, Object(Config\Cache), false)
#7 F:\xammp\htdocs\ITE311-MALILAY\system\Boot.php(363): CodeIgniter\CodeIgniter->run()
#8 F:\xammp\htdocs\ITE311-MALILAY\system\Boot.php(68): CodeIgniter\Boot::runCodeIgniter(Object(CodeIgniter\CodeIgniter))
#9 F:\xammp\htdocs\ITE311-MALILAY\index.php(87): CodeIgniter\Boot::bootWeb(Object(Config\Paths))
#10 {main}
CRITICAL - 2025-12-10 19:33:44 --> CodeIgniter\Database\Exceptions\DatabaseException: Unknown column 'e.status' in 'field list'
[Method: GET, Route: dashboard]
in SYSTEMPATH\Database\BaseConnection.php on line 684.
 1 APPPATH\Controllers\Auth.php(508): CodeIgniter\Database\BaseConnection->query('
                            SELECT e.id as enrollment_id, e.course_id, e.user_id, e.enrollment_date, e.status, e.approved_at, e.approved_by, e.rejected_at, e.rejected_by, e.rejection_reason, e.created_at, e.updated_at, u.id as user_id, u.name, u.email
                            FROM enrollments e
                            JOIN users u ON u.id = e.user_id
                            WHERE e.course_id = ? AND u.role = \'student\' AND e.status = \'approved\'
                            ORDER BY e.created_at DESC
                        ', [...])
 2 SYSTEMPATH\CodeIgniter.php(933): App\Controllers\Auth->dashboard()
 3 SYSTEMPATH\CodeIgniter.php(507): CodeIgniter\CodeIgniter->runController(Object(App\Controllers\Auth))
 4 SYSTEMPATH\CodeIgniter.php(354): CodeIgniter\CodeIgniter->handleRequest(null, Object(Config\Cache), false)
 5 SYSTEMPATH\Boot.php(363): CodeIgniter\CodeIgniter->run()
 6 SYSTEMPATH\Boot.php(68): CodeIgniter\Boot::runCodeIgniter(Object(CodeIgniter\CodeIgniter))
 7 FCPATH\index.php(87): CodeIgniter\Boot::bootWeb(Object(Config\Paths))
CRITICAL - 2025-12-10 19:33:44 --> [Caused by] CodeIgniter\Database\Exceptions\DatabaseException: Unknown column 'e.status' in 'field list'
in SYSTEMPATH\Database\MySQLi\Connection.php on line 332.
 1 SYSTEMPATH\Database\BaseConnection.php(729): CodeIgniter\Database\MySQLi\Connection->execute('
                            SELECT e.id as enrollment_id, e.course_id, e.user_id, e.enrollment_date, e.status, e.approved_at, e.approved_by, e.rejected_at, e.rejected_by, e.rejection_reason, e.created_at, e.updated_at, u.id as user_id, u.name, u.email
                            FROM enrollments e
                            JOIN users u ON u.id = e.user_id
                            WHERE e.course_id = \'7\' AND u.role = \'student\' AND e.status = \'approved\'
                            ORDER BY e.created_at DESC
                        ')
 2 SYSTEMPATH\Database\BaseConnection.php(646): CodeIgniter\Database\BaseConnection->simpleQuery('
                            SELECT e.id as enrollment_id, e.course_id, e.user_id, e.enrollment_date, e.status, e.approved_at, e.approved_by, e.rejected_at, e.rejected_by, e.rejection_reason, e.created_at, e.updated_at, u.id as user_id, u.name, u.email
                            FROM enrollments e
                            JOIN users u ON u.id = e.user_id
                            WHERE e.course_id = \'7\' AND u.role = \'student\' AND e.status = \'approved\'
                            ORDER BY e.created_at DESC
                        ')
 3 APPPATH\Controllers\Auth.php(508): CodeIgniter\Database\BaseConnection->query('
                            SELECT e.id as enrollment_id, e.course_id, e.user_id, e.enrollment_date, e.status, e.approved_at, e.approved_by, e.rejected_at, e.rejected_by, e.rejection_reason, e.created_at, e.updated_at, u.id as user_id, u.name, u.email
                            FROM enrollments e
                            JOIN users u ON u.id = e.user_id
                            WHERE e.course_id = ? AND u.role = \'student\' AND e.status = \'approved\'
                            ORDER BY e.created_at DESC
                        ', [...])
 4 SYSTEMPATH\CodeIgniter.php(933): App\Controllers\Auth->dashboard()
 5 SYSTEMPATH\CodeIgniter.php(507): CodeIgniter\CodeIgniter->runController(Object(App\Controllers\Auth))
 6 SYSTEMPATH\CodeIgniter.php(354): CodeIgniter\CodeIgniter->handleRequest(null, Object(Config\Cache), false)
 7 SYSTEMPATH\Boot.php(363): CodeIgniter\CodeIgniter->run()
 8 SYSTEMPATH\Boot.php(68): CodeIgniter\Boot::runCodeIgniter(Object(CodeIgniter\CodeIgniter))
 9 FCPATH\index.php(87): CodeIgniter\Boot::bootWeb(Object(Config\Paths))
CRITICAL - 2025-12-10 19:33:44 --> [Caused by] mysqli_sql_exception: Unknown column 'e.status' in 'field list'
in SYSTEMPATH\Database\MySQLi\Connection.php on line 327.
 1 SYSTEMPATH\Database\MySQLi\Connection.php(327): mysqli->query('
                            SELECT e.id as enrollment_id, e.course_id, e.user_id, e.enrollment_date, e.status, e.approved_at, e.approved_by, e.rejected_at, e.rejected_by, e.rejection_reason, e.created_at, e.updated_at, u.id as user_id, u.name, u.email
                            FROM enrollments e
                            JOIN users u ON u.id = e.user_id
                            WHERE e.course_id = \'7\' AND u.role = \'student\' AND e.status = \'approved\'
                            ORDER BY e.created_at DESC
                        ', 0)
 2 SYSTEMPATH\Database\BaseConnection.php(729): CodeIgniter\Database\MySQLi\Connection->execute('
                            SELECT e.id as enrollment_id, e.course_id, e.user_id, e.enrollment_date, e.status, e.approved_at, e.approved_by, e.rejected_at, e.rejected_by, e.rejection_reason, e.created_at, e.updated_at, u.id as user_id, u.name, u.email
                            FROM enrollments e
                            JOIN users u ON u.id = e.user_id
                            WHERE e.course_id = \'7\' AND u.role = \'student\' AND e.status = \'approved\'
                            ORDER BY e.created_at DESC
                        ')
 3 SYSTEMPATH\Database\BaseConnection.php(646): CodeIgniter\Database\BaseConnection->simpleQuery('
                            SELECT e.id as enrollment_id, e.course_id, e.user_id, e.enrollment_date, e.status, e.approved_at, e.approved_by, e.rejected_at, e.rejected_by, e.rejection_reason, e.created_at, e.updated_at, u.id as user_id, u.name, u.email
                            FROM enrollments e
                            JOIN users u ON u.id = e.user_id
                            WHERE e.course_id = \'7\' AND u.role = \'student\' AND e.status = \'approved\'
                            ORDER BY e.created_at DESC
                        ')
 4 APPPATH\Controllers\Auth.php(508): CodeIgniter\Database\BaseConnection->query('
                            SELECT e.id as enrollment_id, e.course_id, e.user_id, e.enrollment_date, e.status, e.approved_at, e.approved_by, e.rejected_at, e.rejected_by, e.rejection_reason, e.created_at, e.updated_at, u.id as user_id, u.name, u.email
                            FROM enrollments e
                            JOIN users u ON u.id = e.user_id
                            WHERE e.course_id = ? AND u.role = \'student\' AND e.status = \'approved\'
                            ORDER BY e.created_at DESC
                        ', [...])
 5 SYSTEMPATH\CodeIgniter.php(933): App\Controllers\Auth->dashboard()
 6 SYSTEMPATH\CodeIgniter.php(507): CodeIgniter\CodeIgniter->runController(Object(App\Controllers\Auth))
 7 SYSTEMPATH\CodeIgniter.php(354): CodeIgniter\CodeIgniter->handleRequest(null, Object(Config\Cache), false)
 8 SYSTEMPATH\Boot.php(363): CodeIgniter\CodeIgniter->run()
 9 SYSTEMPATH\Boot.php(68): CodeIgniter\Boot::runCodeIgniter(Object(CodeIgniter\CodeIgniter))
10 FCPATH\index.php(87): CodeIgniter\Boot::bootWeb(Object(Config\Paths))
ERROR - 2025-12-10 20:55:09 --> mysqli_sql_exception: Unknown column 'status' in 'where clause' in F:\xammp\htdocs\ITE311-MALILAY\system\Database\MySQLi\Connection.php:327
Stack trace:
#0 F:\xammp\htdocs\ITE311-MALILAY\system\Database\MySQLi\Connection.php(327): mysqli->query('SELECT *\nFROM `...', 0)
#1 F:\xammp\htdocs\ITE311-MALILAY\system\Database\BaseConnection.php(729): CodeIgniter\Database\MySQLi\Connection->execute('SELECT *\nFROM `...')
#2 F:\xammp\htdocs\ITE311-MALILAY\system\Database\BaseConnection.php(646): CodeIgniter\Database\BaseConnection->simpleQuery('SELECT *\nFROM `...')
#3 F:\xammp\htdocs\ITE311-MALILAY\system\Database\BaseBuilder.php(1649): CodeIgniter\Database\BaseConnection->query('SELECT *\nFROM `...', Array, false)
#4 F:\xammp\htdocs\ITE311-MALILAY\system\Model.php(286): CodeIgniter\Database\BaseBuilder->get()
#5 F:\xammp\htdocs\ITE311-MALILAY\system\BaseModel.php(677): CodeIgniter\Model->doFindAll(0, 0)
#6 F:\xammp\htdocs\ITE311-MALILAY\app\Libraries\CompletionService.php(50): CodeIgniter\BaseModel->findAll()
#7 F:\xammp\htdocs\ITE311-MALILAY\app\Controllers\Auth.php(169): App\Libraries\CompletionService->checkAndUpdateCompletions()
#8 F:\xammp\htdocs\ITE311-MALILAY\system\CodeIgniter.php(933): App\Controllers\Auth->dashboard()
#9 F:\xammp\htdocs\ITE311-MALILAY\system\CodeIgniter.php(507): CodeIgniter\CodeIgniter->runController(Object(App\Controllers\Auth))
#10 F:\xammp\htdocs\ITE311-MALILAY\system\CodeIgniter.php(354): CodeIgniter\CodeIgniter->handleRequest(NULL, Object(Config\Cache), false)
#11 F:\xammp\htdocs\ITE311-MALILAY\system\Boot.php(363): CodeIgniter\CodeIgniter->run()
#12 F:\xammp\htdocs\ITE311-MALILAY\system\Boot.php(68): CodeIgniter\Boot::runCodeIgniter(Object(CodeIgniter\CodeIgniter))
#13 F:\xammp\htdocs\ITE311-MALILAY\index.php(88): CodeIgniter\Boot::bootWeb(Object(Config\Paths))
#14 {main}
ERROR - 2025-12-10 20:55:09 --> Error checking completions: Unknown column 'status' in 'where clause'
ERROR - 2025-12-10 20:55:11 --> mysqli_sql_exception: Unknown column 'status' in 'where clause' in F:\xammp\htdocs\ITE311-MALILAY\system\Database\MySQLi\Connection.php:327
Stack trace:
#0 F:\xammp\htdocs\ITE311-MALILAY\system\Database\MySQLi\Connection.php(327): mysqli->query('SELECT *\nFROM `...', 0)
#1 F:\xammp\htdocs\ITE311-MALILAY\system\Database\BaseConnection.php(729): CodeIgniter\Database\MySQLi\Connection->execute('SELECT *\nFROM `...')
#2 F:\xammp\htdocs\ITE311-MALILAY\system\Database\BaseConnection.php(646): CodeIgniter\Database\BaseConnection->simpleQuery('SELECT *\nFROM `...')
#3 F:\xammp\htdocs\ITE311-MALILAY\system\Database\BaseBuilder.php(1649): CodeIgniter\Database\BaseConnection->query('SELECT *\nFROM `...', Array, false)
#4 F:\xammp\htdocs\ITE311-MALILAY\system\Model.php(286): CodeIgniter\Database\BaseBuilder->get()
#5 F:\xammp\htdocs\ITE311-MALILAY\system\BaseModel.php(677): CodeIgniter\Model->doFindAll(0, 0)
#6 F:\xammp\htdocs\ITE311-MALILAY\app\Libraries\CompletionService.php(50): CodeIgniter\BaseModel->findAll()
#7 F:\xammp\htdocs\ITE311-MALILAY\app\Controllers\Auth.php(169): App\Libraries\CompletionService->checkAndUpdateCompletions()
#8 F:\xammp\htdocs\ITE311-MALILAY\system\CodeIgniter.php(933): App\Controllers\Auth->dashboard()
#9 F:\xammp\htdocs\ITE311-MALILAY\system\CodeIgniter.php(507): CodeIgniter\CodeIgniter->runController(Object(App\Controllers\Auth))
#10 F:\xammp\htdocs\ITE311-MALILAY\system\CodeIgniter.php(354): CodeIgniter\CodeIgniter->handleRequest(NULL, Object(Config\Cache), false)
#11 F:\xammp\htdocs\ITE311-MALILAY\system\Boot.php(363): CodeIgniter\CodeIgniter->run()
#12 F:\xammp\htdocs\ITE311-MALILAY\system\Boot.php(68): CodeIgniter\Boot::runCodeIgniter(Object(CodeIgniter\CodeIgniter))
#13 F:\xammp\htdocs\ITE311-MALILAY\index.php(88): CodeIgniter\Boot::bootWeb(Object(Config\Paths))
#14 {main}
ERROR - 2025-12-10 20:55:11 --> Error checking completions: Unknown column 'status' in 'where clause'
ERROR - 2025-12-10 20:55:12 --> mysqli_sql_exception: Unknown column 'status' in 'where clause' in F:\xammp\htdocs\ITE311-MALILAY\system\Database\MySQLi\Connection.php:327
Stack trace:
#0 F:\xammp\htdocs\ITE311-MALILAY\system\Database\MySQLi\Connection.php(327): mysqli->query('SELECT *\nFROM `...', 0)
#1 F:\xammp\htdocs\ITE311-MALILAY\system\Database\BaseConnection.php(729): CodeIgniter\Database\MySQLi\Connection->execute('SELECT *\nFROM `...')
#2 F:\xammp\htdocs\ITE311-MALILAY\system\Database\BaseConnection.php(646): CodeIgniter\Database\BaseConnection->simpleQuery('SELECT *\nFROM `...')
#3 F:\xammp\htdocs\ITE311-MALILAY\system\Database\BaseBuilder.php(1649): CodeIgniter\Database\BaseConnection->query('SELECT *\nFROM `...', Array, false)
#4 F:\xammp\htdocs\ITE311-MALILAY\system\Model.php(286): CodeIgniter\Database\BaseBuilder->get()
#5 F:\xammp\htdocs\ITE311-MALILAY\system\BaseModel.php(677): CodeIgniter\Model->doFindAll(0, 0)
#6 F:\xammp\htdocs\ITE311-MALILAY\app\Libraries\CompletionService.php(50): CodeIgniter\BaseModel->findAll()
#7 F:\xammp\htdocs\ITE311-MALILAY\app\Controllers\Auth.php(169): App\Libraries\CompletionService->checkAndUpdateCompletions()
#8 F:\xammp\htdocs\ITE311-MALILAY\system\CodeIgniter.php(933): App\Controllers\Auth->dashboard()
#9 F:\xammp\htdocs\ITE311-MALILAY\system\CodeIgniter.php(507): CodeIgniter\CodeIgniter->runController(Object(App\Controllers\Auth))
#10 F:\xammp\htdocs\ITE311-MALILAY\system\CodeIgniter.php(354): CodeIgniter\CodeIgniter->handleRequest(NULL, Object(Config\Cache), false)
#11 F:\xammp\htdocs\ITE311-MALILAY\system\Boot.php(363): CodeIgniter\CodeIgniter->run()
#12 F:\xammp\htdocs\ITE311-MALILAY\system\Boot.php(68): CodeIgniter\Boot::runCodeIgniter(Object(CodeIgniter\CodeIgniter))
#13 F:\xammp\htdocs\ITE311-MALILAY\index.php(88): CodeIgniter\Boot::bootWeb(Object(Config\Paths))
#14 {main}
ERROR - 2025-12-10 20:55:12 --> Error checking completions: Unknown column 'status' in 'where clause'
ERROR - 2025-12-10 20:55:13 --> mysqli_sql_exception: Unknown column 'status' in 'where clause' in F:\xammp\htdocs\ITE311-MALILAY\system\Database\MySQLi\Connection.php:327
Stack trace:
#0 F:\xammp\htdocs\ITE311-MALILAY\system\Database\MySQLi\Connection.php(327): mysqli->query('SELECT *\nFROM `...', 0)
#1 F:\xammp\htdocs\ITE311-MALILAY\system\Database\BaseConnection.php(729): CodeIgniter\Database\MySQLi\Connection->execute('SELECT *\nFROM `...')
#2 F:\xammp\htdocs\ITE311-MALILAY\system\Database\BaseConnection.php(646): CodeIgniter\Database\BaseConnection->simpleQuery('SELECT *\nFROM `...')
#3 F:\xammp\htdocs\ITE311-MALILAY\system\Database\BaseBuilder.php(1649): CodeIgniter\Database\BaseConnection->query('SELECT *\nFROM `...', Array, false)
#4 F:\xammp\htdocs\ITE311-MALILAY\system\Model.php(286): CodeIgniter\Database\BaseBuilder->get()
#5 F:\xammp\htdocs\ITE311-MALILAY\system\BaseModel.php(677): CodeIgniter\Model->doFindAll(0, 0)
#6 F:\xammp\htdocs\ITE311-MALILAY\app\Libraries\CompletionService.php(50): CodeIgniter\BaseModel->findAll()
#7 F:\xammp\htdocs\ITE311-MALILAY\app\Controllers\Auth.php(169): App\Libraries\CompletionService->checkAndUpdateCompletions()
#8 F:\xammp\htdocs\ITE311-MALILAY\system\CodeIgniter.php(933): App\Controllers\Auth->dashboard()
#9 F:\xammp\htdocs\ITE311-MALILAY\system\CodeIgniter.php(507): CodeIgniter\CodeIgniter->runController(Object(App\Controllers\Auth))
#10 F:\xammp\htdocs\ITE311-MALILAY\system\CodeIgniter.php(354): CodeIgniter\CodeIgniter->handleRequest(NULL, Object(Config\Cache), false)
#11 F:\xammp\htdocs\ITE311-MALILAY\system\Boot.php(363): CodeIgniter\CodeIgniter->run()
#12 F:\xammp\htdocs\ITE311-MALILAY\system\Boot.php(68): CodeIgniter\Boot::runCodeIgniter(Object(CodeIgniter\CodeIgniter))
#13 F:\xammp\htdocs\ITE311-MALILAY\index.php(88): CodeIgniter\Boot::bootWeb(Object(Config\Paths))
#14 {main}
ERROR - 2025-12-10 20:55:13 --> Error checking completions: Unknown column 'status' in 'where clause'
ERROR - 2025-12-10 20:55:13 --> mysqli_sql_exception: Unknown column 'status' in 'where clause' in F:\xammp\htdocs\ITE311-MALILAY\system\Database\MySQLi\Connection.php:327
Stack trace:
#0 F:\xammp\htdocs\ITE311-MALILAY\system\Database\MySQLi\Connection.php(327): mysqli->query('SELECT *\nFROM `...', 0)
#1 F:\xammp\htdocs\ITE311-MALILAY\system\Database\BaseConnection.php(729): CodeIgniter\Database\MySQLi\Connection->execute('SELECT *\nFROM `...')
#2 F:\xammp\htdocs\ITE311-MALILAY\system\Database\BaseConnection.php(646): CodeIgniter\Database\BaseConnection->simpleQuery('SELECT *\nFROM `...')
#3 F:\xammp\htdocs\ITE311-MALILAY\system\Database\BaseBuilder.php(1649): CodeIgniter\Database\BaseConnection->query('SELECT *\nFROM `...', Array, false)
#4 F:\xammp\htdocs\ITE311-MALILAY\system\Model.php(286): CodeIgniter\Database\BaseBuilder->get()
#5 F:\xammp\htdocs\ITE311-MALILAY\system\BaseModel.php(677): CodeIgniter\Model->doFindAll(0, 0)
#6 F:\xammp\htdocs\ITE311-MALILAY\app\Libraries\CompletionService.php(50): CodeIgniter\BaseModel->findAll()
#7 F:\xammp\htdocs\ITE311-MALILAY\app\Controllers\Auth.php(169): App\Libraries\CompletionService->checkAndUpdateCompletions()
#8 F:\xammp\htdocs\ITE311-MALILAY\system\CodeIgniter.php(933): App\Controllers\Auth->dashboard()
#9 F:\xammp\htdocs\ITE311-MALILAY\system\CodeIgniter.php(507): CodeIgniter\CodeIgniter->runController(Object(App\Controllers\Auth))
#10 F:\xammp\htdocs\ITE311-MALILAY\system\CodeIgniter.php(354): CodeIgniter\CodeIgniter->handleRequest(NULL, Object(Config\Cache), false)
#11 F:\xammp\htdocs\ITE311-MALILAY\system\Boot.php(363): CodeIgniter\CodeIgniter->run()
#12 F:\xammp\htdocs\ITE311-MALILAY\system\Boot.php(68): CodeIgniter\Boot::runCodeIgniter(Object(CodeIgniter\CodeIgniter))
#13 F:\xammp\htdocs\ITE311-MALILAY\index.php(88): CodeIgniter\Boot::bootWeb(Object(Config\Paths))
#14 {main}
ERROR - 2025-12-10 20:55:13 --> Error checking completions: Unknown column 'status' in 'where clause'
ERROR - 2025-12-10 20:55:13 --> mysqli_sql_exception: Unknown column 'status' in 'where clause' in F:\xammp\htdocs\ITE311-MALILAY\system\Database\MySQLi\Connection.php:327
Stack trace:
#0 F:\xammp\htdocs\ITE311-MALILAY\system\Database\MySQLi\Connection.php(327): mysqli->query('SELECT *\nFROM `...', 0)
#1 F:\xammp\htdocs\ITE311-MALILAY\system\Database\BaseConnection.php(729): CodeIgniter\Database\MySQLi\Connection->execute('SELECT *\nFROM `...')
#2 F:\xammp\htdocs\ITE311-MALILAY\system\Database\BaseConnection.php(646): CodeIgniter\Database\BaseConnection->simpleQuery('SELECT *\nFROM `...')
#3 F:\xammp\htdocs\ITE311-MALILAY\system\Database\BaseBuilder.php(1649): CodeIgniter\Database\BaseConnection->query('SELECT *\nFROM `...', Array, false)
#4 F:\xammp\htdocs\ITE311-MALILAY\system\Model.php(286): CodeIgniter\Database\BaseBuilder->get()
#5 F:\xammp\htdocs\ITE311-MALILAY\system\BaseModel.php(677): CodeIgniter\Model->doFindAll(0, 0)
#6 F:\xammp\htdocs\ITE311-MALILAY\app\Libraries\CompletionService.php(50): CodeIgniter\BaseModel->findAll()
#7 F:\xammp\htdocs\ITE311-MALILAY\app\Controllers\Auth.php(169): App\Libraries\CompletionService->checkAndUpdateCompletions()
#8 F:\xammp\htdocs\ITE311-MALILAY\system\CodeIgniter.php(933): App\Controllers\Auth->dashboard()
#9 F:\xammp\htdocs\ITE311-MALILAY\system\CodeIgniter.php(507): CodeIgniter\CodeIgniter->runController(Object(App\Controllers\Auth))
#10 F:\xammp\htdocs\ITE311-MALILAY\system\CodeIgniter.php(354): CodeIgniter\CodeIgniter->handleRequest(NULL, Object(Config\Cache), false)
#11 F:\xammp\htdocs\ITE311-MALILAY\system\Boot.php(363): CodeIgniter\CodeIgniter->run()
#12 F:\xammp\htdocs\ITE311-MALILAY\system\Boot.php(68): CodeIgniter\Boot::runCodeIgniter(Object(CodeIgniter\CodeIgniter))
#13 F:\xammp\htdocs\ITE311-MALILAY\index.php(88): CodeIgniter\Boot::bootWeb(Object(Config\Paths))
#14 {main}
ERROR - 2025-12-10 20:55:13 --> Error checking completions: Unknown column 'status' in 'where clause'
ERROR - 2025-12-10 20:55:14 --> mysqli_sql_exception: Unknown column 'status' in 'where clause' in F:\xammp\htdocs\ITE311-MALILAY\system\Database\MySQLi\Connection.php:327
Stack trace:
#0 F:\xammp\htdocs\ITE311-MALILAY\system\Database\MySQLi\Connection.php(327): mysqli->query('SELECT *\nFROM `...', 0)
#1 F:\xammp\htdocs\ITE311-MALILAY\system\Database\BaseConnection.php(729): CodeIgniter\Database\MySQLi\Connection->execute('SELECT *\nFROM `...')
#2 F:\xammp\htdocs\ITE311-MALILAY\system\Database\BaseConnection.php(646): CodeIgniter\Database\BaseConnection->simpleQuery('SELECT *\nFROM `...')
#3 F:\xammp\htdocs\ITE311-MALILAY\system\Database\BaseBuilder.php(1649): CodeIgniter\Database\BaseConnection->query('SELECT *\nFROM `...', Array, false)
#4 F:\xammp\htdocs\ITE311-MALILAY\system\Model.php(286): CodeIgniter\Database\BaseBuilder->get()
#5 F:\xammp\htdocs\ITE311-MALILAY\system\BaseModel.php(677): CodeIgniter\Model->doFindAll(0, 0)
#6 F:\xammp\htdocs\ITE311-MALILAY\app\Libraries\CompletionService.php(50): CodeIgniter\BaseModel->findAll()
#7 F:\xammp\htdocs\ITE311-MALILAY\app\Controllers\Auth.php(169): App\Libraries\CompletionService->checkAndUpdateCompletions()
#8 F:\xammp\htdocs\ITE311-MALILAY\system\CodeIgniter.php(933): App\Controllers\Auth->dashboard()
#9 F:\xammp\htdocs\ITE311-MALILAY\system\CodeIgniter.php(507): CodeIgniter\CodeIgniter->runController(Object(App\Controllers\Auth))
#10 F:\xammp\htdocs\ITE311-MALILAY\system\CodeIgniter.php(354): CodeIgniter\CodeIgniter->handleRequest(NULL, Object(Config\Cache), false)
#11 F:\xammp\htdocs\ITE311-MALILAY\system\Boot.php(363): CodeIgniter\CodeIgniter->run()
#12 F:\xammp\htdocs\ITE311-MALILAY\system\Boot.php(68): CodeIgniter\Boot::runCodeIgniter(Object(CodeIgniter\CodeIgniter))
#13 F:\xammp\htdocs\ITE311-MALILAY\index.php(88): CodeIgniter\Boot::bootWeb(Object(Config\Paths))
#14 {main}
ERROR - 2025-12-10 20:55:14 --> Error checking completions: Unknown column 'status' in 'where clause'
ERROR - 2025-12-10 20:55:15 --> mysqli_sql_exception: Unknown column 'status' in 'where clause' in F:\xammp\htdocs\ITE311-MALILAY\system\Database\MySQLi\Connection.php:327
Stack trace:
#0 F:\xammp\htdocs\ITE311-MALILAY\system\Database\MySQLi\Connection.php(327): mysqli->query('SELECT *\nFROM `...', 0)
#1 F:\xammp\htdocs\ITE311-MALILAY\system\Database\BaseConnection.php(729): CodeIgniter\Database\MySQLi\Connection->execute('SELECT *\nFROM `...')
#2 F:\xammp\htdocs\ITE311-MALILAY\system\Database\BaseConnection.php(646): CodeIgniter\Database\BaseConnection->simpleQuery('SELECT *\nFROM `...')
#3 F:\xammp\htdocs\ITE311-MALILAY\system\Database\BaseBuilder.php(1649): CodeIgniter\Database\BaseConnection->query('SELECT *\nFROM `...', Array, false)
#4 F:\xammp\htdocs\ITE311-MALILAY\system\Model.php(286): CodeIgniter\Database\BaseBuilder->get()
#5 F:\xammp\htdocs\ITE311-MALILAY\system\BaseModel.php(677): CodeIgniter\Model->doFindAll(0, 0)
#6 F:\xammp\htdocs\ITE311-MALILAY\app\Libraries\CompletionService.php(50): CodeIgniter\BaseModel->findAll()
#7 F:\xammp\htdocs\ITE311-MALILAY\app\Controllers\Auth.php(169): App\Libraries\CompletionService->checkAndUpdateCompletions()
#8 F:\xammp\htdocs\ITE311-MALILAY\system\CodeIgniter.php(933): App\Controllers\Auth->dashboard()
#9 F:\xammp\htdocs\ITE311-MALILAY\system\CodeIgniter.php(507): CodeIgniter\CodeIgniter->runController(Object(App\Controllers\Auth))
#10 F:\xammp\htdocs\ITE311-MALILAY\system\CodeIgniter.php(354): CodeIgniter\CodeIgniter->handleRequest(NULL, Object(Config\Cache), false)
#11 F:\xammp\htdocs\ITE311-MALILAY\system\Boot.php(363): CodeIgniter\CodeIgniter->run()
#12 F:\xammp\htdocs\ITE311-MALILAY\system\Boot.php(68): CodeIgniter\Boot::runCodeIgniter(Object(CodeIgniter\CodeIgniter))
#13 F:\xammp\htdocs\ITE311-MALILAY\index.php(88): CodeIgniter\Boot::bootWeb(Object(Config\Paths))
#14 {main}
ERROR - 2025-12-10 20:55:15 --> Error checking completions: Unknown column 'status' in 'where clause'
ERROR - 2025-12-10 20:55:15 --> mysqli_sql_exception: Unknown column 'status' in 'where clause' in F:\xammp\htdocs\ITE311-MALILAY\system\Database\MySQLi\Connection.php:327
Stack trace:
#0 F:\xammp\htdocs\ITE311-MALILAY\system\Database\MySQLi\Connection.php(327): mysqli->query('SELECT *\nFROM `...', 0)
#1 F:\xammp\htdocs\ITE311-MALILAY\system\Database\BaseConnection.php(729): CodeIgniter\Database\MySQLi\Connection->execute('SELECT *\nFROM `...')
#2 F:\xammp\htdocs\ITE311-MALILAY\system\Database\BaseConnection.php(646): CodeIgniter\Database\BaseConnection->simpleQuery('SELECT *\nFROM `...')
#3 F:\xammp\htdocs\ITE311-MALILAY\system\Database\BaseBuilder.php(1649): CodeIgniter\Database\BaseConnection->query('SELECT *\nFROM `...', Array, false)
#4 F:\xammp\htdocs\ITE311-MALILAY\system\Model.php(286): CodeIgniter\Database\BaseBuilder->get()
#5 F:\xammp\htdocs\ITE311-MALILAY\system\BaseModel.php(677): CodeIgniter\Model->doFindAll(0, 0)
#6 F:\xammp\htdocs\ITE311-MALILAY\app\Libraries\CompletionService.php(50): CodeIgniter\BaseModel->findAll()
#7 F:\xammp\htdocs\ITE311-MALILAY\app\Controllers\Auth.php(169): App\Libraries\CompletionService->checkAndUpdateCompletions()
#8 F:\xammp\htdocs\ITE311-MALILAY\system\CodeIgniter.php(933): App\Controllers\Auth->dashboard()
#9 F:\xammp\htdocs\ITE311-MALILAY\system\CodeIgniter.php(507): CodeIgniter\CodeIgniter->runController(Object(App\Controllers\Auth))
#10 F:\xammp\htdocs\ITE311-MALILAY\system\CodeIgniter.php(354): CodeIgniter\CodeIgniter->handleRequest(NULL, Object(Config\Cache), false)
#11 F:\xammp\htdocs\ITE311-MALILAY\system\Boot.php(363): CodeIgniter\CodeIgniter->run()
#12 F:\xammp\htdocs\ITE311-MALILAY\system\Boot.php(68): CodeIgniter\Boot::runCodeIgniter(Object(CodeIgniter\CodeIgniter))
#13 F:\xammp\htdocs\ITE311-MALILAY\index.php(88): CodeIgniter\Boot::bootWeb(Object(Config\Paths))
#14 {main}
ERROR - 2025-12-10 20:55:15 --> Error checking completions: Unknown column 'status' in 'where clause'
ERROR - 2025-12-10 20:55:15 --> mysqli_sql_exception: Unknown column 'status' in 'where clause' in F:\xammp\htdocs\ITE311-MALILAY\system\Database\MySQLi\Connection.php:327
Stack trace:
#0 F:\xammp\htdocs\ITE311-MALILAY\system\Database\MySQLi\Connection.php(327): mysqli->query('SELECT *\nFROM `...', 0)
#1 F:\xammp\htdocs\ITE311-MALILAY\system\Database\BaseConnection.php(729): CodeIgniter\Database\MySQLi\Connection->execute('SELECT *\nFROM `...')
#2 F:\xammp\htdocs\ITE311-MALILAY\system\Database\BaseConnection.php(646): CodeIgniter\Database\BaseConnection->simpleQuery('SELECT *\nFROM `...')
#3 F:\xammp\htdocs\ITE311-MALILAY\system\Database\BaseBuilder.php(1649): CodeIgniter\Database\BaseConnection->query('SELECT *\nFROM `...', Array, false)
#4 F:\xammp\htdocs\ITE311-MALILAY\system\Model.php(286): CodeIgniter\Database\BaseBuilder->get()
#5 F:\xammp\htdocs\ITE311-MALILAY\system\BaseModel.php(677): CodeIgniter\Model->doFindAll(0, 0)
#6 F:\xammp\htdocs\ITE311-MALILAY\app\Libraries\CompletionService.php(50): CodeIgniter\BaseModel->findAll()
#7 F:\xammp\htdocs\ITE311-MALILAY\app\Controllers\Auth.php(169): App\Libraries\CompletionService->checkAndUpdateCompletions()
#8 F:\xammp\htdocs\ITE311-MALILAY\system\CodeIgniter.php(933): App\Controllers\Auth->dashboard()
#9 F:\xammp\htdocs\ITE311-MALILAY\system\CodeIgniter.php(507): CodeIgniter\CodeIgniter->runController(Object(App\Controllers\Auth))
#10 F:\xammp\htdocs\ITE311-MALILAY\system\CodeIgniter.php(354): CodeIgniter\CodeIgniter->handleRequest(NULL, Object(Config\Cache), false)
#11 F:\xammp\htdocs\ITE311-MALILAY\system\Boot.php(363): CodeIgniter\CodeIgniter->run()
#12 F:\xammp\htdocs\ITE311-MALILAY\system\Boot.php(68): CodeIgniter\Boot::runCodeIgniter(Object(CodeIgniter\CodeIgniter))
#13 F:\xammp\htdocs\ITE311-MALILAY\index.php(88): CodeIgniter\Boot::bootWeb(Object(Config\Paths))
#14 {main}
ERROR - 2025-12-10 20:55:15 --> Error checking completions: Unknown column 'status' in 'where clause'
ERROR - 2025-12-10 20:55:16 --> mysqli_sql_exception: Unknown column 'status' in 'where clause' in F:\xammp\htdocs\ITE311-MALILAY\system\Database\MySQLi\Connection.php:327
Stack trace:
#0 F:\xammp\htdocs\ITE311-MALILAY\system\Database\MySQLi\Connection.php(327): mysqli->query('SELECT *\nFROM `...', 0)
#1 F:\xammp\htdocs\ITE311-MALILAY\system\Database\BaseConnection.php(729): CodeIgniter\Database\MySQLi\Connection->execute('SELECT *\nFROM `...')
#2 F:\xammp\htdocs\ITE311-MALILAY\system\Database\BaseConnection.php(646): CodeIgniter\Database\BaseConnection->simpleQuery('SELECT *\nFROM `...')
#3 F:\xammp\htdocs\ITE311-MALILAY\system\Database\BaseBuilder.php(1649): CodeIgniter\Database\BaseConnection->query('SELECT *\nFROM `...', Array, false)
#4 F:\xammp\htdocs\ITE311-MALILAY\system\Model.php(286): CodeIgniter\Database\BaseBuilder->get()
#5 F:\xammp\htdocs\ITE311-MALILAY\system\BaseModel.php(677): CodeIgniter\Model->doFindAll(0, 0)
#6 F:\xammp\htdocs\ITE311-MALILAY\app\Libraries\CompletionService.php(50): CodeIgniter\BaseModel->findAll()
#7 F:\xammp\htdocs\ITE311-MALILAY\app\Controllers\Auth.php(169): App\Libraries\CompletionService->checkAndUpdateCompletions()
#8 F:\xammp\htdocs\ITE311-MALILAY\system\CodeIgniter.php(933): App\Controllers\Auth->dashboard()
#9 F:\xammp\htdocs\ITE311-MALILAY\system\CodeIgniter.php(507): CodeIgniter\CodeIgniter->runController(Object(App\Controllers\Auth))
#10 F:\xammp\htdocs\ITE311-MALILAY\system\CodeIgniter.php(354): CodeIgniter\CodeIgniter->handleRequest(NULL, Object(Config\Cache), false)
#11 F:\xammp\htdocs\ITE311-MALILAY\system\Boot.php(363): CodeIgniter\CodeIgniter->run()
#12 F:\xammp\htdocs\ITE311-MALILAY\system\Boot.php(68): CodeIgniter\Boot::runCodeIgniter(Object(CodeIgniter\CodeIgniter))
#13 F:\xammp\htdocs\ITE311-MALILAY\index.php(88): CodeIgniter\Boot::bootWeb(Object(Config\Paths))
#14 {main}
ERROR - 2025-12-10 20:55:16 --> Error checking completions: Unknown column 'status' in 'where clause'
ERROR - 2025-12-10 20:55:16 --> mysqli_sql_exception: Unknown column 'status' in 'where clause' in F:\xammp\htdocs\ITE311-MALILAY\system\Database\MySQLi\Connection.php:327
Stack trace:
#0 F:\xammp\htdocs\ITE311-MALILAY\system\Database\MySQLi\Connection.php(327): mysqli->query('SELECT *\nFROM `...', 0)
#1 F:\xammp\htdocs\ITE311-MALILAY\system\Database\BaseConnection.php(729): CodeIgniter\Database\MySQLi\Connection->execute('SELECT *\nFROM `...')
#2 F:\xammp\htdocs\ITE311-MALILAY\system\Database\BaseConnection.php(646): CodeIgniter\Database\BaseConnection->simpleQuery('SELECT *\nFROM `...')
#3 F:\xammp\htdocs\ITE311-MALILAY\system\Database\BaseBuilder.php(1649): CodeIgniter\Database\BaseConnection->query('SELECT *\nFROM `...', Array, false)
#4 F:\xammp\htdocs\ITE311-MALILAY\system\Model.php(286): CodeIgniter\Database\BaseBuilder->get()
#5 F:\xammp\htdocs\ITE311-MALILAY\system\BaseModel.php(677): CodeIgniter\Model->doFindAll(0, 0)
#6 F:\xammp\htdocs\ITE311-MALILAY\app\Libraries\CompletionService.php(50): CodeIgniter\BaseModel->findAll()
#7 F:\xammp\htdocs\ITE311-MALILAY\app\Controllers\Auth.php(169): App\Libraries\CompletionService->checkAndUpdateCompletions()
#8 F:\xammp\htdocs\ITE311-MALILAY\system\CodeIgniter.php(933): App\Controllers\Auth->dashboard()
#9 F:\xammp\htdocs\ITE311-MALILAY\system\CodeIgniter.php(507): CodeIgniter\CodeIgniter->runController(Object(App\Controllers\Auth))
#10 F:\xammp\htdocs\ITE311-MALILAY\system\CodeIgniter.php(354): CodeIgniter\CodeIgniter->handleRequest(NULL, Object(Config\Cache), false)
#11 F:\xammp\htdocs\ITE311-MALILAY\system\Boot.php(363): CodeIgniter\CodeIgniter->run()
#12 F:\xammp\htdocs\ITE311-MALILAY\system\Boot.php(68): CodeIgniter\Boot::runCodeIgniter(Object(CodeIgniter\CodeIgniter))
#13 F:\xammp\htdocs\ITE311-MALILAY\index.php(88): CodeIgniter\Boot::bootWeb(Object(Config\Paths))
#14 {main}
ERROR - 2025-12-10 20:55:16 --> Error checking completions: Unknown column 'status' in 'where clause'
ERROR - 2025-12-10 20:55:17 --> mysqli_sql_exception: Unknown column 'status' in 'where clause' in F:\xammp\htdocs\ITE311-MALILAY\system\Database\MySQLi\Connection.php:327
Stack trace:
#0 F:\xammp\htdocs\ITE311-MALILAY\system\Database\MySQLi\Connection.php(327): mysqli->query('SELECT *\nFROM `...', 0)
#1 F:\xammp\htdocs\ITE311-MALILAY\system\Database\BaseConnection.php(729): CodeIgniter\Database\MySQLi\Connection->execute('SELECT *\nFROM `...')
#2 F:\xammp\htdocs\ITE311-MALILAY\system\Database\BaseConnection.php(646): CodeIgniter\Database\BaseConnection->simpleQuery('SELECT *\nFROM `...')
#3 F:\xammp\htdocs\ITE311-MALILAY\system\Database\BaseBuilder.php(1649): CodeIgniter\Database\BaseConnection->query('SELECT *\nFROM `...', Array, false)
#4 F:\xammp\htdocs\ITE311-MALILAY\system\Model.php(286): CodeIgniter\Database\BaseBuilder->get()
#5 F:\xammp\htdocs\ITE311-MALILAY\system\BaseModel.php(677): CodeIgniter\Model->doFindAll(0, 0)
#6 F:\xammp\htdocs\ITE311-MALILAY\app\Libraries\CompletionService.php(50): CodeIgniter\BaseModel->findAll()
#7 F:\xammp\htdocs\ITE311-MALILAY\app\Controllers\Auth.php(169): App\Libraries\CompletionService->checkAndUpdateCompletions()
#8 F:\xammp\htdocs\ITE311-MALILAY\system\CodeIgniter.php(933): App\Controllers\Auth->dashboard()
#9 F:\xammp\htdocs\ITE311-MALILAY\system\CodeIgniter.php(507): CodeIgniter\CodeIgniter->runController(Object(App\Controllers\Auth))
#10 F:\xammp\htdocs\ITE311-MALILAY\system\CodeIgniter.php(354): CodeIgniter\CodeIgniter->handleRequest(NULL, Object(Config\Cache), false)
#11 F:\xammp\htdocs\ITE311-MALILAY\system\Boot.php(363): CodeIgniter\CodeIgniter->run()
#12 F:\xammp\htdocs\ITE311-MALILAY\system\Boot.php(68): CodeIgniter\Boot::runCodeIgniter(Object(CodeIgniter\CodeIgniter))
#13 F:\xammp\htdocs\ITE311-MALILAY\index.php(88): CodeIgniter\Boot::bootWeb(Object(Config\Paths))
#14 {main}
ERROR - 2025-12-10 20:55:17 --> Error checking completions: Unknown column 'status' in 'where clause'
ERROR - 2025-12-10 20:55:17 --> mysqli_sql_exception: Unknown column 'status' in 'where clause' in F:\xammp\htdocs\ITE311-MALILAY\system\Database\MySQLi\Connection.php:327
Stack trace:
#0 F:\xammp\htdocs\ITE311-MALILAY\system\Database\MySQLi\Connection.php(327): mysqli->query('SELECT *\nFROM `...', 0)
#1 F:\xammp\htdocs\ITE311-MALILAY\system\Database\BaseConnection.php(729): CodeIgniter\Database\MySQLi\Connection->execute('SELECT *\nFROM `...')
#2 F:\xammp\htdocs\ITE311-MALILAY\system\Database\BaseConnection.php(646): CodeIgniter\Database\BaseConnection->simpleQuery('SELECT *\nFROM `...')
#3 F:\xammp\htdocs\ITE311-MALILAY\system\Database\BaseBuilder.php(1649): CodeIgniter\Database\BaseConnection->query('SELECT *\nFROM `...', Array, false)
#4 F:\xammp\htdocs\ITE311-MALILAY\system\Model.php(286): CodeIgniter\Database\BaseBuilder->get()
#5 F:\xammp\htdocs\ITE311-MALILAY\system\BaseModel.php(677): CodeIgniter\Model->doFindAll(0, 0)
#6 F:\xammp\htdocs\ITE311-MALILAY\app\Libraries\CompletionService.php(50): CodeIgniter\BaseModel->findAll()
#7 F:\xammp\htdocs\ITE311-MALILAY\app\Controllers\Auth.php(169): App\Libraries\CompletionService->checkAndUpdateCompletions()
#8 F:\xammp\htdocs\ITE311-MALILAY\system\CodeIgniter.php(933): App\Controllers\Auth->dashboard()
#9 F:\xammp\htdocs\ITE311-MALILAY\system\CodeIgniter.php(507): CodeIgniter\CodeIgniter->runController(Object(App\Controllers\Auth))
#10 F:\xammp\htdocs\ITE311-MALILAY\system\CodeIgniter.php(354): CodeIgniter\CodeIgniter->handleRequest(NULL, Object(Config\Cache), false)
#11 F:\xammp\htdocs\ITE311-MALILAY\system\Boot.php(363): CodeIgniter\CodeIgniter->run()
#12 F:\xammp\htdocs\ITE311-MALILAY\system\Boot.php(68): CodeIgniter\Boot::runCodeIgniter(Object(CodeIgniter\CodeIgniter))
#13 F:\xammp\htdocs\ITE311-MALILAY\index.php(88): CodeIgniter\Boot::bootWeb(Object(Config\Paths))
#14 {main}
ERROR - 2025-12-10 20:55:17 --> Error checking completions: Unknown column 'status' in 'where clause'
ERROR - 2025-12-10 20:55:18 --> mysqli_sql_exception: Unknown column 'status' in 'where clause' in F:\xammp\htdocs\ITE311-MALILAY\system\Database\MySQLi\Connection.php:327
Stack trace:
#0 F:\xammp\htdocs\ITE311-MALILAY\system\Database\MySQLi\Connection.php(327): mysqli->query('SELECT *\nFROM `...', 0)
#1 F:\xammp\htdocs\ITE311-MALILAY\system\Database\BaseConnection.php(729): CodeIgniter\Database\MySQLi\Connection->execute('SELECT *\nFROM `...')
#2 F:\xammp\htdocs\ITE311-MALILAY\system\Database\BaseConnection.php(646): CodeIgniter\Database\BaseConnection->simpleQuery('SELECT *\nFROM `...')
#3 F:\xammp\htdocs\ITE311-MALILAY\system\Database\BaseBuilder.php(1649): CodeIgniter\Database\BaseConnection->query('SELECT *\nFROM `...', Array, false)
#4 F:\xammp\htdocs\ITE311-MALILAY\system\Model.php(286): CodeIgniter\Database\BaseBuilder->get()
#5 F:\xammp\htdocs\ITE311-MALILAY\system\BaseModel.php(677): CodeIgniter\Model->doFindAll(0, 0)
#6 F:\xammp\htdocs\ITE311-MALILAY\app\Libraries\CompletionService.php(50): CodeIgniter\BaseModel->findAll()
#7 F:\xammp\htdocs\ITE311-MALILAY\app\Controllers\Auth.php(169): App\Libraries\CompletionService->checkAndUpdateCompletions()
#8 F:\xammp\htdocs\ITE311-MALILAY\system\CodeIgniter.php(933): App\Controllers\Auth->dashboard()
#9 F:\xammp\htdocs\ITE311-MALILAY\system\CodeIgniter.php(507): CodeIgniter\CodeIgniter->runController(Object(App\Controllers\Auth))
#10 F:\xammp\htdocs\ITE311-MALILAY\system\CodeIgniter.php(354): CodeIgniter\CodeIgniter->handleRequest(NULL, Object(Config\Cache), false)
#11 F:\xammp\htdocs\ITE311-MALILAY\system\Boot.php(363): CodeIgniter\CodeIgniter->run()
#12 F:\xammp\htdocs\ITE311-MALILAY\system\Boot.php(68): CodeIgniter\Boot::runCodeIgniter(Object(CodeIgniter\CodeIgniter))
#13 F:\xammp\htdocs\ITE311-MALILAY\index.php(88): CodeIgniter\Boot::bootWeb(Object(Config\Paths))
#14 {main}
ERROR - 2025-12-10 20:55:18 --> Error checking completions: Unknown column 'status' in 'where clause'
ERROR - 2025-12-10 20:55:19 --> mysqli_sql_exception: Unknown column 'status' in 'where clause' in F:\xammp\htdocs\ITE311-MALILAY\system\Database\MySQLi\Connection.php:327
Stack trace:
#0 F:\xammp\htdocs\ITE311-MALILAY\system\Database\MySQLi\Connection.php(327): mysqli->query('SELECT *\nFROM `...', 0)
#1 F:\xammp\htdocs\ITE311-MALILAY\system\Database\BaseConnection.php(729): CodeIgniter\Database\MySQLi\Connection->execute('SELECT *\nFROM `...')
#2 F:\xammp\htdocs\ITE311-MALILAY\system\Database\BaseConnection.php(646): CodeIgniter\Database\BaseConnection->simpleQuery('SELECT *\nFROM `...')
#3 F:\xammp\htdocs\ITE311-MALILAY\system\Database\BaseBuilder.php(1649): CodeIgniter\Database\BaseConnection->query('SELECT *\nFROM `...', Array, false)
#4 F:\xammp\htdocs\ITE311-MALILAY\system\Model.php(286): CodeIgniter\Database\BaseBuilder->get()
#5 F:\xammp\htdocs\ITE311-MALILAY\system\BaseModel.php(677): CodeIgniter\Model->doFindAll(0, 0)
#6 F:\xammp\htdocs\ITE311-MALILAY\app\Libraries\CompletionService.php(50): CodeIgniter\BaseModel->findAll()
#7 F:\xammp\htdocs\ITE311-MALILAY\app\Controllers\Auth.php(169): App\Libraries\CompletionService->checkAndUpdateCompletions()
#8 F:\xammp\htdocs\ITE311-MALILAY\system\CodeIgniter.php(933): App\Controllers\Auth->dashboard()
#9 F:\xammp\htdocs\ITE311-MALILAY\system\CodeIgniter.php(507): CodeIgniter\CodeIgniter->runController(Object(App\Controllers\Auth))
#10 F:\xammp\htdocs\ITE311-MALILAY\system\CodeIgniter.php(354): CodeIgniter\CodeIgniter->handleRequest(NULL, Object(Config\Cache), false)
#11 F:\xammp\htdocs\ITE311-MALILAY\system\Boot.php(363): CodeIgniter\CodeIgniter->run()
#12 F:\xammp\htdocs\ITE311-MALILAY\system\Boot.php(68): CodeIgniter\Boot::runCodeIgniter(Object(CodeIgniter\CodeIgniter))
#13 F:\xammp\htdocs\ITE311-MALILAY\index.php(88): CodeIgniter\Boot::bootWeb(Object(Config\Paths))
#14 {main}
ERROR - 2025-12-10 20:55:19 --> Error checking completions: Unknown column 'status' in 'where clause'
ERROR - 2025-12-10 20:55:20 --> mysqli_sql_exception: Unknown column 'status' in 'where clause' in F:\xammp\htdocs\ITE311-MALILAY\system\Database\MySQLi\Connection.php:327
Stack trace:
#0 F:\xammp\htdocs\ITE311-MALILAY\system\Database\MySQLi\Connection.php(327): mysqli->query('SELECT *\nFROM `...', 0)
#1 F:\xammp\htdocs\ITE311-MALILAY\system\Database\BaseConnection.php(729): CodeIgniter\Database\MySQLi\Connection->execute('SELECT *\nFROM `...')
#2 F:\xammp\htdocs\ITE311-MALILAY\system\Database\BaseConnection.php(646): CodeIgniter\Database\BaseConnection->simpleQuery('SELECT *\nFROM `...')
#3 F:\xammp\htdocs\ITE311-MALILAY\system\Database\BaseBuilder.php(1649): CodeIgniter\Database\BaseConnection->query('SELECT *\nFROM `...', Array, false)
#4 F:\xammp\htdocs\ITE311-MALILAY\system\Model.php(286): CodeIgniter\Database\BaseBuilder->get()
#5 F:\xammp\htdocs\ITE311-MALILAY\system\BaseModel.php(677): CodeIgniter\Model->doFindAll(0, 0)
#6 F:\xammp\htdocs\ITE311-MALILAY\app\Libraries\CompletionService.php(50): CodeIgniter\BaseModel->findAll()
#7 F:\xammp\htdocs\ITE311-MALILAY\app\Controllers\Auth.php(169): App\Libraries\CompletionService->checkAndUpdateCompletions()
#8 F:\xammp\htdocs\ITE311-MALILAY\system\CodeIgniter.php(933): App\Controllers\Auth->dashboard()
#9 F:\xammp\htdocs\ITE311-MALILAY\system\CodeIgniter.php(507): CodeIgniter\CodeIgniter->runController(Object(App\Controllers\Auth))
#10 F:\xammp\htdocs\ITE311-MALILAY\system\CodeIgniter.php(354): CodeIgniter\CodeIgniter->handleRequest(NULL, Object(Config\Cache), false)
#11 F:\xammp\htdocs\ITE311-MALILAY\system\Boot.php(363): CodeIgniter\CodeIgniter->run()
#12 F:\xammp\htdocs\ITE311-MALILAY\system\Boot.php(68): CodeIgniter\Boot::runCodeIgniter(Object(CodeIgniter\CodeIgniter))
#13 F:\xammp\htdocs\ITE311-MALILAY\index.php(88): CodeIgniter\Boot::bootWeb(Object(Config\Paths))
#14 {main}
ERROR - 2025-12-10 20:55:20 --> Error checking completions: Unknown column 'status' in 'where clause'
ERROR - 2025-12-10 20:55:20 --> mysqli_sql_exception: Unknown column 'status' in 'where clause' in F:\xammp\htdocs\ITE311-MALILAY\system\Database\MySQLi\Connection.php:327
Stack trace:
#0 F:\xammp\htdocs\ITE311-MALILAY\system\Database\MySQLi\Connection.php(327): mysqli->query('SELECT *\nFROM `...', 0)
#1 F:\xammp\htdocs\ITE311-MALILAY\system\Database\BaseConnection.php(729): CodeIgniter\Database\MySQLi\Connection->execute('SELECT *\nFROM `...')
#2 F:\xammp\htdocs\ITE311-MALILAY\system\Database\BaseConnection.php(646): CodeIgniter\Database\BaseConnection->simpleQuery('SELECT *\nFROM `...')
#3 F:\xammp\htdocs\ITE311-MALILAY\system\Database\BaseBuilder.php(1649): CodeIgniter\Database\BaseConnection->query('SELECT *\nFROM `...', Array, false)
#4 F:\xammp\htdocs\ITE311-MALILAY\system\Model.php(286): CodeIgniter\Database\BaseBuilder->get()
#5 F:\xammp\htdocs\ITE311-MALILAY\system\BaseModel.php(677): CodeIgniter\Model->doFindAll(0, 0)
#6 F:\xammp\htdocs\ITE311-MALILAY\app\Libraries\CompletionService.php(50): CodeIgniter\BaseModel->findAll()
#7 F:\xammp\htdocs\ITE311-MALILAY\app\Controllers\Auth.php(169): App\Libraries\CompletionService->checkAndUpdateCompletions()
#8 F:\xammp\htdocs\ITE311-MALILAY\system\CodeIgniter.php(933): App\Controllers\Auth->dashboard()
#9 F:\xammp\htdocs\ITE311-MALILAY\system\CodeIgniter.php(507): CodeIgniter\CodeIgniter->runController(Object(App\Controllers\Auth))
#10 F:\xammp\htdocs\ITE311-MALILAY\system\CodeIgniter.php(354): CodeIgniter\CodeIgniter->handleRequest(NULL, Object(Config\Cache), false)
#11 F:\xammp\htdocs\ITE311-MALILAY\system\Boot.php(363): CodeIgniter\CodeIgniter->run()
#12 F:\xammp\htdocs\ITE311-MALILAY\system\Boot.php(68): CodeIgniter\Boot::runCodeIgniter(Object(CodeIgniter\CodeIgniter))
#13 F:\xammp\htdocs\ITE311-MALILAY\index.php(88): CodeIgniter\Boot::bootWeb(Object(Config\Paths))
#14 {main}
ERROR - 2025-12-10 20:55:20 --> Error checking completions: Unknown column 'status' in 'where clause'
ERROR - 2025-12-10 20:55:21 --> mysqli_sql_exception: Unknown column 'status' in 'where clause' in F:\xammp\htdocs\ITE311-MALILAY\system\Database\MySQLi\Connection.php:327
Stack trace:
#0 F:\xammp\htdocs\ITE311-MALILAY\system\Database\MySQLi\Connection.php(327): mysqli->query('SELECT *\nFROM `...', 0)
#1 F:\xammp\htdocs\ITE311-MALILAY\system\Database\BaseConnection.php(729): CodeIgniter\Database\MySQLi\Connection->execute('SELECT *\nFROM `...')
#2 F:\xammp\htdocs\ITE311-MALILAY\system\Database\BaseConnection.php(646): CodeIgniter\Database\BaseConnection->simpleQuery('SELECT *\nFROM `...')
#3 F:\xammp\htdocs\ITE311-MALILAY\system\Database\BaseBuilder.php(1649): CodeIgniter\Database\BaseConnection->query('SELECT *\nFROM `...', Array, false)
#4 F:\xammp\htdocs\ITE311-MALILAY\system\Model.php(286): CodeIgniter\Database\BaseBuilder->get()
#5 F:\xammp\htdocs\ITE311-MALILAY\system\BaseModel.php(677): CodeIgniter\Model->doFindAll(0, 0)
#6 F:\xammp\htdocs\ITE311-MALILAY\app\Libraries\CompletionService.php(50): CodeIgniter\BaseModel->findAll()
#7 F:\xammp\htdocs\ITE311-MALILAY\app\Controllers\Auth.php(169): App\Libraries\CompletionService->checkAndUpdateCompletions()
#8 F:\xammp\htdocs\ITE311-MALILAY\system\CodeIgniter.php(933): App\Controllers\Auth->dashboard()
#9 F:\xammp\htdocs\ITE311-MALILAY\system\CodeIgniter.php(507): CodeIgniter\CodeIgniter->runController(Object(App\Controllers\Auth))
#10 F:\xammp\htdocs\ITE311-MALILAY\system\CodeIgniter.php(354): CodeIgniter\CodeIgniter->handleRequest(NULL, Object(Config\Cache), false)
#11 F:\xammp\htdocs\ITE311-MALILAY\system\Boot.php(363): CodeIgniter\CodeIgniter->run()
#12 F:\xammp\htdocs\ITE311-MALILAY\system\Boot.php(68): CodeIgniter\Boot::runCodeIgniter(Object(CodeIgniter\CodeIgniter))
#13 F:\xammp\htdocs\ITE311-MALILAY\index.php(88): CodeIgniter\Boot::bootWeb(Object(Config\Paths))
#14 {main}
ERROR - 2025-12-10 20:55:21 --> Error checking completions: Unknown column 'status' in 'where clause'
ERROR - 2025-12-10 20:55:22 --> mysqli_sql_exception: Unknown column 'status' in 'where clause' in F:\xammp\htdocs\ITE311-MALILAY\system\Database\MySQLi\Connection.php:327
Stack trace:
#0 F:\xammp\htdocs\ITE311-MALILAY\system\Database\MySQLi\Connection.php(327): mysqli->query('SELECT *\nFROM `...', 0)
#1 F:\xammp\htdocs\ITE311-MALILAY\system\Database\BaseConnection.php(729): CodeIgniter\Database\MySQLi\Connection->execute('SELECT *\nFROM `...')
#2 F:\xammp\htdocs\ITE311-MALILAY\system\Database\BaseConnection.php(646): CodeIgniter\Database\BaseConnection->simpleQuery('SELECT *\nFROM `...')
#3 F:\xammp\htdocs\ITE311-MALILAY\system\Database\BaseBuilder.php(1649): CodeIgniter\Database\BaseConnection->query('SELECT *\nFROM `...', Array, false)
#4 F:\xammp\htdocs\ITE311-MALILAY\system\Model.php(286): CodeIgniter\Database\BaseBuilder->get()
#5 F:\xammp\htdocs\ITE311-MALILAY\system\BaseModel.php(677): CodeIgniter\Model->doFindAll(0, 0)
#6 F:\xammp\htdocs\ITE311-MALILAY\app\Libraries\CompletionService.php(50): CodeIgniter\BaseModel->findAll()
#7 F:\xammp\htdocs\ITE311-MALILAY\app\Controllers\Auth.php(169): App\Libraries\CompletionService->checkAndUpdateCompletions()
#8 F:\xammp\htdocs\ITE311-MALILAY\system\CodeIgniter.php(933): App\Controllers\Auth->dashboard()
#9 F:\xammp\htdocs\ITE311-MALILAY\system\CodeIgniter.php(507): CodeIgniter\CodeIgniter->runController(Object(App\Controllers\Auth))
#10 F:\xammp\htdocs\ITE311-MALILAY\system\CodeIgniter.php(354): CodeIgniter\CodeIgniter->handleRequest(NULL, Object(Config\Cache), false)
#11 F:\xammp\htdocs\ITE311-MALILAY\system\Boot.php(363): CodeIgniter\CodeIgniter->run()
#12 F:\xammp\htdocs\ITE311-MALILAY\system\Boot.php(68): CodeIgniter\Boot::runCodeIgniter(Object(CodeIgniter\CodeIgniter))
#13 F:\xammp\htdocs\ITE311-MALILAY\index.php(88): CodeIgniter\Boot::bootWeb(Object(Config\Paths))
#14 {main}
ERROR - 2025-12-10 20:55:22 --> Error checking completions: Unknown column 'status' in 'where clause'
ERROR - 2025-12-10 20:55:22 --> mysqli_sql_exception: Unknown column 'status' in 'where clause' in F:\xammp\htdocs\ITE311-MALILAY\system\Database\MySQLi\Connection.php:327
Stack trace:
#0 F:\xammp\htdocs\ITE311-MALILAY\system\Database\MySQLi\Connection.php(327): mysqli->query('SELECT *\nFROM `...', 0)
#1 F:\xammp\htdocs\ITE311-MALILAY\system\Database\BaseConnection.php(729): CodeIgniter\Database\MySQLi\Connection->execute('SELECT *\nFROM `...')
#2 F:\xammp\htdocs\ITE311-MALILAY\system\Database\BaseConnection.php(646): CodeIgniter\Database\BaseConnection->simpleQuery('SELECT *\nFROM `...')
#3 F:\xammp\htdocs\ITE311-MALILAY\system\Database\BaseBuilder.php(1649): CodeIgniter\Database\BaseConnection->query('SELECT *\nFROM `...', Array, false)
#4 F:\xammp\htdocs\ITE311-MALILAY\system\Model.php(286): CodeIgniter\Database\BaseBuilder->get()
#5 F:\xammp\htdocs\ITE311-MALILAY\system\BaseModel.php(677): CodeIgniter\Model->doFindAll(0, 0)
#6 F:\xammp\htdocs\ITE311-MALILAY\app\Libraries\CompletionService.php(50): CodeIgniter\BaseModel->findAll()
#7 F:\xammp\htdocs\ITE311-MALILAY\app\Controllers\Auth.php(169): App\Libraries\CompletionService->checkAndUpdateCompletions()
#8 F:\xammp\htdocs\ITE311-MALILAY\system\CodeIgniter.php(933): App\Controllers\Auth->dashboard()
#9 F:\xammp\htdocs\ITE311-MALILAY\system\CodeIgniter.php(507): CodeIgniter\CodeIgniter->runController(Object(App\Controllers\Auth))
#10 F:\xammp\htdocs\ITE311-MALILAY\system\CodeIgniter.php(354): CodeIgniter\CodeIgniter->handleRequest(NULL, Object(Config\Cache), false)
#11 F:\xammp\htdocs\ITE311-MALILAY\system\Boot.php(363): CodeIgniter\CodeIgniter->run()
#12 F:\xammp\htdocs\ITE311-MALILAY\system\Boot.php(68): CodeIgniter\Boot::runCodeIgniter(Object(CodeIgniter\CodeIgniter))
#13 F:\xammp\htdocs\ITE311-MALILAY\index.php(88): CodeIgniter\Boot::bootWeb(Object(Config\Paths))
#14 {main}
ERROR - 2025-12-10 20:55:22 --> Error checking completions: Unknown column 'status' in 'where clause'
ERROR - 2025-12-10 20:55:22 --> mysqli_sql_exception: Unknown column 'status' in 'where clause' in F:\xammp\htdocs\ITE311-MALILAY\system\Database\MySQLi\Connection.php:327
Stack trace:
#0 F:\xammp\htdocs\ITE311-MALILAY\system\Database\MySQLi\Connection.php(327): mysqli->query('SELECT *\nFROM `...', 0)
#1 F:\xammp\htdocs\ITE311-MALILAY\system\Database\BaseConnection.php(729): CodeIgniter\Database\MySQLi\Connection->execute('SELECT *\nFROM `...')
#2 F:\xammp\htdocs\ITE311-MALILAY\system\Database\BaseConnection.php(646): CodeIgniter\Database\BaseConnection->simpleQuery('SELECT *\nFROM `...')
#3 F:\xammp\htdocs\ITE311-MALILAY\system\Database\BaseBuilder.php(1649): CodeIgniter\Database\BaseConnection->query('SELECT *\nFROM `...', Array, false)
#4 F:\xammp\htdocs\ITE311-MALILAY\system\Model.php(286): CodeIgniter\Database\BaseBuilder->get()
#5 F:\xammp\htdocs\ITE311-MALILAY\system\BaseModel.php(677): CodeIgniter\Model->doFindAll(0, 0)
#6 F:\xammp\htdocs\ITE311-MALILAY\app\Libraries\CompletionService.php(50): CodeIgniter\BaseModel->findAll()
#7 F:\xammp\htdocs\ITE311-MALILAY\app\Controllers\Auth.php(169): App\Libraries\CompletionService->checkAndUpdateCompletions()
#8 F:\xammp\htdocs\ITE311-MALILAY\system\CodeIgniter.php(933): App\Controllers\Auth->dashboard()
#9 F:\xammp\htdocs\ITE311-MALILAY\system\CodeIgniter.php(507): CodeIgniter\CodeIgniter->runController(Object(App\Controllers\Auth))
#10 F:\xammp\htdocs\ITE311-MALILAY\system\CodeIgniter.php(354): CodeIgniter\CodeIgniter->handleRequest(NULL, Object(Config\Cache), false)
#11 F:\xammp\htdocs\ITE311-MALILAY\system\Boot.php(363): CodeIgniter\CodeIgniter->run()
#12 F:\xammp\htdocs\ITE311-MALILAY\system\Boot.php(68): CodeIgniter\Boot::runCodeIgniter(Object(CodeIgniter\CodeIgniter))
#13 F:\xammp\htdocs\ITE311-MALILAY\index.php(88): CodeIgniter\Boot::bootWeb(Object(Config\Paths))
#14 {main}
ERROR - 2025-12-10 20:55:22 --> Error checking completions: Unknown column 'status' in 'where clause'
ERROR - 2025-12-10 20:55:23 --> mysqli_sql_exception: Unknown column 'status' in 'where clause' in F:\xammp\htdocs\ITE311-MALILAY\system\Database\MySQLi\Connection.php:327
Stack trace:
#0 F:\xammp\htdocs\ITE311-MALILAY\system\Database\MySQLi\Connection.php(327): mysqli->query('SELECT *\nFROM `...', 0)
#1 F:\xammp\htdocs\ITE311-MALILAY\system\Database\BaseConnection.php(729): CodeIgniter\Database\MySQLi\Connection->execute('SELECT *\nFROM `...')
#2 F:\xammp\htdocs\ITE311-MALILAY\system\Database\BaseConnection.php(646): CodeIgniter\Database\BaseConnection->simpleQuery('SELECT *\nFROM `...')
#3 F:\xammp\htdocs\ITE311-MALILAY\system\Database\BaseBuilder.php(1649): CodeIgniter\Database\BaseConnection->query('SELECT *\nFROM `...', Array, false)
#4 F:\xammp\htdocs\ITE311-MALILAY\system\Model.php(286): CodeIgniter\Database\BaseBuilder->get()
#5 F:\xammp\htdocs\ITE311-MALILAY\system\BaseModel.php(677): CodeIgniter\Model->doFindAll(0, 0)
#6 F:\xammp\htdocs\ITE311-MALILAY\app\Libraries\CompletionService.php(50): CodeIgniter\BaseModel->findAll()
#7 F:\xammp\htdocs\ITE311-MALILAY\app\Controllers\Auth.php(169): App\Libraries\CompletionService->checkAndUpdateCompletions()
#8 F:\xammp\htdocs\ITE311-MALILAY\system\CodeIgniter.php(933): App\Controllers\Auth->dashboard()
#9 F:\xammp\htdocs\ITE311-MALILAY\system\CodeIgniter.php(507): CodeIgniter\CodeIgniter->runController(Object(App\Controllers\Auth))
#10 F:\xammp\htdocs\ITE311-MALILAY\system\CodeIgniter.php(354): CodeIgniter\CodeIgniter->handleRequest(NULL, Object(Config\Cache), false)
#11 F:\xammp\htdocs\ITE311-MALILAY\system\Boot.php(363): CodeIgniter\CodeIgniter->run()
#12 F:\xammp\htdocs\ITE311-MALILAY\system\Boot.php(68): CodeIgniter\Boot::runCodeIgniter(Object(CodeIgniter\CodeIgniter))
#13 F:\xammp\htdocs\ITE311-MALILAY\index.php(88): CodeIgniter\Boot::bootWeb(Object(Config\Paths))
#14 {main}
ERROR - 2025-12-10 20:55:23 --> Error checking completions: Unknown column 'status' in 'where clause'
ERROR - 2025-12-10 20:55:24 --> mysqli_sql_exception: Unknown column 'status' in 'where clause' in F:\xammp\htdocs\ITE311-MALILAY\system\Database\MySQLi\Connection.php:327
Stack trace:
#0 F:\xammp\htdocs\ITE311-MALILAY\system\Database\MySQLi\Connection.php(327): mysqli->query('SELECT *\nFROM `...', 0)
#1 F:\xammp\htdocs\ITE311-MALILAY\system\Database\BaseConnection.php(729): CodeIgniter\Database\MySQLi\Connection->execute('SELECT *\nFROM `...')
#2 F:\xammp\htdocs\ITE311-MALILAY\system\Database\BaseConnection.php(646): CodeIgniter\Database\BaseConnection->simpleQuery('SELECT *\nFROM `...')
#3 F:\xammp\htdocs\ITE311-MALILAY\system\Database\BaseBuilder.php(1649): CodeIgniter\Database\BaseConnection->query('SELECT *\nFROM `...', Array, false)
#4 F:\xammp\htdocs\ITE311-MALILAY\system\Model.php(286): CodeIgniter\Database\BaseBuilder->get()
#5 F:\xammp\htdocs\ITE311-MALILAY\system\BaseModel.php(677): CodeIgniter\Model->doFindAll(0, 0)
#6 F:\xammp\htdocs\ITE311-MALILAY\app\Libraries\CompletionService.php(50): CodeIgniter\BaseModel->findAll()
#7 F:\xammp\htdocs\ITE311-MALILAY\app\Controllers\Auth.php(169): App\Libraries\CompletionService->checkAndUpdateCompletions()
#8 F:\xammp\htdocs\ITE311-MALILAY\system\CodeIgniter.php(933): App\Controllers\Auth->dashboard()
#9 F:\xammp\htdocs\ITE311-MALILAY\system\CodeIgniter.php(507): CodeIgniter\CodeIgniter->runController(Object(App\Controllers\Auth))
#10 F:\xammp\htdocs\ITE311-MALILAY\system\CodeIgniter.php(354): CodeIgniter\CodeIgniter->handleRequest(NULL, Object(Config\Cache), false)
#11 F:\xammp\htdocs\ITE311-MALILAY\system\Boot.php(363): CodeIgniter\CodeIgniter->run()
#12 F:\xammp\htdocs\ITE311-MALILAY\system\Boot.php(68): CodeIgniter\Boot::runCodeIgniter(Object(CodeIgniter\CodeIgniter))
#13 F:\xammp\htdocs\ITE311-MALILAY\index.php(88): CodeIgniter\Boot::bootWeb(Object(Config\Paths))
#14 {main}
ERROR - 2025-12-10 20:55:24 --> Error checking completions: Unknown column 'status' in 'where clause'
ERROR - 2025-12-10 20:55:26 --> mysqli_sql_exception: Unknown column 'status' in 'where clause' in F:\xammp\htdocs\ITE311-MALILAY\system\Database\MySQLi\Connection.php:327
Stack trace:
#0 F:\xammp\htdocs\ITE311-MALILAY\system\Database\MySQLi\Connection.php(327): mysqli->query('SELECT *\nFROM `...', 0)
#1 F:\xammp\htdocs\ITE311-MALILAY\system\Database\BaseConnection.php(729): CodeIgniter\Database\MySQLi\Connection->execute('SELECT *\nFROM `...')
#2 F:\xammp\htdocs\ITE311-MALILAY\system\Database\BaseConnection.php(646): CodeIgniter\Database\BaseConnection->simpleQuery('SELECT *\nFROM `...')
#3 F:\xammp\htdocs\ITE311-MALILAY\system\Database\BaseBuilder.php(1649): CodeIgniter\Database\BaseConnection->query('SELECT *\nFROM `...', Array, false)
#4 F:\xammp\htdocs\ITE311-MALILAY\system\Model.php(286): CodeIgniter\Database\BaseBuilder->get()
#5 F:\xammp\htdocs\ITE311-MALILAY\system\BaseModel.php(677): CodeIgniter\Model->doFindAll(0, 0)
#6 F:\xammp\htdocs\ITE311-MALILAY\app\Libraries\CompletionService.php(50): CodeIgniter\BaseModel->findAll()
#7 F:\xammp\htdocs\ITE311-MALILAY\app\Controllers\Auth.php(169): App\Libraries\CompletionService->checkAndUpdateCompletions()
#8 F:\xammp\htdocs\ITE311-MALILAY\system\CodeIgniter.php(933): App\Controllers\Auth->dashboard()
#9 F:\xammp\htdocs\ITE311-MALILAY\system\CodeIgniter.php(507): CodeIgniter\CodeIgniter->runController(Object(App\Controllers\Auth))
#10 F:\xammp\htdocs\ITE311-MALILAY\system\CodeIgniter.php(354): CodeIgniter\CodeIgniter->handleRequest(NULL, Object(Config\Cache), false)
#11 F:\xammp\htdocs\ITE311-MALILAY\system\Boot.php(363): CodeIgniter\CodeIgniter->run()
#12 F:\xammp\htdocs\ITE311-MALILAY\system\Boot.php(68): CodeIgniter\Boot::runCodeIgniter(Object(CodeIgniter\CodeIgniter))
#13 F:\xammp\htdocs\ITE311-MALILAY\index.php(88): CodeIgniter\Boot::bootWeb(Object(Config\Paths))
#14 {main}
ERROR - 2025-12-10 20:55:26 --> Error checking completions: Unknown column 'status' in 'where clause'
CRITICAL - 2025-12-10 21:18:55 --> Error: Object of class CodeIgniter\HTTP\RedirectResponse could not be converted to string
[Method: GET, Route: public/]
in SYSTEMPATH\CodeIgniter.php on line 957.
 1 SYSTEMPATH\CodeIgniter.php(360): CodeIgniter\CodeIgniter->display404errors(Object(CodeIgniter\Exceptions\PageNotFoundException))
 2 SYSTEMPATH\Boot.php(363): CodeIgniter\CodeIgniter->run()
 3 SYSTEMPATH\Boot.php(68): CodeIgniter\Boot::runCodeIgniter(Object(CodeIgniter\CodeIgniter))
 4 FCPATH\index.php(88): CodeIgniter\Boot::bootWeb(Object(Config\Paths))
